날짜,연도,월,구분,내용,출처/비고
1974-11-10,1974,11,창립,제일한인침례교회(FKBC) 창립. 제1대 담임목사 김현철 목사. 101명 성인과 35명 아이들이 Kensington Baptist Church에 모여 창립예배,50주년 역사벽
1983-08-27,1983,8,목회자 부임,제2대 담임목사 이동원 목사 부임,50주년 역사벽
1984,,8,선교,제1차 단기선교(MET 84) - 13명이 스리랑카·태국·필리핀·한국 등 아시아 파송. 스리랑카 Gampaha·필리핀 Condobo에 교회 개척,50주년 역사벽
1986-05-26,1986,5,선교/훈련,첫 KOSTA(북미주유학생수련회) 개최 - FKBC가 북미 KOSTA 조직 및 지원,50주년 역사벽
1987,,,특별행사,노래하는 성탄 트리(Singing Christmas Tree) - 한국교회 최초 공연,50주년 역사벽
1987,,,훈련,전도폭발(EE) 훈련 시작,50주년 역사벽 (2024년 기준 73기 진행 중)
1989-08-25,1989,8,훈련,전도폭발 지도자 임상훈련 개최 (8/25~29),50주년 역사벽
1989-12-09,1989,12,건축,새성전 증축 착공예배 (12/9/1989~12/6/1992),50주년 역사벽
1991-05-15,1991,5,건축,다목적 대강당 완공 및 입당예배,50주년 역사벽
1991-10-29,1991,10,사역,중보기도사역 시작,50주년 역사벽
1992-12-06,1992,12,건축,새성전(본당+다목적강당+선교훈련관) 헌당예배,50주년 역사벽
1993-09-13,1993,9,비전,비전2000 선포 - 한국지구촌교회와 동일 방향의 교회 세우는 비전 승인. 교회명 '워싱턴지구촌교회'로 변경,50주년 역사벽
1993-11-07,1993,11,목회자 부임,제3대 담임목사 김만풍 목사 부임,50주년 역사벽
1994-02-24,1994,2,목회,김만풍 목사(한국지구촌교회)와 이동원 목사(워싱턴지구촌교회) 교차 사역 시작,50주년 역사벽
1996-10-01,1996,10,사역,셀교회 사역 시작 (이후 목장사역으로 발전),50주년 역사벽
1999-05-15,1999,5,특별행사,사랑의 순례(Pilgrimage of Love),50주년 역사벽
2000-01-01,2000,1,비전,비전2010 선포 - 2010년까지 등록교인 5천명·평신도 사역자 500명·장기선교사 50명·교회 개척 목표,50주년 역사벽
2000-08-18,2000,8,개척,시애틀지구촌교회 개척,50주년 역사벽
2000-12-17,2000,12,개척,볼티모어지구촌교회 개척,50주년 역사벽
2001-04-08,2001,4,사역,국제사역(International Ministry) 시작,50주년 역사벽
2020-10-10,2020,10,예배,팬데믹 기간 온라인 예배 후 대면예배 재개,50주년 역사벽
2004-03-04,2004,3,건축,비전센터 부지 구입 - 프레드릭 카운티·몽고메리 카운티 부지 $1.2M 매입 (비전2010 일환),50주년 역사벽
2004-05-01,2004,5,훈련,목적이 이끄는 삶(Purpose-Driven Life) 전교인 캠페인,50주년 역사벽
2004-07-02,2004,7,행정,교회명 변경 및 사역원 제도에서 팀사역 모델 전환,50주년 역사벽
2005-01-05,2005,1,기타행사,"전교인 가을 대청소 : 일시: 1/5(토) 8:00am-2:00pm 주관: 시설관리부 작업 안내/문의: 최영섭 집사(301-330-1592, 화단 정리, 건물 안팍 청결 정리)",주보 (2005-10-23)
2005-01-23,2005,1,선교,페루단기선교팀 모집 : 기간: 1/23/2006(월)-2/4/2006(토) 신청마감: 10/30(주일) 문의: 윤여권 장로(301-983-0867),주보 (2005-10-23)
2005-03-06,2005,3,기타행사,"상담학교: 일시: 3/6, 3/13 1:15-4:00pm 주제: 편안한 상담자 강사: 김만풍 목사, 방춘원 집사 장소: 아가페채플 대상: 전교인",주보 (2005-03-06)
2005-03-09,2005,3,부흥회/집회,"셀목자 수요모임 : 인도: 김만풍 목사 일 정 내 용 3/9, 3/16, 3/23 큰교회, 작은교회, 예배하는 교회 4/20 셀 부흥회주간 특별 모임 6/1 새생명축제 준비 모임 7/13, 7/20, 7/27 주제는 추후 공고",주보 (2005-03-06)
2005-03-13,2005,3,선교,"출판기념회 : 책명-“단기선교 길라잡이” 저자-조호중 목사 일시: 3/13(주일) 4:00pm 장소: 대강당 참가비: $20(개인), $25(부부)- 식사 및 책 증정 신청: 교회사무실 또는 대강당 문의: 김주원 집사장, 이영재 집사, 이병준 집사",주보 (2005-03-06)
2005-03-13,2005,3,기타행사,"상담학교: 일시: 3/13 1:15-4:00pm 주제: 편안한 상담자 강사: 김만풍 목사, 방춘원 집사 장소: 아가페채플 대상: 전교인",주보 (2005-03-13)
2005-03-16,2005,3,부흥회/집회,"셀목자 수요모임 및 특강 안내 : 인도: 김만풍 목사 일정: 3/16, 3/23 -주제: 큰교회, 작은교회, 예배하는 교회, 4/20: 셀부흥회 주간 특별 모임, 6/1: 새생명축제 준비 모임, 7/13, 20, 27: 주제는 추후 공고",주보 (2005-03-13)
2005-03-20,2005,3,기타행사,"의료선교보고회 및 회의 : 일시: 3/20(주일) 11:30am 장소: 303호실 대상: 의료, 장단기, 국내선교회원 부부 특히 새로 나오신 의사, 간호사, 약사 부부동반하여 꼭 참석하시기 바람 안건: 페루 의료선교보고회 및 4/30일 전교인 바자회 때 시행될 건강상담 문의: 이준영 집사(301-871-3361), 권철수 집사(410-313-8685)",주보 (2005-03-06)
2005-03-20,2005,3,훈련/수련회,제2기 마을장 임명식 : 일시: 3/20(주일) 각 예배시 ,주보 (2005-03-13)
2005-03-20,2005,3,기타행사,*마을장 수련회: 일시: 3/19(토) 장소: New Windsor Conference Center,주보 (2005-03-20)
2005-03-21,2005,3,기타행사,수난주간 특별 새벽기도회: 일시: 3/21-3/26 새벽 5:30 인도: 김만풍 목사 주제: “우리의 지경을 넓히소서!” *수난주간 성 금요 음악예배: 일시: 3/25(금) 7:30pm 장소: 본당,주보 (2005-03-13)
2005-03-23,2005,3,부흥회/집회,"셀목자 수요모임 및 특강 안내 : 인도: 김만풍 목사 일정: 3/23 -주제: 큰교회, 작은교회, 예배하는 교회, 4/20: 셀부흥회 주간 특별 모임, 6/1: 새생명축제 준비 모임, 7/13, 20, 27: 주제는 추후 공고",주보 (2005-03-20)
2005-03-26,2005,3,선교,MET 2005 전체훈련 : 일시: 3/26(토) 9:00-11:00am 장소: 아가페채플 대상: 금년 단기선교 참가자 문의: 서보신 집사(443-280-3661),주보 (2005-03-06)
2005-03-27,2005,3,성례,"침례식 : 오늘 부활주일 각 예배시 침례식 있음 침례자 명단: 2부/이광순 안영숙 변종선 박원기 박용관, 3부/손혜련 손기현 권도균, 4부/안예지 박연희 김동민 고종명, 5부/홍종규 이지영 장혁수 윤재현 유경호 김윤갑",주보 (2005-03-27)
2005-04-02,2005,4,특별행사,"제10회 장애인과 함께하는 사랑의 음악회: 일시: 4/2(토) 4:30pm-6:30pm 장소: 본당(음악회), 다목적대강당(만찬)",주보 (2005-03-06)
2005-04-03,2005,4,기타행사,마을장 임명 : 일시: 4/3(주일) 각 예배시에 있음,주보 (2005-03-27)
2005-04-10,2005,4,세미나,하프타임 세미나가 잘 준비되고 진행될 수 있도록,주보 (2005-04-10)
2005-04-18,2005,4,세미나,봄철 부흥회 : 일시: 4/18(월)~4/20(수) *금년 봄철 부흥회는 우리의 남은 생애를 목적있게 살도록 인도하는 ‘하프타임 세미나’로 갖음. 강사: 박호근 목사,주보 (2005-03-20)
2005-04-18,2005,4,세미나,하프타임 세미나 : 일시: 4/18(월)-4/20(수) 7:30pm 강사: 박호근 목사 * 우리의 남은 생애를 목적 있게 살도록 인도하는 뜻 깊은 세미나임. 사전 조편성을 위해서 대강당에서 교재비 $10(외부 등록자는 $40)을 내 주시고 이름을 적어주시기 바람.,주보 (2005-04-10)
2005-04-23,2005,4,기타행사,봄철 대청소 : 일시: 4/23(토) 8:00am-12:00pm 교회 안팎을 깨끗이 하는 전교인 대청소의 날에 모든 셀의 참여를 바람 문의: 최영섭 총무(301-330-1592),주보 (2005-04-03)
2005-04-24,2005,4,세미나,"메디케어 특별강좌 및 소상인 정부지원 안내 강좌 : 1)소상인 정보세미나: 매릴랜드 시민협회(이사장 박충기 집사)가 주최하고 본교회 이웃사 랑팀이 후원하는 소상인들을 위한 정보세미나가 4/24(오늘)일 오후 1시부터 316호실에서 있음 정부 고위인사들이 직접 나와 소개하니 많은 참석 바람 *초청인사: 미연방 중소기업청 지역소장(Joseph Roddo), 매릴랜드주 경제부차관 (Chris Foster), 매릴랜드주 하원의원(경제위, Herman Taylor), 몽고메리 및 PG 카운티 경제 개발 및 조달청 대표자들, 개인 중소기업회사 사장 2)메디케어 특별강좌(강사-김병대박사)가 오늘 오전 11:30부터 104호실에서 있음",주보 (2005-04-24)
2005-04-30,2005,4,기타행사,"전교인 바자 : 일시: 4/30(토) 오전 9:00~오후 3:00 주제: ‘이웃초청 나눔 바자회’ 물품수집: 옷, 가구, 책, 장난감, 자동차, 전자제품, 컴퓨터, 김치병, 악세사리, 골동품 등 기타 잡화로 깨끗하게 손질된 것 문의: 곽재필 전도사(240-305-1104) 준비위원 전체모임: 3/20(주일) 12:30pm 장소: 313호실",주보 (2005-03-13)
2005-04-30,2005,4,회의/의회,"바자 결산 : 지난 4월 30일에 있었던 전교인 바자회에서 총이익금 $10,568.62을 불우이웃구제와 비전센터 건립을 위해 헌금함. 수고해주신 봉사자들께 감사드림",주보 (2005-05-15)
2005-05-06,2005,5,특별행사,열린음악회 : 5월 가정의 달을 맞이하여 수도권 메릴랜드 한인회가 주관하는 온 가족을 위한 열린 음악회 일시: 5/6(금) 8pm 장소: 본당 입장료: $20 출연: Sop: 권영신 손화숙 이정아 Bar: 성기훈 Ten: 양재혁 Bass: 이광규,주보 (2005-05-01)
2005-05-07,2005,5,선교,"단기선교후원 골프대회 결산보고 : 지난 5/7일 단기선교후원 골프대회를 성황리에 마칠수 있도록 기도와 후원해주신 교우 여러분께 감사드림. 모금된 $3,000은 MET2005 단기선교 지원으로 헌금함",주보 (2005-06-05)
2005-05-08,2005,5,특별행사,선교음악회 : 청년부 선교지원을 위한 선교음악회 일시: 5/8(오늘) 4:00pm 장소: 본당,주보 (2005-05-08)
2005-05-15,2005,5,세미나,"성격 유형검사(MBTI) 및 대인관계 세미나 : 일시: 5/15(주일) 1:30pm-4pm 장소: 아가페채플 등록: 상담학교 등록창구 검사비: $5, 선착순 30명 *성격을 분석해 드리고 그에 대한 대인관계 발전을 위한 웍샵임 문의: 전명희 박사(240-645-6338)",주보 (2005-05-01)
2005-05-15,2005,5,선교,MET 2005 파송예배 : 일시: 5/15(오늘) 각 예배시,주보 (2005-05-15)
2005-05-15,2005,5,선교,단기선교팀들(MET2005)의 안전한 사역과 열매를 위하여,주보 (2005-05-15)
2005-05-15,2005,5,특별행사,"노숙자 음악회(평화나눔 공동체 주최) : 일시: 5/15, 5pm- 갈보리장로교회 5/22, 5pm-휄로쉽교회, 5/29, 5pm-영생장로교회 *많은 참석을 바람 문의: 김정홍 집사(301-924-1044)",주보 (2005-05-15)
2005-05-29,2005,5,기타행사,"셀개척 : 여호와샬롬셀(목자-김만배): 40대, 기도와 사랑으로 복음을 전하는 셀",주보 (2005-05-29)
2005-06-05,2005,6,특별행사,"시설관리부 6월 정기모임 및 피크닉: 일시: 6/5(주일) 오전 11:00, 교회에서 van 으로 오전 9:45 출발함. 개인적으로 오시는 분을 위하여 약도를 사무실에 배치하며 시설관리부 전원참석요망. 장소: Cunningham Fall State Park(Frederick)",주보 (2005-05-29)
2005-06-12,2005,6,선교,졸업생들의 장래를 하나님께서 친히 인도하시도록 5. 단기선교/코스타 사역을 위하여,주보 (2005-06-12)
2005-06-18,2005,6,세미나,강영우 박사 초청 리더쉽 세미나 : 일시: 6/18(토) 9:30am-3:00pm 등록: 대강당 문의: 안창규 집사(240-350-1144) *강영우 박사는 현재 백악관 차관보로 일하시는 주님의 종으로서 자세한 강사 소개와 세미나 안내는 대강당 등록처에 있음. 자녀를 둔 부모는 큰 도움을 받을 수 있으며 베비시팅 있음,주보 (2005-05-29)
2005-06-19,2005,6,세미나,"강영우 박사 초청 리더쉽 세미나 : 오늘 2, 3, 5부 예배까지 계속됨",주보 (2005-06-19)
2005-06-20,2005,6,성례,미국 남침례총회와 한인총회(6/20-22)를 위하여,주보 (2005-06-19)
2005-06-23,2005,6,기타행사,"MET 2005팀 사역 일정 사역지 팀장 인원 사역 기간 사역 내용 일본 A 조성희 40 6/23-29 친구사귀기,학교/교회방문 일본 B 이정철 7 5/23-6/15 캠퍼스 사역 아시아 A 이재현 5 7월 영어학원 아시아 B 정진정 3 5-6월 영어학원 제주도 김용오 5 6/20-26 전도폭발 독일 임춘신 5 5/29-6/13 개인전도, 땅밟기 운동, 찬양 파라구아이 유혜옥 12 8/3-14 성경학교/지역교회봉사/영어교실 World Changer 김정현 12 6/25-7/3 건축 사역 파나마 백동진 15 8/1-10 여름성경학교 캐나다 유재선 19 7/17-29 인디안 사역",주보 (2005-06-12)
2005-06-26,2005,6,선교,"관상기도 세미나와 그 열매를 위하여 5. 일본A, World Changer 단기선교팀의 사역을 위하여",주보 (2005-06-26)
2005-06-27,2005,6,세미나,"성경적 관상기도 세미나 : 일시: 6/27(월)-6/29(수) 장소: Middle Creek Conference Center 강사: 이동원 목사 등록비: $250 등록 장소: 다목적대강당, 지혜의 샘터 등록은 선착순으로 받음 문의: 예덕천 집사(240-683-7156) *자세한 내용은 간지 참조",주보 (2005-05-22)
2005-07-04,2005,7,훈련/수련회,"KOSTA : 시카고에서 열리는 미국 코스타 수련회(7/4-7/8) 2차등록 마감일-5/31, 컬리지 코스타(인디아나폴리스, 6/27-7/1) 2차 등록 마감이 6/10임. 많은 참여를 바람 *코스타 이메일- http://www.kostausa.org: 컬리지코스타- http://www.ckosta.org",주보 (2005-05-29)
2005-07-05,2005,7,훈련/수련회,"어린이 데이캠프(Summer Day Camp) : 일시: 7/5(화)-7/29(금) 4주간 시간: 9:00am-3:00pm (8am-9am, 3pm-5pm 3시간 동안 Day care 있음) 등록비: $400(2인 $760) 등록서제출: 본당앞 서류비치대에 Schedule도 함께 작성하여 사무실에 제출해주시기 바람 문의: 백동진 목사(301-460-1656), Director 김승복 집사 (301-570-7785)",주보 (2005-04-17)
2005-07-22,2005,7,기타행사,"셀개척 : 지난 7/22, 6:30pm에 손목자 목자댁에서 GP(푸른목장)셀 개척예배를 드렸음",주보 (2005-07-24)
2005-07-31,2005,7,기타행사,"시설관리팀 봉사자 모집 : “교회는 넓고 할 일은 많습니다. 여러분의 도움을 기다리고 있습니다” ͤĀ 봉사부서- 냉온방부, 전기부, 건물부, 주차장부, 정원 및 공원부, 안전부, 차량 및 관리부 등 특별한 기술은 필요없고 자원하는 분은 교회사무실로 신청하시기 바람. 문의: 신상철집사(301-774-2499), 홍사현집사(301-946-2114), 최영섭집사(301- 330-1592)",주보 (2005-07-31)
2005-08-03,2005,8,기타행사,MET 2005팀 사역 일정 사역지 팀장 인원 사역 기간 사역 내용 아시아 A 이재현 5 7월 영어학원 파라구아이 유혜옥 12 8/3-14 성경학교/지역교회봉사/영어교실 World Changer 김정현 12 6/25-7/3 건축 사역 파나마 백동진 15 8/1-10 여름성경학교 캐나다 유재선 19 7/17-29 인디안 사역,주보 (2005-07-03)
2005-08-07,2005,8,선교,단기선교팀들의 안전한 사역을 위하여,주보 (2005-08-07)
2005-08-07,2005,8,기타행사,"시설관리팀 봉사자 모집 : “교회는 넓고 할 일은 많습니다. 여러분의 도움을 기다리고 있습니다” ͤĀ 봉사부서- 냉온방부, 전기부, 건물부, 주차장부, 정원 및 공원부, 안전부, 차량 및 관리부 등 특별한 기술은 필요없고 자원하는 분은 교회사무실로 신청하시기 바람. 문의: 신상철집사(301-774-2499), 홍사현집사(301-946-2114), 최영섭집사(301- 330-1592)",주보 (2005-08-07)
2005-08-14,2005,8,세미나,"이웃사랑교실 운영(사회복지 세미나) : * 은퇴 문제, 메디케어, 저소득 무주택자 주택구입 절차 등 사회복지에 관한 세미나를 개최함. 일시: 8/14와 21(주일) 2회 1:00pm 장소: 306호실 문의: 박현만 집사(301-340-7940)",주보 (2005-07-24)
2005-08-14,2005,8,기타행사,김병문 서울대교수(코스타 강사) 초청강연 : 일시: 8/14(오늘) 1:30-2:30pm 주제: “일터에서 신앙생활하기” 장소: 아가페채플 대상: 전교인 환영,주보 (2005-08-14)
2005-08-14,2005,8,기타행사,셀개척 : GP셀 손목자 목자 임명식- 3부예배시,주보 (2005-08-14)
2005-08-14,2005,8,기타행사,"시설관리팀 봉사자 모집 : “교회는 넓고 할 일은 많습니다. 여러분의 도움을 기다리고 있습니다” ͤĀ 봉사부서- 냉온방부, 전기부, 건물부, 주차장부, 정원 및 공원부, 안전부, 차량 및 관리부 등 특별한 기술은 필요없고 자원하는 분은 교회사무실로 신청하시기 바람. 문의: 신상철집사(301-774-2499), 홍사현집사(301-946-2114), 최영섭집사(301- 330-1592)",주보 (2005-08-14)
2005-08-21,2005,8,세미나,"이웃사랑교실 운영(사회복지 세미나) : 어린이 및 임산부 건강보험, 약값보조 프로그램, 주택임대보조 프로그램 및 구입, 탁아소 비용보조 등에 관한 세미나를 개최함. 일시: 8/21(오늘) 1:00pm, 장소: 카타콤채플 문의: 박현만 집사(301-340-7940)",주보 (2005-08-21)
2005-08-26,2005,8,훈련/수련회,"지역 셀소식 : 1) 임춘신 전도사 지역 목회자 수련회가 19명이 참석, 8/26-29 안나산기도원에서 있었음 2) 박경범 목사 지역 목자 모임에 10가정이 참석, 8/28 남연우 집사댁에서 있었음 3) 임창영 전도사 지역 목자 모임에 7가정이 참석, 8/28 정근영 집사댁에서 있었음",주보 (2005-09-04)
2005-08-31,2005,8,목회자 사임,사임 : 장선영 집사께서 8월31일 자로 목회비서직을 사임하심,주보 (2005-09-04)
2005-09-04,2005,9,기타행사,미국 남부지역 허리케인 피해자 복구를 위하여,주보 (2005-09-04)
2005-09-11,2005,9,기타행사,셀 개척 예배 : “격려”셀( 목자: 유중현 집사) 일시: 9/11 2:00pm 장소: 카타콤채플,주보 (2005-09-11)
2005-09-25,2005,9,목회자 사임,사임 : 고순선 전도사/그렉벤더 집사님이 9월 25일자로 사임하시고 맥클레인 바이블 쳐치로 전임하심,주보 (2005-09-25)
2005-10-01,2005,10,특별행사,제10회 장애인 사랑의 잔치-밀알선교단 공동 주최 일일여행: 일시- 10/1(토) 9:00am-7:30pm 장소: 오션 시티 참가 신청 마감: 9/27(화) 문의: 홍재철 집사(240-475-9386),주보 (2005-09-11)
2005-10-02,2005,10,성례,"카트리나 피해 사랑의 헌금 결과 보고 : $54,818.35 (본교 헌금: $44,618.35 볼티모어 지구촌교회: $200.00 동경복음교회: $10,000.00) 전액을 남침례회 한인 연합 총회로 송금했음 (1차: $29,065.00 2차: $25,753.35)",주보 (2005-10-02)
2005-10-09,2005,10,창립,창립31주년 잔치와 셀축제가 은혜 중에 진행되기 ̨Ā 위하여,주보 (2005-10-09)
2005-10-09,2005,10,선교,"셀교회 전체 10월,11월 일정 : 날 짜 내 용 장소 및 담당 10월 uĀ 19일(수) 셀교회 주의만찬 준비물 나눔 셀 사무실 ܽĀ 20일(목)-25일(화) 셀교회 주의만찬 주간 각 셀교회 별 ܽĀ 30일(주일) 선교사 성탄선물 보내는 날 선교팀 11월 uĀ 9일(수) 예배 후 한국지구촌교회 김영운 권사 초청 셀 특강 아가페채플 ܽĀ 13일(주일) 전교인 셀축제 2006년 제직 추천 마감임 지역목회자/셀리더팀 ܽĀ 20일(주일) 셀,마을,지역별 MET2006 단기선교 신청 마감일 지역목회자/선교팀",주보 (2005-10-09)
2005-10-15,2005,10,특별행사,소망회/상록회 가을 피크닉 : 일시: 10/15(토) 문의: 이병준 집사(301-384-9830) 박현영 목사(301-460-1656 Ext.250) * 자원봉사 하실 분 환영,주보 (2005-10-02)
2005-10-16,2005,10,기타행사,"상담학교 중급반 개강 : 기간: 10/16, 23, 30, 11/6 장소: 아가페채플 대상: 전교인, 특히 목자 주제: 효과적인 상담자 시간: 1:30-4:00pm 문의: 최병렬 집사(301-299-4759)",주보 (2005-09-25)
2005-10-16,2005,10,창립,창립 31주년 및 셀축제 준비에 성령 충만을 위하여,주보 (2005-10-16)
2005-10-16,2005,10,선교,"셀교회 전체 10월,11월 일정 : 날 짜 내 용 장소 및 담당 10월 uĀ 19일(수) 셀교회 주의만찬 준비물 나눔 셀 사무실 ܽĀ 20일(목)-25일(화) 셀교회 주의만찬 주간 각 셀교회 별 ܽĀ 30일(주일) 선교사 성탄선물 보내는 날 선교팀 11월 uĀ 13일(주일) 전교인 셀축제 2006년 제직 추천 마감임 지역목회자/셀리더팀 ܽĀ 20일(주일) 셀,마을,지역별 MET2006 단기선교 신청 마감일 지역목회자/선교팀",주보 (2005-10-16)
2005-10-22,2005,10,기타행사,"셀 개척 : 권순구 형제가 목자로 셀을 개척, 예배 드림 일시: 10/22(토) 5:00pm 장소: 권순구 목자 댁(410-715-1218)",주보 (2005-10-16)
2005-10-23,2005,10,기타행사,"셀가족반 개강 : 기간: 10/23(주일)부터 6주간 10:00-11:00am 장소: 104호실 교사: 김주원 장로 * 재직으로 섬기기 위해서는 새교우반과 셀가족반을 이수해야 함 대상: 10/16에 새교우반을 마친 분, 아직 셀가족반을 듣지 않은 분을 포함 전교인",주보 (2005-10-09)
2005-10-23,2005,10,선교,"셀교회 전체 10월,11월 일정 : 날 짜 내 용 장소 및 담당 ܽĀ 20일(목)-25일(화) 셀교회 주의만찬 주간 각 셀교회 별 ܽĀ 30일(주일) 선교사 성탄선물 보내는 날 선교팀 11월 uĀ 13일(주일) 전교인 셀축제 2006년 제직 추천 마감임 지역목회자/셀리더팀 ܽĀ 20일(주일) 셀,마을,지역별 MET2006 단기선교 신청 마감일 지역목회자/선교팀",주보 (2005-10-23)
2005-10-23,2005,10,기타행사,"상담학교 중급반 개강 : 기간: 10/23, 30, 11/6 장소: 아가페채플 대상: 전교인, 특히 목자 주제: 효과적인 상담자 1) 자기 방어 기제(김만풍 목사) 2) 상담의 과정과 기술(방춘원 집사) 시간: 1:30-4:00pm 문의: 최병렬 집사(301-299-4759)",주보 (2005-10-23)
2005-10-24,2005,10,세미나,The Body Building Conference : 일시: 10/24(월) 2:00-9:00pm 장소: 본교회 주총회와 Montgomery Association 주최로 각 교회 지도자들을 위한 세미나가 있음,주보 (2005-10-16)
2005-10-30,2005,10,세미나,"자녀 진학과 학업에 관한 세미나 : 개정된 SAT 정보와 고등학생의 진학 준비, 학교생활에 관한 정보 제공 및 질의답변 강사: 허재범 원장(파워마카데미원장) 주최: 한어중고등부 일시: 10/30(주일) 2-4pm 장소: 150호(찬양대실) 문의: 김영석 전도사(240-472-5301)",주보 (2005-10-23)
2005-10-30,2005,10,성례,침례 표기 개혁개정본 성경책 : 지혜의 샘터에서 구입할 수 있음,주보 (2005-10-30)
2005-10-30,2005,10,창립,창립 31주년 행사(목사안수/셀축제)를 위하여,주보 (2005-10-30)
2005-10-30,2005,10,선교,"셀교회 전체 10월,11월 일정 : 날 짜 내 용 장소 및 담당 ܽĀ 30일(오늘) 선교사 성탄선물 보내는 날 선교팀 11월 uĀ 13일(주일) 전교인 셀축제 2006년 제직 추천 마감임 지역목회자/셀리더팀 ܽĀ 20일(주일) 셀,마을,지역별 MET2006 단기선교 신청 마감일 지역목회자/선교팀",주보 (2005-10-30)
2005-10-31,2005,10,기타행사,감사절 특별 새벽 기도 : 기간: 10/31(월)-11/19(토) 5:30am,주보 (2005-10-30)
2005-11-05,2005,11,기타행사,"전교인 가을 대청소 : 일시: 11/5(토) 8:00am-2:00pm 주관: 시설관리팀 작업 안내/문의: 최영섭 집사(301-330-1592, 화단 정리, 건물 안팍 청결 정리)",주보 (2005-10-30)
2005-11-06,2005,11,창립,창립 31주년 기념예배 및 목사안수식 : 일시: 11/6(주일) 4:30pm 장소: 본당 목사 안수자: 임창영 김수일 곽재필 윤상문 전도사,주보 (2005-10-30)
2005-11-06,2005,11,선교,MET 2006 자원봉사 단기선교팀 및 팀장 모집 :,주보 (2005-11-06)
2005-11-06,2005,11,선교,"셀교회 전체 10월,11월 일정 : 날 짜 내 용 장소 및 담당 11월 uĀ 13일(주일) 전교인 셀축제 2006년 제직 추천 마감일 지역목회자/셀리더팀 ܽĀ 27일(주일) 셀,마을,지역별 MET2006 단기선교 신청 마감일 지역목회자/선교팀",주보 (2005-11-06)
2005-11-10,2005,11,성례,박태환 목사 송별 모임 : 박태환 목사님께서 미주한인침례교회 총회의 총무로 사역 하시게 되어 달라스로 이사하시게 되었으므로 송별모임을 가짐 일시: 11/10(목) 7:00pm 장소: 본교회 다목적대강당 * 참석자들은 미리 신청바람 접수: 다목적대강당,주보 (2005-10-30)
2005-11-13,2005,11,기타행사,전교인 셀 축제 : 일시:11/13(주일) 1:30-7:00pm 주제: 감사와 도약,주보 (2005-10-02)
2005-11-13,2005,11,목회자 부임,전임부목사 부임 : 영어중고등부 담당 조오스틴 목사님이 11/13일자로 부임하심,주보 (2005-11-13)
2005-11-13,2005,11,기타행사,"셀 축제 : 오늘은 ‘전교인 셀 축제’날입니다. 자세한 사항은 주보 가운데 광고를 참조바람. 셀 깃발은 축제 후 셀리더팀에서 보관함. 협조해 주신 마을장, 목자들께 감사드림",주보 (2005-11-13)
2005-11-13,2005,11,목회자 부임,임창영 목사의 사임과 부임 : 임창영 목사님께서 본 교회를 15일자(화)로 사임하시고 20일자로 볼티모어지구촌교회 제2대 담임목사로 취임하시게 됨,주보 (2005-11-13)
2005-11-13,2005,11,선교,"셀교회 전체 11월 일정 : 날 짜 내 용 장소 및 담당 11월 uĀ 13일(오늘) 전교인 셀축제 2006년 제직 추천 마감일 지역목회자/셀리더팀 ܽĀ 27일(주일) 셀,마을,지역별 MET2006 단기선교 신청 마감일 지역목회자/선교팀",주보 (2005-11-13)
2005-11-13,2005,11,선교,MET 2006 자원봉사 단기선교팀 및 팀장 모집 :,주보 (2005-11-13)
2005-11-20,2005,11,창립,"볼티모어지구촌교회 창립5주년 기념예배 및 임창영 목사 취임/조승규 목사 파송예배 : 일시: 11/20(주일) 4:00pm 연락처: 410-321-1334, 1401 York Rd., Lutherville, MD 21093 * 당일에 교회밴으로 가실 분은 오늘 사무실에 신청 바람",주보 (2005-11-13)
2005-11-20,2005,11,선교,"셀교회 전체 11월 일정 : 날 짜 내 용 장소 및 담당 30일(수) 셀,마을,지역별 MET2006 단기선교 신청 마감일 지역목회자/선교팀",주보 (2005-11-20)
2005-11-20,2005,11,선교,MET 2006 자원봉사 단기선교팀 및 팀장 모집 :,주보 (2005-11-20)
2005-11-27,2005,11,선교,"셀교회 전체 11월 일정 : 날 짜 내 용 장소 및 담당 ܽĀ 30일(수) 셀,마을,지역별 MET2006 단기선교 신청 마감일 지역목회자/선교팀",주보 (2005-11-27)
2005-11-27,2005,11,성례,"침례신청서와 간증문을 작성, 사무실에 제출 바람",주보 (2005-11-27)
2005-11-27,2005,11,선교,MET 2006 자원봉사 단기선교팀 및 팀장 모집 :,주보 (2005-11-27)
2005-11-30,2005,11,선교,내년도에 단기선교팀을 구성하기 원하시는 팀/단체는 신청 바람 신청서 배부 및 접수: 서보신 집사(443-280-3661) 제출 마감: 11/30(수),주보 (2005-11-13)
2005-12-01,2005,12,목회자 부임,부임 : 교회직원(목회비서실) 조영복 집사께서 12/1부터 사역 시작하심,주보 (2005-12-04)
2005-12-04,2005,12,은퇴,"메디케어 처방약 플랜 설명회 : 새로 시행되는 은퇴자를 위한 플랜에 대한 설명회 일시: 12/4(주일) 11:30am 장소: 104호실 강사: 도진호(전에 소셜시큐리티에서 근무, 현재 상록회에서 수고함)",주보 (2005-11-27)
2005-12-04,2005,12,성례,"침례신청서와 간증문을 작성, 사무실에 제출 바람",주보 (2005-12-04)
2005-12-10,2005,12,특별행사,성탄음악회 : 일시: 12/10(토) 8:00pm 장소: 본당 찬양대 성탄음악회에 전교인 셀별로 참석바람 * 토요일 저녁에 모이는 셀은 교회 내 나눔을 위한 장소와 식사 제공에 대한 안내를 지역목자를 통해 받기 바람,주보 (2005-11-20)
2005-12-10,2005,12,특별행사,성탄음악회(12월10일 토)에 성령의 기쁨이 충만하도록,주보 (2005-12-04)
2005-12-11,2005,12,특별행사,오케스트라 겨울음악회 : 오늘 1:30pm 워싱톤 한인천주교회에서 오케스트라 연주회가 있음.,주보 (2005-12-11)
2005-12-17,2005,12,특별행사,"성탄절 이웃 초청 잔치 : 일시: 12/17(토) 7:00pm 장소: 다목적대강당 주관: EM, IM 문의: 배태진 목사(301-460-1656 Ext.251)",주보 (2005-11-27)
2005-12-18,2005,12,성례,"침례신청서와 간증문을 작성, 사무실에 제출 바람.(신청 마감: 12월18일)",주보 (2005-12-11)
2005-12-18,2005,12,기타행사,"RTP (Research Triangle Park) 지구촌 교회 개척: 이 철 목사님께서 노스 케롤라이나 랄리/채플힐 지역에서 2006년 1월부터 RTP 지구촌교회를 본교회 비전 협력교회로 시작할 예정임. 기도 지원을 바람. 이 철 목사 연락처: (202-361-8720, chulleeusa@hotmail.com)",주보 (2005-12-18)
2005-12-18,2005,12,훈련/수련회,"컴퓨터 수리: 각 가정에 쓰시는 컴퓨터에 관한 모든 문제(고장, 속도 느림, 홈 네트웍 구축 등)를 해결해 드림. 청년부 겨울수련회 자금 모금을 위함. 문의: 김민경 청년 목자(202-415-0894)",주보 (2005-12-18)
2005-12-18,2005,12,목회자 부임,책방: 12월 18일자로 책방(“지혜의 샘터”) 사역에 김효선 권사 부임.,주보 (2005-12-25)
2005-12-25,2005,12,성례,"침례식 : 12/25 침례식이 있을 예정임 침례신청서와 간증문을 작성, 사무실에 제출 바람 문의: 조규만 목사(301-460-1656 Ext.266)",주보 (2005-11-20)
2005-12-25,2005,12,기타행사,간지로 제공된 축복 리스트 (개인 기도제목 포함)는 신년특별 새벽기도회 기간에 제출 바람.,주보 (2005-12-25)
2005-12-25,2005,12,기타행사,"RTP (Research Triangle Park) 지구촌 교회 개척: 이 철 목사님께서 노스 케롤라이나 랄리/채플힐 지역에서 2006년 1월부터 RTP 지구촌교회를 본교회 비전 협력교회로 시작할 예정임. 기도 지원을 바람. 이 철 목사 연락처: (202-361-8720, chulleeusa@hotmail.com)",주보 (2005-12-25)
2005-12-25,2005,12,훈련/수련회,"컴퓨터 수리: 각 가정에 쓰시는 컴퓨터에 관한 모든 문제(고장, 속도 느림, 홈 네트웍 구축 등)를 해결해 드림. 청년부 겨울수련회 자금 모금을 위함. 문의: 김민경 청년 목자(202-415-0894)",주보 (2005-12-25)
2005-12-26,2005,12,훈련/수련회,"영어중고등부: 겨울 수련회 : 장소: Skycroft Conference Center 회비: $100.00 (2nd child: $90.00 3rd child: $80.00) 기간: 12/26(월) 2:00pm-12/29(목) 2:00pm 주제: One Love 1 (요 4:10) 문의: 이성우 집사(301-838-5591) 유재선 전도사(301-346-9775) ‣‣Baptism Class가 있습니다. 12/11(주일), 12/18(주일) 12 pm 장소: 304호 ‣‣Coffee House: 장기자랑을 합니다. 일시: 12/23(금) 7:30 pm-10 pm 장소: 대강당 (이곳에서 모은 헌금은 이번 수양회를 가기를 원하는 학생들의 수양회비(보조)로 쓰여짐)",주보 (2005-11-27)
2005-12-29,2005,12,훈련/수련회,한어중고등부 겨울 수련회 : 장소: 안나산기도원 기간: 12/29(목)-12/31(토) 회비: $80.00(한가정 2인:$150) 문의: 김영석 전도사(240-472-5301),주보 (2005-11-27)
2005-12-29,2005,12,훈련/수련회,영어중고등부: 겨울 수련회 : 장소: Skycroft Conference Center 회비: $100.00 (2nd child: $90.00 3rd child: $80.00) 기간: 내일 2:00pm-12/29(목) 2:00pm 주제: One Love 1 (요 4:10) 문의: 이성우 집사(301-838-5591) 유재선 전도사(301-346-9775) 내일 수련회를 떠납니다. 학생들을 위해 기도해 주십시요.,주보 (2005-12-25)
2005-12-31,2005,12,목회자 사임,전임전도사 사임 : 영어중고등부 담당 유재선 전도사님이 공부와 새 사역을 위해서 12/31자로 사임하심,주보 (2005-11-13)
2005-12-31,2005,12,목회자 사임,목회자 사임: 1) 이 철 목사가 RTP 지구촌 교회 개척을 위해 12월 31일자로 사임하심. 2) 유재선 전도사가 아틀란타 지역에서 학업을 위해 12월 31일자로 사임하심.,주보 (2005-12-25)
2006-01-01,2006,1,목회자 부임,"부임: 이성은 전도사께서 청년부, 계영희 전도사께서 소망회 (이상 1월1일부), 서용길 전도사께서 한어 중고등부(2월1일부)에서 실습전도사로 사역하게 됨.",주보 (2006-02-05)
2006-01-02,2006,1,기타행사,신년특별새벽 기도회 : 일시: 2006년 1월 2일(월)-7일(토) 매일 5:30am 각 개인마다 셀교회마다 새생명을 품고 간구하는 신년특별새벽기도회가 있음,주보 (2005-12-04)
2006-01-04,2006,1,기타행사,개척예배: “내 사랑하는 자여” 셀이 지난 1/4(수) 셀개척 예배를 드림. (목자: 계준교 집사),주보 (2006-01-08)
2006-01-08,2006,1,기타행사,"감사: 지난주 “새생명 품기 신년 특별새벽기도회”에 동참, 참여해 주신 성도님들께 감사.",주보 (2006-01-08)
2006-01-12,2006,1,선교,"MET2006 단기선교 교육안내: MET2006 때 장소 팀장 모임 1/12(목), 7 pm 새교우 영접실 청년 단기선교팀 훈련모임 1/14(토), 9 am-3 pm 아가페 채플 MET2006 전체 헌신자 모임 1/19(목), 7:30 pm 아가페 채플",주보 (2006-01-08)
2006-01-18,2006,1,부흥회/집회,찬양 간증 집회: 2005년도 1/18(수) 수요일 저녁 7:30 예배시에 정경주 사모 찬양/간증 집회가 있음.,주보 (2006-01-08)
2006-01-19,2006,1,부흥회/집회,담임목사 동정: 김만풍 목사님께서는 1월19일~25일 과테말라 선교지 방문/신학교 특강/ 사랑의 교회 집회 인도를 하심.,주보 (2006-01-22)
2006-01-23,2006,1,선교,"교 회 소 식 II ◆ MET2006팀 파송현황 사 역 지 팀 장 인 원 사역기간 사 역 페루 박 진 15 1/23~2/04 의료사역, 전도 (사역완료) 일본 김은영 5 5/21~6/14 캠퍼스 사역 (사역완료) 아시아-중부 홍종규 2 5/21~6/14 English Corner (사역완료) 제주도 임춘신 8 5/31~6/14 전도, 기도사역 (사역완료) 아시아-남부 이정철 4 6/13~6/19 집회, 성경공부, 개인전도 WorldChangerA 김정현 8 7/01~7/04 한어중고등부 건축사역 몽고 김병학 1 7/15~8/15 몽고 친선병원 의료사역 캐나다 Eugene Kim 8 7/16~7/28 영어고등부 인디안사역 멕시코 조성희 46 7/23~8/02 오케스트라, 여름성경학교 아시아-서부 전혜원 6 7/27~8/17 이슬람권 학생사역, 영어교육 WorldChangerB 김용철 8 7/29~8/05 관리위원회원 건축사역 도미니카 Austin Cho 32 8/01~8/10 영어중등부 여름성경학교 태국 Grace Yoo 3 8/01~8/14 어린이 사역 인도 안창규 4 8/06~8/23 정탐, 땅밟기 기도",주보 (2006-06-18)
2006-01-27,2006,1,세미나,담임목사 동정: 김만풍 목사님께서는 1월27일~29일 시애틀 지구촌교회 집회/제직세미나 인도를 하심.,주보 (2006-01-29)
2006-01-29,2006,1,세미나,김만풍 목사: 시애틀 지구촌교회 집회와 제직세미나에 성령의 은혜 넘치도록,주보 (2006-01-29)
2006-01-31,2006,1,목회자 사임,사임: 소망회를 담당하신 박현영 목사님과 영어 대학부를 담당하신 배태진 목사께서 1월31일 부로 사임하심.,주보 (2006-01-29)
2006-02-11,2006,2,특별행사,"정월 대 보름 잔치: 소망회, 바울회, 상록회 회원들을 위한 “정월 대 보름 잔치”가 있음. 점심 제공. 시간: 2/11(토), 11:30 am 장소: 지구촌 교회 다목적 대강당 Senior라고 생각하시는 분들은 모두 참석 바람. 연락처: 계영희 전도사 (301-938-6395) 이병준 집사 (301-906-2353)",주보 (2006-01-29)
2006-02-12,2006,2,기타행사,미국 남부지역에서 교회에 방화하는 일이 종식되기 위하여,주보 (2006-02-12)
2006-02-24,2006,2,부흥회/집회,"간증 집회: 오는 2월24일(금) 8pm~9:30pm 본당에서 김미정 학생 간증 집회가 있음.. 김미정 학생은 현재 메릴랜드 대학에 재학중이고, 총을 맞아 장님이 되었음. 이 과정을 간증하는 집회이며 부모님도 함께 참석하시면 많은 은혜가 될 것임.",주보 (2006-01-29)
2006-03-05,2006,3,창립,EM 창립15주년 기념예배: 일시: 오늘 10am 장소: Harmony Hills Elementary School 많은 참석 및 격려 바람.,주보 (2006-03-05)
2006-03-05,2006,3,선교,"기도훈련반: 일시: 3/5(오늘)부터, 12pm 대상: 임춘신 지역목자 부부/제주 단기선교팀 장소: 318호 문의: 임춘신 전도사",주보 (2006-03-05)
2006-03-05,2006,3,세미나,"중보기도 세미나를 위한 중보기도 모임: 일시: 3/5(오늘) 1:30pm 중보기도 세미나 준비를 위한 기도회를 갖게됨. 중보기도 사역팀, 중보기도 헌신자, 기도에 관심있으신 분/기도 모임에 동참해 주시기 바람. 장소: 카타콤 채플",주보 (2006-03-05)
2006-03-11,2006,3,세미나,"교사 세미나: 일시: 3/11(토) 10am~3:30pm 장소: 아가페 채플 구원 상담법, 장애학생 교육하기 등 교사들을 위한 세미나임. 문의: 백동진 목사",주보 (2006-03-05)
2006-03-12,2006,3,창립,"RTP 지구촌교회(담임목사: 이 철) 창립예배: 일시: 3/12(주일) 3:30pm 장소: RTP 지구촌교회 Cary, North Carolina 대형 버스를 빌려야 함으로 정확한 인원이 필요(요금은 각자 부담) 출발: 본교회에서 9:30am 도착: 당일 11:30pm 이후 참석을 원하는 분은 2/19(주일) 까지 고상환 목사(301-460-1656) 임채현 집사 (301-989-0768) 이영재 집사(301-983-3950)께 등록 바람.",주보 (2006-02-05)
2006-03-12,2006,3,창립,RTP지구촌교회 창립예배: 오늘 3:30pm에 RTP지구촌교회(담임: 이 철 목사) 창립예배에 본교회 담임 김만풍 목사님을 비롯 80여분의 교인들이 참석할 예정임.,주보 (2006-03-12)
2006-03-18,2006,3,선교,"MET2006 단기선교팀 전체훈련(제2차) : 일시: 3/18(토) 9:30am~11:30am 장소: 아가페 채플 훈련자: 홍은선 선교사 대상: MET2006 단기선교팀 전원 참석 요망, 그 외 선교 헌신자와 기도후원자도 참석 요망 문의: 서보신 집사(443-280-3661) 이영재 집사(301-983-3950)",주보 (2006-03-05)
2006-03-19,2006,3,세미나,"관상기도 세미나: 일시: 3/19(주일)~3/21(화) 장소: 아가페 채플 교재비: 20불 등록대상: 전교인(실행위원, 셀마을장, 목자들은 필히 참석바람.) 문의: 민요환 집사, 예덕천 집사",주보 (2006-02-05)
2006-03-19,2006,3,세미나,"관상기도(3/19-20), 중보기도(3/27-29)세미나와 새생명 축제(4/7-9)를 위하여",주보 (2006-03-05)
2006-03-24,2006,3,부흥회/집회,"IMPACT2006: 고등부 학생을 위한 대집회(매해 4,000여명의 고등부 학생들이 모임) 때:3/24(금)~26(주일) 장소: Ocean City, MD Convention Center에서. 강사: Audio Adrenaline, Fusebox, Reggie Dabbs, Greg Speck 등등. 프로그램: 간증, 찬양, Board Walk 등등 등록비: 100불",주보 (2006-01-29)
2006-03-27,2006,3,세미나,"중보기도 사역 세미나를 위한 중보기도자 모집: 중보기도 세미나 일시: 3/27(월)~ 3/29(수) 장소: 지구촌 교회 다목적 강당 타교회에서 세미나에 참여하시는 분들을 위해 금식(한끼)하며, 기도로 후원하실 교우들 문의: 민요환 집사, 정준호 집사",주보 (2006-02-12)
2006-03-27,2006,3,세미나,"중보기도 세미나: 일시: 3/27(월) 3pm~3/29(수) 12pm 참가비: 교재비 포함, 지구촌 교회 등록교인$100 타교회 교인$160 마감: 3/13(월) 문의: 민요환,정준호 집사",주보 (2006-03-05)
2006-03-27,2006,3,세미나,중보기도 세미나(3/27~29)와 새생명축제(4/7~9)를 위하여,주보 (2006-03-26)
2006-04-02,2006,4,기타행사,특별메시지: 오늘 5부예배(1:30pm)는 서울 한사랑 선교회의 김한식 목사님께서 “나라를 살리는 성령의 기름 부으심” 주제로 말씀을 전해 주심.,주보 (2006-04-02)
2006-04-02,2006,4,세미나,"중보기도 세미나: 중보기도 세미나 준비위원, 기도후원자, 꽃장식, 부엌 봉사하신 교우, 공항 Ride하신 교우 모두께 감사드림.",주보 (2006-04-02)
2006-04-10,2006,4,기타행사,고난주간 특별새벽 기도회: 일시: 4/10(월)~4/15(토) 5:30am 장소: 본당,주보 (2006-03-26)
2006-04-14,2006,4,특별행사,"수난음악회“증인들의 고백”: 일시: 4/14(금) 8pm 장소: 본당 영상, 연극, 찬양",주보 (2006-04-02)
2006-04-15,2006,4,기타행사,봄철 전교인 청소주간: 일시: 4/15(토) 8am~12pm 점심이 제공됨.,주보 (2006-03-26)
2006-04-16,2006,4,성례,침례식: 오는 4/16(부활주일) 각 예배시 침례식이 있음. 침례신청서와 간증문을 작성하여 사무실에 제출해 주시기 바람.,주보 (2006-03-26)
2006-04-16,2006,4,특별행사,년 봄철 지구촌 사랑의 잔치 ◆,주보 (2006-04-16)
2006-04-16,2006,4,기타행사,년 추사서화 예술전국대전: 추사서화대전에서 조희래 집사께서 대상과 특별상을 받았음. 상금을 비전헌금으로 드림,주보 (2006-04-16)
2006-04-16,2006,4,특별행사,수난 음악회 (Passion Concert) 개최,음악회 문서 (수난 음악회_4-16-2006..doc)
2006-04-20,2006,4,선교,"MET2006: 팀장모임일시: 4/20(목) 7pm 문의: 서보신 집사(443-280-3661) 전체훈련: 일시: 4/27(목) 7~9pm 장소: 아가페 채플 강사: 최승범 선교사, 이한일 선교사, 김용오 집사 (전원 참석 요함.) 장,단기선교팀 월례회: 일시: 4/23(주일) 11:30am 장소: 선교원(303호) (점심제공)",주보 (2006-04-16)
2006-04-22,2006,4,특별행사,사랑의 음악회: 장애인과 함께 하는 사랑의 음악회. 일시: 4/22(토) 4:30pm~6:30pm 장소: 본당 및 다목적대강당,주보 (2006-04-02)
2006-04-22,2006,4,기타행사,봄철 전교인 청소주간: 일시: 4/22(토) 8am~12pm 점심이 제공됨.,주보 (2006-04-09)
2006-05-05,2006,5,부흥회/집회,부흥회(농구대회): 농구대회를 위한 부흥집회 일시: 5/5(금) 장소: 본당,주보 (2006-04-09)
2006-05-06,2006,5,선교,지구촌 골프대회: MET2006 단기선교 선교비 지원을 위한 토나멘트 일시: 5/6(토) 1pm 샷건으로 동시에 시작 장소: Hampshire Green Golf Course 참가비: 1인당 100불 등록 및 문의: 곽원석 집사(301-762-5640) 손영환 집사(301-767-3939) 이영재 집사(301-983-3950),주보 (2006-03-19)
2006-05-06,2006,5,세미나,가정폭력 예방세미나: 일시: 5/6(토) 9am 장소: 아가페 채플 강사: 전명희 박사 문의: 안창규 집사(240-450-2162),주보 (2006-04-16)
2006-05-20,2006,5,부흥회/집회,"ENCOUNTER: JAMA에서 주최하는 부흥집회(Worship & Prayer) 일시: 5/20(토) 6:30pm 장소: Northwest High School(Germantown, MD) 입장료: 10불",주보 (2006-04-09)
2006-05-27,2006,5,기타행사,지구촌 전교인 셀대항 배구대회: 일시: 5/27(토) 9:30am 문의: 김응권 집사(301-580-7711),주보 (2006-04-16)
2006-05-28,2006,5,훈련/수련회,셀목자 수련회: 일시: 5/28(주일)~29(월) 장소: 윈저수양관(작년과 같은 장소) 등록비: 30불(가정당) 등록: 다목적대강당 또는 지역목회자 강사: 조상훈 목사,주보 (2006-04-16)
2006-06-18,2006,6,선교,브라질 선교보고: 일시: 6/18(오늘) 11:30am 장소: 303호(선교원) 강사: 현승헌 목사 대상: 2004년 브라질 단기선교팀 전원 및 브라질 선교에 관심이 있는 모든 성도님 점심제공,주보 (2006-06-18)
2006-06-18,2006,6,세미나,"제2학기 제자훈련 성경공부반 안내 ◆ 과목 기간 수업시간 교사 교실 G101,102 새교우/셀가족 6주 10am-11am 김성환/김주원 104 G201 새소명 6주 11:30am-12:40pm 권학중 322 G202 성경의 흐름잡기 10주 11:30am-12:40pm 박경범 306 G203 QT 8주 10am-11am 황지성/김현숙 117,141 G303 귀납법적 성경공부 10주 10am-11am 권오빈 317 E219 창조과학 세미나 6주 11:30am-12:40pm 예덕천 115 E212 공관복음 10주 10am-11am 성명진 110 E220 구도자반 7주 11:30am-1pm 최인돈 130 E299 Your Best Life Now 11:30am-12:30pm Jim Shirlen 313 E201-a 미가/욥/전도서/아가 연중 8:45am-9:45am 권오빈 104 E201-b 미가/욥/전도서/아가 연중 10am-11am 이자선 322 E201-c 미가/욥/전도서/아가 연중 11:30am-12:40pm 이한일 104 E201-d Micah/Job 연중 8:45am-9:45pm Ron Krams 316C",주보 (2006-06-18)
2006-06-18,2006,6,성례,침례반: 6/18(오늘) 1pm,주보 (2006-06-18)
2006-06-25,2006,6,성례,졸업예배/침례식: 6/25(주일),주보 (2006-06-18)
2006-07-01,2006,7,부흥회/집회,JAMA: (Jesus Awakening Movement in America) 7/1(토)~4(화) DC에서 있음. 대형집회이며 참석을 원하는 분은 백동진 목사께 문의.,주보 (2006-01-29)
2006-07-01,2006,7,부흥회/집회,"JAMA(7/1~4), KOSTA(7/3~7) 집회를 위하여",주보 (2006-06-18)
2006-07-16,2006,7,선교,여름선교: Kinistin(카나다): 7/16~7/28 (15명) *오늘부터 등록 시작. GMC오케스트라: 멕시코 7/23~8/2 도미니카 공화국: 8/1~8/10 (30명) 선교회의: 부모님/자녀 회의가 오는 4/16(주일) 1pm 중고등부 예배실에서 있음. 여름단기선교 선청자들은 등록비 50불을 지불해야함.,주보 (2006-04-09)
2006-07-17,2006,7,선교,"교 회 소 식 II ◆ MET2006팀 파송현황 사 역 지 팀 장 인 원 사역기간 사 역 몽고 김병학 1 7/17~8/21 몽고 친선병원 의료사역 캐나다 Eugene Kim 8 7/16~7/28 영어고등부 인디안사역 멕시코 조성희 46 7/23~8/02 오케스트라, 여름성경학교 아시아-서부 전혜원 6 7/27~8/17 이슬람권 학생사역, 영어교육 WorldChangerB 김용철 8 7/29~8/05 관리위원회원 건축사역 도미니카 Austin Cho 32 8/01~8/10 영어중등부 여름성경학교 태국 Grace Yoo 3 8/01~8/14 어린이 사역 인도 안창규 4 8/06~8/23 정탐, 땅밟기 기도",주보 (2006-07-16)
2006-07-27,2006,7,훈련/수련회,"행복플러스 가족캠프: 일시: 7/27(목)~7/29(토) 장소: 버지니아 셰난도아 공원내 스카이랜드 Resort 강사: 송길원 목사 부부(부부 프로그램), 전명희 박사, 이태인 디렉터(가족, 자녀 프로그램) 문의: 703-354-6345(전명희 ext.109, 이태인 ext.106)",주보 (2006-07-16)
2006-07-29,2006,7,기타행사,"건축선교 World Changers: 주관: Southern Baptist Convention 장소: 펜실바니아주의 필라델피아 기간: 7/29(토)~8/5(토) 2006, 7일간 참석대상: 집수리하는 일로 선교에 동참하고 싶은 분은 누구나. 등록비: 260불 문의: 김용철 집사(301-674-5758)",주보 (2006-06-18)
2006-07-29,2006,7,기타행사,"비전센타 부지 땅밟기 기도: 청년 1,2부 마을장, 목자 임원들의 건축부지 탐방 및 땅밟기 기도 일시: 7/29(토) 3pm 교회에서 출발.",주보 (2006-07-23)
2006-08-06,2006,8,선교,단기선교팀들의 안전한 사역을 위하여,주보 (2006-08-06)
2006-08-12,2006,8,세미나,"회교도(무슬림) 전도세미나: 일시: 8/12(토) 8am~3:30pm 장소: 아가페 채플 비용: 35불(교재비와 점심, 간식비용)/단 7/30(주일)까지 등록하면 25불. 내용: ①회교도 신앙과 생활에 대한 분명한 이해 ②회교도에게 효과적으로 전도하는 방법 ③회교도가 던지는 질문에 대한 적절한 대답 등록: 7/16(오늘)부터 복도에서. 문의: 권학중 집사(301-365-4206) 박경범 목사(240-478-5521)",주보 (2006-07-16)
2006-08-13,2006,8,선교,단기선교팀들의 안전한 사역을 위하여,주보 (2006-08-13)
2006-08-27,2006,8,선교,"GMC오케스트라: 8/27(오늘), 10:30am GMC오케스트라 멕시코 단기선교 보고가 있음.",주보 (2006-08-27)
2006-08-29,2006,8,세미나,학자금 보조세미나: 일시: 8/29(화) 7:30pm~9pm 장소: 아가페 채플 문의: 박경범 목사(240-478-5521) 대학 진학하는 자녀를 위해 정부와 학교로부터 장학금과 보조금을 받을수 있는 방법 안내,주보 (2006-07-23)
2006-09-01,2006,9,훈련/수련회,청년부 수련회: 청년1부(그루터기): 9/1(금)~9/3(주일) 청년2부(다드림): 8/25(금)~ 8/27(주일) 장소: 안나산 기도원 문의 고상환 목사(240-643-0477),주보 (2006-08-27)
2006-09-10,2006,9,세미나,"가을학기 제자훈련 제공과목 안내 ◆ 과목(주일 제자훈련/9/10 개강) 기간 수업시간 교사 교실 G101 새교우반 6주 10:00am-11:10am 김성환 104 G102 셀가족반 6주 10:00am-11:10am 김주원 104 G201 새소명반 6주 11:30am-12:40pm 권학중 322 G202 성경의 흐름잡기 10주 11:30am-12:40pm 박경범 306 G203 QT반:기초입문 7주 10:00am-11:10am 황지성 110 G203 QT반:연속 연중 10:00am-11:10am 황지성 117/141 G205 하나님을 경험하는 삶 12주 8:30am-9:45am 정영길 322 G302 셀목자 준비훈련 8주 4:00pm-6:00pm 고상환 204 G303 귀납법적성경공부 9주 10:00am-11:10am 권오빈 317 G362 교사 훈련반 10주 09:00am-10:00am 김만배 317 G371 선교 재무장반 6주 11:30am-12:40pm 조호중 322 G401 제3기마을장준비훈련 6주(목) 7:30pm-9:00pm 고상환 204 E203 사도행전 6주 11:30am-12:40pm 조규만 359(본당뒤) E213-a 요한복음 6주 10:00am-11:10am 성명진 110 E213-b 요한복음(10/29개강) 6주 11:30am-12:40pm 성명진 115 E219 창조과학 세미나 6주 11:30am-12:40pm 예덕천 115 E220 구도자반(9/17개강) 6주 11:30am-1:00pm 최인돈 351(본당뒤) 과목(목요 제자훈련/9/14 개강) 기간 수업시간 교사 교실 E208-a 이렇게 기도하라 12주 10:00am-11:30am 임춘신 117 E208-b 이렇게 기도하라 12주 7:30pm-9:00pm 임춘신 117 E221 그리스도인의 영적성숙 8주 7:30pm-9:00pm 계영희 226 과목(토요 제자훈련/9/23 개강) 기간 수업시간 교사 교실 청년반 성경아카데미/기독교세계관 10주 8:00pm 류 정 소망회실 과목(주일 공과반: 연중 계속) 기간 수업시간 교사 교실 E201-a 히브리서 연중 8:45am-9:45am 권오빈 104 E201-b 히브리서 연중 10:00am-11:00am 이자선 322 E201-c 히브리서 연중 11:30am-12:30pm 이한일 104 E201-d Hebrews 연중 8:45am-9:45am Ron Krams 316C 과목(화요일) 기간 수업시간 교사 교실 G351 전도폭발훈련 13주 7:00pm-10:00pm 김성환,장세진 아가페 섬기는 사람들 담임목사: 김 만 풍 동역목사: 이 동 원 한어사역 목사: 조호중 고상환 박경범 조규만 백동진 박현오 영어사역 목사: 이동열 협동 목사: 정영길 다문화권사역 목사: 짐셜린 전 도 사: 임춘신 조오스틴 문병득 실습 계영희 서용길 지 휘 자: 양재혁 이광규 이성희 반 주 자: 정원희 고경님 남윤숙 김신애 한소연 박정은 셜린린다 직 원: 앤토니 강명옥 성양숙 조영복 조성훈 권지완 호아킨 나병현 김효선",주보 (2006-09-03)
2006-09-24,2006,9,세미나,"이웃사랑팀/나눔: ‘이웃 사랑’의 이해와 실천을 돕는 세미나 개최 일시: 9/24(주일) 7pm (6pm 부터 저녁식사 있음.) 장소: 아가페 채플 등록마감: 9/17(주일)셀교회 리더나 이웃사랑팀을 통해 등록(이름, 연락처 필요) 문의: 이석용 집사(301-461-5840, nmeeting@hotmail.com 김정홍 집사(301-924-1044)",주보 (2006-08-27)
2006-10-07,2006,10,특별행사,제11회 사랑의 잔치(장애인): 주최: 장애인 선교부 일시: 10/7(토) 장소: Wheaton Regional Park(위튼 한아름 뒤쪽) 문의: 홍재철 집사(240-793-8446),주보 (2006-09-24)
2006-10-08,2006,10,특별행사,박경범 목사 지역 피크닉: 일시: 10/8(오늘) 1pm 장소: 축구장 옆 지구촌 동산 목원 모두 참석하여 식사와 교제 시간을 가지시기 바람 * 비가 오면 카타콤 채플에서 문의: 박경범 목사(240-478-5521),주보 (2006-10-08)
2006-10-08,2006,10,세미나,"부모와 자녀 주최: 가정사역팀 장소: 아가페 채플 등록비: 개인-$10, 부부-$15 (세미나, 점심, 간식 포함) 문의: 이희민 집사(301-762-7211)",주보 (2006-10-08)
2006-10-14,2006,10,세미나,부부세미나: 일시: 10/14(토) 9am~4pm 강사: 강순영 목사(현 예수사랑 선교교회 담임 및 JAMA 총무) 김철민 장로(Christian Marriage and Family Ministry 대표) 강좌: ①행복한 그리스도인의 부부 ②결혼의 네가지 원리 ③참사랑의 이해와 실천,주보 (2006-10-01)
2006-10-15,2006,10,기타행사,셀교회 비전부지 땅밟기 기도: 오늘(10/15) 고핫셀 건축부지 방문함. 셀교회 별로 비전부지 땅밟기 기도를 원하는 셀은 김성환 집사께 문의바람. (301-509-7976),주보 (2006-10-15)
2006-10-15,2006,10,성례,선교팀: MET2006 아시아 남부팀/중부팀 선교보고10/15(오늘) 11:45am 장소: 선교원(303호) RTP 지구촌교회(이 철 목사 시무)를 위한 책이 350권 정도 수집되었음. 네팔 침례교회를 위한 의료선교가 10/15(오늘) 1pm~5pm 볼티모어에서 실시됨.,주보 (2006-10-15)
2006-10-22,2006,10,기타행사,셀교회 비전부지 땅밟기 기도: 셀교회 별로 비전부지 땅밟기 기도를 원하는 셀은 김성환 집사께 문의바람. (301-509-7976),주보 (2006-10-22)
2006-10-29,2006,10,선교,제자훈련 과목 개설: 일시: 10/29(주일) 수강신청서: 교회사무실 구분 과목 기간 수업시간 교사 교실 G102 셀가족반 (10/22개강) 6주 10:00-11:10 김주원 104 G203 QT 반 : 기초입문 7주 10:00-11:10 황지성 110 G371 선교재무장 (단기선교경험자) 6주 11:30-12:40 조호중 322 E213 요한복음 6주 11:30-12:40 성명진 115 E220 구도자반 6주 11:30-12:50 최인돈 351,주보 (2006-10-15)
2006-10-29,2006,10,창립,교회창립 32주년을 맞는 우리 교회에 하나님의 영광이 충만하기 위하여 ••••• 2006년 셀 축제를 위한 셀교회 협조 요청 사항 •••••,주보 (2006-10-29)
2006-10-30,2006,10,기타행사,감사절 특별새벽기도회: 일시: 10/30(월)~11/18(토) 5:30am,주보 (2006-10-22)
2006-11-02,2006,11,목회자 부임,"목회자 부임: 영어회중 James 변 목사께서 11월2일(목) 자로 부임, 이동렬 목사께서 11월30일 자로 사임하시고 2007년 1월중 선교사로 파송준비를 하시게됨.",주보 (2006-10-29)
2006-11-12,2006,11,기타행사,"온 세상에 주님의 평화가 임하고 복음이 전파되기 위하여 ••••• 2006년 지구촌교회 전교인 셀축제 시간별 순서 ••••• 일시: 오늘(11월12일) 10am-5:30pm (저녁식사 시간포함) 주제: “흐르는 사랑” ••••• 셀축제 시간별 진행내용 ••••• 프로그램 시간 장소 1부 행사 -사역별 소개자료 전시 및 소개 -찬조출연 중심의 축제진행 -어린이 청소년 성경퀴즈 -지역별로 최종연습 (1:50pm~2:20pm/30분간) 10am-2pm 다목적 대강당 지역별 최종연습 장소 안내 조호중목사 지역(313호실) 박경범목사 지역(카타콤채플) 조규만목사 지역(316호실) 박현오목사 지역(150호실) 임춘신전도사 지역(146호실) 계영희전도사 지역(소망회실) 2부 행사 -지역별 찬양 등의 시간 2:30pm-4:30pm 본당 지역별로 지정된 좌석에서 중간에 연습없이 축제에 참여해 주기 바람. 오프닝 찬양 청년 찬양팀 참가팀 1 계영희 전도사 지역(소망회) 참가팀 2 조규만 목사 지역 참가팀 3 임춘신 전도사 지역 참가팀 4 박현오 목사 지역 참가팀 5 제임스 변 목사 지역(EM) 참가팀 6 조호중 목사 지역 참가팀 7 박경범 목사 지역 참가팀 8(찬조팀) 고상환 목사 지역(청년부) 3부 행사 -만찬 및 시상식(주일학교 학생대상 미술대회/글짓기 대회 시상, 지역교회 행사 시상 등) -비전을 향한 기도 4:30pm-5:30pm 다목적 대강당 섬기는 사람들 담임목사: 김 만 풍 동역목사: 이 동 원 한어사역 목사: 조호중 고상환 박경범 조규만 백동진 박현오 영어사역 목사: 이동열 협동 목사: 정영길 다문화권사역 목사: 짐셜린 전 도 사: 임춘신 조오스틴 문병득 실습 계영희 서용길 지 휘 자: 양재혁 이광규 이성희 반 주 자: 정원희 고경님 남윤숙 김신애 한소연 박정은 셜린린다 직 원: 앤토니 강명옥 성양숙 조영복 조성훈 권지완 호아킨 나병현 김효선",주보 (2006-11-12)
2006-11-19,2006,11,기타행사,"목자 비전부지 땅밟기 기도: 목자들의 교회 건축부지 땅밟기 기도가 있음. 일시: 11/19(주일) 1pm~5:30pm 문의: 셀사무실, 김성환 집사(301-509-7976) 30명 선착순, 슈가로프 산도 다녀올 예정임.",주보 (2006-10-29)
2006-11-19,2006,11,목회자 부임,"목회자 부임/취임식: 영어회중 James 변 목사께서 11월2일(목)자로 부임, 이동렬 목사께서 11월30일 자로 사임하시고 2007년 1월중 선교사로 파송을 준비함. 취임식: 영어회중 James 변 목사의 취임식이 11/19(주일) 4pm 교회 본당에서 있음.",주보 (2006-11-12)
2006-12-02,2006,12,특별행사,"상록회 후원의 밤(지구촌 청소년 오케스트라 연주회): “청소년들이 할아버지 할머니를 섬기는 아름다운 음악회” 일시: 12/2(토) 7pm 장소: 워싱톤 지구촌교회 본당 후원금: 20불 티켓 판매장소: 강당 지휘/조성희, 바리톤/이광규, 소프라노/박경희, 반주/Lionel Yu",주보 (2006-11-12)
2006-12-03,2006,12,선교,선교팀: MET2007 단기선교 팀원 모집: 내년도 단기선교에 참여할 헌신자를 모집함. 모집 일시: 오늘 각 예배시 MET2007 단기선교 파송 예정지: 주보 간지를 참조. 헌신카드는 헌금함에 넣거나 예배시간 중 제출바람. 2006 세계선교 기도주간: 기간: 12/3(오늘)~12/10(주일) 이 기간에 전 남 침례 교회들이 세계선교를 위해 기도함. 매일 한번 이상 기도에 동참해 주시기 바람. 세계선교를 위한 새벽기도회: 12/4(월)~12/9(토) 인도: 조호중 목사 라티문 성탄헌금: 세계선교에 100% 사용되는 선교헌금임. 남침례교회들 전국 모금 목표액: 1억 5천만불 헌금일: 12/25(월) 크리스마스 헌금과 함께 드림.,주보 (2006-12-03)
2006-12-03,2006,12,선교,세계 각처에 파송된 IMB 선교사들 사역을 위하여,주보 (2006-12-03)
2006-12-03,2006,12,기타행사,"셀조직 셀목자, 부목자, 찬양, 기도 선교, 예배, 교육훈련 부장 등 전 목원이 사역자와 임원으로 섬길 수 있도록 직분을 맡겨주시기 바람. <셀 모임에 대한 안내>",주보 (2006-12-03)
2006-12-08,2006,12,부흥회/집회,금요모임(Friday Night): 12/8(금) 금요모임: 부흥집회 참석 장소: 휄로쉽 교회 교회에서 6:30pm 출발,주보 (2006-12-03)
2006-12-09,2006,12,특별행사,성탄음악회: 일시: 12/9(토) 8pm 장소: 본당 캐롤의 축제/A Ceremony of Carols (벤자민 브리튼) 찬양대 성탄음악회에 전교인과 셀별로 참석바람. (전도의 기회로 삼으시고 초청해 주세요.),주보 (2006-12-03)
2006-12-10,2006,12,기타행사,"셀조직 셀목자, 부목자, 찬양, 기도 선교, 예배, 교육훈련 부장 등 전 목원이 사역자와 임원으로 섬길 수 있도록 직분을 맡겨주시기 바람. <셀 모임에 대한 안내>",주보 (2006-12-10)
2006-12-10,2006,12,선교,"소천: 현수길(현양순 권사 남편) 장로께서 지난 12/10(주일) 소천. 2006년 12월 / 2007년 1월 행사 12/17 주일(4pm) 제직 오리엔테이션/비전과 감사의 밤 12/23 토(7pm) 청년부 전도집회 12/24 주일(5pm) 오후 성탄이브 행사 12/25 월(10am) 성탄예배/침례식/라티문 헌금, EM 성탄예배 12/31 주일밤(10:30pm) 송구영신예배/주의 만찬, EM 송구영신 예배 1/1 월(10am) 신년예배 1/2~6 화~토(5:20am) 신년 특별 새벽기도회(주제: 주님 나라 위하여) 1/14 주일 EM 사무총회 1/21 주일 KM 사무총회/이동열 목사 파송예배",주보 (2006-12-17)
2006-12-16,2006,12,특별행사,"th Annual Community Christmas Banquet(영어회중: 크리스마스 잔치): 우리 교회 주변의 소외되고, 형편이 어려운, 외로운 인근 지역 주민, 가족을 위한 크리스마스 잔치임. 주최: 영어회중 일시: 12/16(토) 6:30pm~9pm 이 가족들을 위한 크리스마스 선물 또는 현금/수표 등을 받음. 문의: 이동렬 목사",주보 (2006-12-03)
2006-12-17,2006,12,성례,침례식: 오는 성탄절에 침례를 받기 원하시는 교우께서는 교회 사무실 앞에 비치한 “침례신청서 및 간증문”을 작성하여 교회 사무실이나 조규만 목사 메일함에 제출해 주시기 바람. 제출기간: 12/17(주일) 까지,주보 (2006-12-03)
2006-12-17,2006,12,기타행사,"셀조직 셀목자, 부목자, 찬양, 기도 선교, 예배, 교육훈련 부장 등 전 목원이 사역자와 임원으로 섬길 수 있도록 직분을 맡겨주시기 바람. <셀 모임에 대한 안내>",주보 (2006-12-17)
2006-12-23,2006,12,부흥회/집회,청년부 전도집회: 일시: 12/23(토) 5pm 장소: 본당 문의: 전혜원 마을장 (443-824-4092) 이정철 마을장(443-226-4487) 주위에 신앙생활을 하지 않는 청년들이 있다면 연락바람.,주보 (2006-12-10)
2006-12-25,2006,12,성례,선교팀: 라티문 성탄헌금: 세계선교에 100% 사용되는 선교헌금임. 남침례교회들 전국 모금 목표액: 1억 5천만불 헌금일: 12/25(월) 크리스마스 헌금과 함께 드림.,주보 (2006-12-10)
2007-01-05,2007,1,성례,청년 연합 겨울수련회: 일시: 1/5(금)~7(주일) 장소: Sandy Cove 수양관 주제: 생활 속의 그리스도인 강사: 노은석 목사(한국 침례신학대학 교수),주보 (2006-12-17)
2007-01-06,2007,1,기타행사,년 1월 첫주일(1월6일)에 있을 건축헌금 약정(700만불)에 온 교우들이 동참하여 차고 넘칠수 있도록,주보 (2007-11-18)
2007-01-07,2007,1,기타행사,"감사: 신년 특별 새벽기도회에 찬양, 간식, 안내로 섬겨 주신 모든 교우들께 진심으로 감사 드림.",주보 (2007-01-07)
2007-01-07,2007,1,기타행사,"셀조직 셀목자, 부목자, 찬양, 기도 선교, 예배, 교육훈련 부장 등 전 목원이 사역자와 임원으로 섬길 수 있도록 직분을 맡겨주시기 바람. <셀 모임에 대한 안내>",주보 (2007-01-07)
2007-01-14,2007,1,선교,"선교팀: 지구촌교회 파송, 협력선교사님들이 사용할 수 있는 선교사 하우스의 침실, 부엌, 화장실 용품들을 구하고 있음. 필요한 물품들은 사무실에서 확인하셔서 풍성하게 채워주시기를 부탁드림. 문의: 안철환 집사(202-386-2061)",주보 (2007-01-14)
2007-01-14,2007,1,기타행사,"셀조직 셀목자, 부목자, 찬양, 기도 선교, 예배, 교육훈련 부장 등 전 목원이 사역자와 임원으로 섬길 수 있도록 직분을 맡겨주시기 바람. <셀 모임에 대한 안내>",주보 (2007-01-14)
2007-01-19,2007,1,특별행사,"금요모임(Friday Night)/셀모임(오이코스): 1/19(금) 금요모임은 셀모임으로. 스케쥴: ① 7:30pm~8:20pm: 저녁식사 함께 ② 8:20pm~9pm: 게임/친교 ③ 9pm~9:15pm: 성경공부 RockvilleA오이코스: 일시: 1/19(금), 7:30pm 장소: Jonathan송(부모님:송대용/혜란 집사댁) 301-294-2262 RockvilleB오이코스: 일시: 1/19(금), 7:30pm 장소: Erica 함(부모님: 함석호/선희 집사댁) 301-217-0848 Potomac오이코스: 일시: 1/19(금), 7:30pm 장소: Pauline이(부모님: 이종국/인순 집사댁) 240-453-0193 Germantown/Gaithersburg/Frederick오이코스: 일시: 1/19(금), 7:10pm 장소: James유(부모님: 유중현/향숙 집사댁) 301-601-0070 함께 모여 음악회를 감. Silver Spring/Columbia/Olney오이코스: 일시: 1/19(금), 7:30pm 장소: Rebeckah김(부모님: 김만배/승복 집사댁) 301-560-1784",주보 (2007-01-14)
2007-01-21,2007,1,회의/의회,사무총회: 일시: 1/21(주일) 1:30pm 장소: 커버넌트 채플 참석대상: 등록된 만18세 이상의 전교인,주보 (2007-01-07)
2007-01-21,2007,1,기타행사,"셀조직 셀목자, 부목자, 찬양, 기도 선교, 예배, 교육훈련 부장 등 전 목원이 사역자와 임원으로 섬길 수 있도록 직분을 맡겨주시기 바람. <셀 모임에 대한 안내>",주보 (2007-01-21)
2007-01-28,2007,1,선교,"선교팀 선교보고(동북아시아): 일시: 1/28(주일) 11:45am 장소: 선교원(303호) 보고자: 이삼열/은혜 선교사, 김익겸/유경 선교사 지구촌교회 파송, 협력선교사님들이 사용할 수 있는 선교사 하우스의 침실, 부엌, 화장실 용품들을 구하고 있음. 필요한 물품들을 풍성하게 채워 주시기를 부탁드림. 문의: 안철환 집사(202-386-2061)",주보 (2007-01-21)
2007-01-28,2007,1,기타행사,비전센터 건축모금을 위한 바자 준비위원 모임: (각 사역팀장) 일시: 1/28(주일) 1:30pm 장소: 새교우 영접실 문의: 김성환 집사(301-509-7976),주보 (2007-01-21)
2007-01-28,2007,1,특별행사,"비전센터 건축모금을 위한 바자 준비위원 모임: 일시: 1/28(오늘) 1:30pm 장소: 104호 준비위원: 각 팀장, 역대 잔치장, 지역목회자 문의: 김성환 집사(301-509-7976)",주보 (2007-01-28)
2007-02-03,2007,2,선교,MET2007 단기선교 팀장모임: 일시: 2/3(토) 10am 장소: 선교원(303호) 팀장 모두 참석바람.,주보 (2007-01-28)
2007-02-04,2007,2,특별행사,"비전센터 건축모금을 위한 바자 준비위원 모임: 일시: 2/4(오늘) 1:30pm 장소: 104호 준비위원: 각 팀장, 역대 잔치장, 지역목회자 문의: 김성환 집사(301-509-7976)",주보 (2007-02-04)
2007-02-04,2007,2,선교,"선교팀: 지구촌교회 파송, 협력선교사님들이 사용할 수 있는 선교사 하우스의 침실, 부엌, 화장실 용품들을 구하고 있음. 필요한 물품들은 사무실에서 확인하셔서 풍성하게 채워주시기를 부탁드림. 문의: 안철환 집사(202-386-2061)",주보 (2007-02-04)
2007-02-04,2007,2,성례,년도 목회자 담당사역 배정안내 ◆ 목 회 자 지역목회 팀사역 기타사역 조호중 장년 지역사역 목회기획팀/셀리더팀 목회자/베다니룸/교적부 박경범 제자훈련팀/가정사역팀 영어사역 지원/사랑의순례 조규만 이웃사랑팀/기도팀 지구촌 장학회 박현오 예배팀 웹관리/한국학교 임춘신 새교우팀 고상환 청년 지역사역 행정운영팀/시설관리팀 침례식 백동진 청소년/어린이 지역사역 교육사역팀/선교팀 AWANA/헌아/다문화사역지원 Austin 조 영어관련사역 서용길 경배와 찬양팀(수) 문병득 경배와 찬양팀 사랑의 순례/악기관리 Jim Shirlen 다문화(IM) 지역사역 섬기는 사람들 담임목사: 김 만 풍 동역목사: 이 동 원 한어사역 목사: 조호중 고상환 박경범 조규만 백동진 박현오 영어사역 목사: 제임스 변 협동 목사: 정영길 다문화권사역 목사: 짐 셜린 전 도 사: 임춘신 조오스틴 문병득 서용길 지 휘 자: 양재혁 이광규 이성희 반 주 자: 정원희 고경님 남윤숙 김신애 한소연 박정은 셜린린다 직 원: 앤토니 강명옥 성양숙 조영복 조성훈 권지완 호아킨 김효선 이유자,주보 (2007-02-04)
2007-02-11,2007,2,특별행사,"비전센터 건축모금을 위한 바자 준비위원 모임: 일시: 2/11(오늘), 12:30pm 장소: 303호 준비위원들: 각 팀장, 역대 잔치장, 지역목회자 문의: 김성환 집사(301-509-7976)",주보 (2007-02-11)
2007-02-11,2007,2,기타행사,"지구촌 비전센터 건축허가 절차가 주님의 은혜로 진행되기 위하여 ••••• 2007년도 지역목회자별 지역구분 ••••• 목회자 마을장 셀교회 비셀 목원 Zip‐Code* 조호중 이병준 기쁨, 부활, 위튼, 로뎀나무, 평강, 화평 20850-20866 박명옥 충만, 길, 목적이 이끄는, 임마누엘, 한마음, 할렐루야 정근영 베데스다, 씨뿌림, 야베스, 에바다, 축복, 한우리, 헤브론, 비들기 박경범 김주원 버지니아(S), 하나됨, 오직예수, 포토맥 02135 20001‐20770 20783 21016‐22602 남연우 주바라기, 콜롬비아, 클락스빌, 토브 황지성 나눔, 믿음회, Beyond Faith, 헷세드, 전신갑주 한명우 사랑회, 증인들, 불기둥, 주님사랑 조규만 강현옥 방주, 브니엘, 산상수훈, 실버스프링 20784‐20841 20871‐20900 정성자 더욱사랑, 사랑, 아스펜힐, 에벤에셀 이태호 돌단마을, 목장마을, 샘물마을, 세움, 솔츠베리예능, 영광, 옥토마을 조규만 새예루살렘, 갈릴리, 이삭, 비어스, 옥탑, 유니버시티 박현오 송병재 서로돌봄, 가족, 밀알, 사은, 익투스, 기대 20901‐20910 이석용 향기로운, 격려, 예판, 생명, 예앎, The Spirit 강동인 감람나무, 생명나무, 종려나무, 유성회, 열매맺는 나무, 땅끝까지 임춘신 김성환 감사, 고핫, 에덴동산, 목마른사슴, The Half Timers, 내 사랑하는자여, 주는나의목자 새교우 홍명순 과원, 나침반, 로이스, 루디아, 서로사랑, GP(푸른목장) 홍성권 노아, 생수, 스톤게이트, 예은 안창규 여호와살롬, 등대, 실로암, 은천 짐셜린 짐셜린 Appletree, Love & Grace, 포도나무 다문화 고상환 박정수 Pathfinder, 워드, In Him 청년 박선영 실크로드, Energizer, 하.자. 황태호 팝콘, Honeycomb & Now, 한알 황신애 Joy, 영토, CIA, FTC",주보 (2007-02-11)
2007-02-17,2007,2,특별행사,상록회 정기총회 및 소망회/상록회 합동 구정잔치: 일시: 2/17(토) 11am 장소: 지구촌 교회 다목적대강당 문의: 이병준 집사(301-384-9830) 모든 회원 참석바람.,주보 (2007-02-04)
2007-02-18,2007,2,선교,"선교팀: 선교팀 모임: 일시: 2/18(주일), 4:30pm 장소: 이영재/순영 집사댁(301-983-3950) 지구촌교회 파송, 협력선교사님들이 사용할 수 있는 선교사 하우스의 침실, 부엌, 화장실 용품들을 구하고 있음. 필요한 물품들은 사무실에서 확인하셔서 풍성하게 채워주시기를 부탁드림. 문의: 안철환 집사(202-386-2061)",주보 (2007-02-11)
2007-02-18,2007,2,훈련/수련회,목회자/스텝 수련회 : 기간: 2/18(주일)~2/19(월) 장소: Skycroft 수양관,주보 (2007-02-18)
2007-02-18,2007,2,특별행사,감사: 상록회/소망회 구정잔치에 수고해 주신 분들께 진심으로 감사드립니다.,주보 (2007-02-18)
2007-02-24,2007,2,훈련/수련회,"마을장/셀목자 수련회: 일시: 2/24(토), 4pm~2/25(주일), 8am 장소: 안나산 기도원 주제: ‘회개하고 기도하며 첫사랑을 회복하자’ 문의: 각 지역목회자 혹은 마을장",주보 (2007-01-28)
2007-02-25,2007,2,세미나,"교육사역팀 교사/학부모 세미나: 일시: 2/25(주일), 1pm 강사: 김인환 목사(한국 지구촌교회) 장소: 아가페 채플 교사, 학부모들을 위한 자녀교육 세미나",주보 (2007-02-11)
2007-02-25,2007,2,성례,년도 목회자 담당사역 배정안내 ◆ 목 회 자 지역목회 팀사역 기타사역 조호중 장년 지역사역 목회기획팀/셀리더팀 목회자/베다니룸/교적부 박경범 제자훈련팀/가정사역팀 영어사역 지원/사랑의순례 조규만 이웃사랑팀/기도팀 지구촌 장학회 박현오 예배팀 웹관리/한국학교 임춘신 새교우팀 고상환 청년 지역사역 행정운영팀/시설관리팀 침례식 백동진 청소년/어린이 지역사역 교육사역팀/선교팀 AWANA/헌아/다문화사역지원 Austin 조 영어관련사역 서용길 경배와 찬양팀(수) 문병득 경배와 찬양팀 사랑의 순례/악기관리 Jim Shirlen 다문화(IM) 지역사역,주보 (2007-02-25)
2007-03-04,2007,3,선교,"선교팀: MET2007 페루 단기선교 보고: 일시: 3/4(주일), 11:45am 장소: 선교원(303호)",주보 (2007-02-25)
2007-03-04,2007,3,창립,"Harmony Hill(영어회중): 오늘은 영어회중(EM) 15주년 창립기념 주일임. 예배시간: 1:30pm 장소: Covenant Chapel 초청강사: Dr. Gary Cook(President, Dallas Baptist University) 한어 3부예배에도 설교해 주심. EM 창립예배에 많은 성도의 참여바람.",주보 (2007-03-04)
2007-03-04,2007,3,창립,"창립 15주년을 맞는 EM사역(James Byun 목사 담당)의 계속적인 부흥을 위하여 ••••• 2007년도 지역목회자별 지역구분 ••••• 목회자 마을장 셀교회 비셀 목원 Zip‐Code* 조호중 이병준 기쁨, 부활, 위튼, 로뎀나무, 평강, 화평 20850-20866 박명옥 충만, 길, 목적이 이끄는, 임마누엘, 한마음, 할렐루야 정근영 베데스다, 씨뿌림, 야베스, 에바다, 축복, 한우리, 헤브론, 비들기 박경범 김주원 버지니아(S), 하나됨, 오직예수, 포토맥 02135 20001‐20770 20783 21016‐22602 남연우 주바라기, 콜롬비아, 클락스빌, 토브 황지성 나눔, 믿음회, Beyond Faith, 헷세드, 전신갑주 한명우 사랑회, 증인들, 불기둥, 주님사랑 조규만 강현옥 방주, 브니엘, 산상수훈, 실버스프링 20784‐20841 20871‐20900 정성자 더욱사랑, 사랑, 아스펜힐, 에벤에셀 이태호 돌단마을, 목장마을, 샘물마을, 세움, 솔츠베리예능, 영광, 옥토마을 조규만 새예루살렘, 갈릴리, 이삭, 비어스, 옥탑, 유니버시티 박현오 송병재 서로돌봄, 가족, 밀알, 사은, 익투스, 기대 20901‐20910 이석용 향기로운, 격려, 예판, 생명, 예앎, The Spirit 강동인 감람나무, 생명나무, 종려나무, 유성회, 열매맺는 나무, 땅끝까지 임춘신 김성환 감사, 고핫, 에덴동산, 목마른사슴, The Half Timers, 내 사랑하는자여, 주는나의목자 새교우 홍명순 과원, 나침반, 로이스, 루디아, 서로사랑, GP(푸른목장) 홍성권 노아, 생수, 스톤게이트, 예은 안창규 여호와살롬, 등대, 실로암, 은천 짐셜린 짐셜린 Appletree, Love & Grace, 포도나무 다문화 고상환 박정수 In Him, 소명, 카리스마 청년 박선영 실크로드, Energizer, Soul 황태호 팝콘, H2O, 한알 황신애 Joy, 영토, CIA, FTC",주보 (2007-03-04)
2007-03-23,2007,3,세미나,"멀티미디어 영상세미나: 예배와 팀사역에 도움이 되는 전문적인 영상세미나를 개최하여 멀티미디어 사역에 도움을 드리고자 함. 일시: ① 3/23(금), 7:30pm",주보 (2007-03-11)
2007-03-25,2007,3,기타행사,"선교팀: 주기쁨 선교사 동북아시아 선교보고: 일시: 3/25(오늘), 11:45am 장소: 선교원 (303호) 선교보고 후 선교팀 3월 월례회가 있음. World Changers(건축선교): 주관: North American Mission Board(NAMB) 기간: 7/14(토)~7/21(토) 장소: 필라델피아 참가비: 260불 대상: 집 수리하는 일로 선교에 동참하고 싶은 분은 누구나 문의: 김용철 집사(301-674-5758)",주보 (2007-03-25)
2007-03-29,2007,3,세미나,"기도사역팀: 제3회 관상기도 세미나 준비모임/기도모임: 일시: 3/29(목), 8pm 장소: 115호",주보 (2007-03-25)
2007-03-30,2007,3,선교,"금요모임(Friday Night): 3/30(금) 금요모임은 CEF(Child Evangelism Fellowship) Training 으로 모임. 장소: CBC(Chinese Bible Church, 4414 Muncaster Mill Rd. Rockville, MD 20853) 대상: 이번 여름에 단기선교(과테말라, 키니스틴, 제주도) 가는 학생 Training시작은 6:30pm, 이날 교회에서 Van이 6:15pm에 출발, 9:45pm 교회에 도착)",주보 (2007-03-25)
2007-04-01,2007,4,성례,침례식: 각 예배시 있음. 침례신청서와 간증문을 작성하여 사무실에 제출해 주시기 바람. 문의: 각 지역목회자,주보 (2007-04-01)
2007-04-01,2007,4,성례,Family Worship(가족예배): 4부예배시 자녀들과 함께 영어로 드림. 이날 중고등부 침례식과 ‘참사랑은 기다리는 것’ 순결서약식이 함께 있음.,주보 (2007-04-01)
2007-04-02,2007,4,기타행사,"부활절 특별새벽기도회: 일시: 4/2(월)~4/7(토), 5:30am",주보 (2007-03-04)
2007-04-06,2007,4,특별행사,"년 부활절 음악회: 일시: 4/6(금), 8pm 장소: 본당 부활하신 주님을 기억하며 다시 오실 주님을 기대하며 온 성도가 함께 참여하는 부활절 음악회에 참여를 바람. 4/6(금) 셀모임은 부활절 음악회로 대신함. (저녁식사가 제공됨.)",주보 (2007-03-11)
2007-04-08,2007,4,성례,침례식: 4/8(Easter주일)에 침례식이 있음. 등록받고 있음.,주보 (2007-02-25)
2007-04-08,2007,4,성례,침례식: 오는 4/8(부활주일) 각 예배시 침례식이 있음. 침례신청서와 간증문을 작성하여 사무실에 제출해 주시기 바람. 문의: 각 지역목회자,주보 (2007-03-04)
2007-04-08,2007,4,성례,부활절 예배: 오는 부활절 예배(4/8)는 4부예배 시 Family Worship(가족예배)로 자녀들과 함께 영어로 드림. 이날 중고등부 침례식이 함께 있음.,주보 (2007-03-25)
2007-04-08,2007,4,성례,"침례식: 각 예배시 있음. 명단: 한어회중: 신원실, 김상철, 주정현, 이혜선 영어중고등부: Andrew Hur, Hannah Kang, Jenny Gil, Gloria So, Jenni Kim, Tetis Chang, Sara Kwon (15명)",주보 (2007-04-08)
2007-04-14,2007,4,특별행사,"제12회 장애인과 함께 하는‘사랑의 음악회’: 일시: 4/14(토), 5pm 장소: 지구촌 교회 문의: 유기장 집사(301-928-2790) 홍재철 집사(240-475-9386) 이날 Abraham Kim의 간증이 있음.",주보 (2007-03-25)
2007-04-16,2007,4,선교,"선교팀: MET2007 카작스탄 단기선교: 일시: 4/16(월)~4/23(월) 출발: 4/16(월), 6:40pm, Dulles공항(United AL) 도착: 4/23(월), 2:13pm, Dulles공항(United AL) 사역내용: 목회자 세미나 인도, 치과 의료사역 및 개인전도 MET2007 단기선교팀 전체훈련: 일시: 4/21(토), 12:30pm~5pm 장소: 커버넌트 채플 문의: 조규철 집사(202-487-0924)MET2007 단기선교 팀장 및 팀원 전원 참석요망.",주보 (2007-04-08)
2007-04-21,2007,4,기타행사,"전교인 봄철대청소: 일시: 4/21(토), 8am~12pm 문의: 이재욱 집사(301-622-5345) 최영섭 집사(301-330-1592) 점심제공",주보 (2007-04-08)
2007-04-22,2007,4,기타행사,특별헌금: 버지니아텍 사고 희생자 가족들을 돕기 위한 특별헌금에 참여를 부탁드림. 헌금기간: 4/22(오늘)과 4/29(주일),주보 (2007-04-22)
2007-04-28,2007,4,특별행사,"제자훈련 공과반 안내: 과목(주일 공과반: 연중 계속) 기간 수업시간 교사 교실 E201-a 베드로 전,후서 연중 8:45am-9:45am 권오빈 104 E201-b 베드로 전,후서 연중 10:00am-11:00am 이자선 322 E201-c 베드로 전,후서 연중 11:30am-12:30pm 이한일 306 E201-d 1,2 Peter 연중 8:45am-9:45am Ron Krams 316C ••••• 지구촌 비전의 잔치 ••••• 2007년 4월28일(토), 8:30am~3:30pm 예배하는 장소, 언어, 모습이 다를지라도 우리는 지구촌의 한 지체이며 형제 자매입니다. 4월28일(토) 지구촌 비전의 잔치가 작은교회들과 큰교회가 하나되어 이웃들에게 주님이 가르쳐주신 사랑을 실천하는 즐겁고, 기쁜 시간이 되기를 기도합니다. 바자 수익금은 지구촌의 비전을 위한 비전센터 건립에 사용됩니다. 이번 바자회는 아래와 같이 각 지역교회별로 운영할 예정이오니 각 셀교회와 성도님들의 참여를 부탁드립니다. 28일 꼭! 지구촌비전의 잔치에서 뵙겠습니다. 항 목 지역 교회 실무 책임자 음식 조호중 목사 이유자 집사 의류 임춘신 전도사 권도균 집사 정해영 집사 홍성권 집사 시설 및 운송 조규만 목사 최영섭 집사 조규철 집사 백화점 박현오 목사 송병재 집사 옥합(경매) 및 달란트 박경범 목사 권학중 집사 김학재 집사 김용오 집사 홍보 고상환 목사 청년부 바자 준비 위원장: 김성환 집사 바자 기획팀: 권학중 집사 최영섭 집사 김용오 집사 한기현 집사 유중현 집사 정준호 집사 함석호 집사 부제니 집사",주보 (2007-03-11)
2007-04-28,2007,4,특별행사,"지구촌 비전센터 건립기금 모금 안내: 4/28(토) 지구촌 바자에 동참해 주시고 기도해 주신 지구촌 가족들께 감사드림. 모든 통계를 오는 5/20(주일) 바자 감사축제의 날에 보고드릴 것임. 골프대회: 일시: 6/9(토), 12pm 장소: PB Dye Golf Course(교회부지 옆) 참가비: 100불 (트로피, 상품, 저녁식사 제공) 등록장소: 다목적 대강당 문의: 송병재 집사(301-252-3860) 곽원석 집사(240-505-0906) 강현구 집사(202-352-3609) Sung Han(301-674-2313)수익금은 모두 지구촌 비전센터 건립 기금으로 드려짐. 어머니날 만찬 및 공연안내(어머니 주일을 위한 작은 음악회): 일시: 5/13(주일), 5pm~7pm 장소: 다목적대강당 티켓가격: 1인당 35불 티켓판매장소: 다목적대강당 프로그램: 만찬, 특별출연(워싱턴 보컬 아카데미 성악가 6명) 베이비 시터 있으며 수익금 전액은 비전센터 건립에 사용됨. 문의: 박명옥 집사(301-251-9248) 유중현 집사(301-601-0070)",주보 (2007-04-15)
2007-04-29,2007,4,세미나,"영상 편집 세미나: 일시: ① 4/29(주일), 5pm~8pm ② 4/30(월), 7pm~9:30pm",주보 (2007-04-15)
2007-04-29,2007,4,기타행사,"특별헌금: 오늘, 버지니아텍 사고 희생자 가족들을 돕기 위한 특별헌금에 참여를 부탁드림.",주보 (2007-04-29)
2007-05-02,2007,5,세미나,"셀리더팀 사역: 셀목자 상반기 수요모임: 인도: 김만풍 목사 교재: 피플 퍼즐(건강한 관계형성을 위한 세미나) 일시: 5/2(수), 5/9(수), 5/16(수), 8:30pm 장소: 아가페 채플",주보 (2007-04-22)
2007-05-09,2007,5,세미나,"셀리더팀 사역: 셀목자 상반기 수요모임: 인도: 김만풍 목사 교재: 피플 퍼즐(건강한 관계형성을 위한 세미나) 일시: 5/9(수), 5/16(수), 8:30pm 장소: 아가페 채플",주보 (2007-05-06)
2007-05-13,2007,5,기타행사,"어머니날 만찬 및 공연안내: 일시: 5/13(주일), 5pm~7pm 장소: 다목적대강당 티켓가격: 1인당 35불 프로그램: 만찬, 특별출연(워싱턴 보컬 아카데미 성악가 6명) 베이비 시터 있으며 수익금 전액은 비전센터 건립에 사용됨. 4/15(오늘)부터 다목적대강당에서 티켓 판매함. 문의: 박명옥 집사(301-251-9248) 유중현 집사(301-601-0070)",주보 (2007-04-15)
2007-05-14,2007,5,세미나,기도사역팀: 제3회 관상기도 세미나: 일시: 5/14(월)~5/16(수) 장소: Middle Creek Bible Conference Center 등록비: 250불 등록장소: 다목적대강당 문의: 민요환 집사(240-353-5401) 정준호 집사(240-401-8884),주보 (2007-04-01)
2007-05-16,2007,5,세미나,"셀리더팀 사역: 셀목자 상반기 수요모임: 인도: 김만풍 목사 교재: 피플 퍼즐(건강한 관계형성을 위한 세미나) 일시: 5/16(수), 8:30pm 장소: 아가페 채플",주보 (2007-05-13)
2007-05-20,2007,5,세미나,"/20 개강 13주 10:00am-11:10am 조호중 110 G331 귀납법적성경공부 9주 11:30am-12:40pm 권오빈 115 G336 바울서신 *6/24 개강 8주 10:00am-11:10am 성명진 317 G391 구도자반 6주 11:30am-12:50pm 최인돈 351 G392 창조과학 세미나 6주 11:30pm-12:40pm 예덕천 359 과목(목요 제자훈련/6/1 개강) 첫날만 금요일 기간 수업시간 교사 교실 G335 그리스도의 생애 (4복음서) 5주 7:30pm-9:30pm 성명진 218 과목(주일 공과반: 연중 계속) 기간 수업시간 교사 교실 G340-a 베드로전후서, 소선지서 연중 8:45am-9:45am 권오빈 104 G340-b 베드로전후서, 소선지서 연중 10:00am-11:00am 이자선 322 G340-c 베드로전후서, 소선지서 연중 11:30am-12:30pm 이한일 306 G340-d Peter 1,2, Prophets 연중 8:45am-9:45am Ron Krams 316C",주보 (2007-05-13)
2007-05-20,2007,5,선교,청년부 감사 말씀: 2007년 여름 단기선교를 위해 기도와 헌금으로 후원해 주신 지구촌 성도님들께 진심으로 감사의 말씀을 전합니다. (지구촌 청년부 드림.),주보 (2007-05-20)
2007-05-20,2007,5,훈련/수련회,각 지역수련회에 성령의 기쁨 충만하기 위하여,주보 (2007-05-20)
2007-05-27,2007,5,훈련/수련회,"지역별 수련회 안내: 일시: 5/27(주일)~5/28(월) 목회자 장 소 장소 전화 참석예상 인원 (5/13 현재) 조호중 Missionary Learning Center 16492 MLC Land Rockville, VA 23146 804-749-3030 100명 박경범 Summit Lake Camp 7610 Hampton Valley Rd., Emmitsburg, MD 21727 301-447-3667 100명 조규만 Sandy Hill Camp and Retreat Center 3380 Turkey Point Rd. North East, MD 21901 410-287-5554 70명 박현오 Camp Joy EL 3741 Joy El Dr. Greencastle, PA 17225 717-369-4539 100명 임춘신 New Windsor www.brethren.org/genbd/nwcc/ 800-766-1553 60명",주보 (2007-05-13)
2007-05-27,2007,5,기타행사,비전센터 건축허가 절차를 위하여,주보 (2007-05-27)
2007-05-27,2007,5,훈련/수련회,지역수련회 안전과 성령의 기쁨 충만하기 위하여,주보 (2007-05-27)
2007-05-29,2007,5,선교,영어/포토샵 수업: MET2007 단기선교 기금 마련을 위한 영어와 포토샵 수업이 있음. 기간: 5/29(화)~6/29(금) 문의: 영어(ESOL): 전혜원/443-824-4092 포토샵: 김지훈/240-498-5326,주보 (2007-05-13)
2007-06-03,2007,6,창립,"정영길 목사 담임목사 취임예배및 창립3주년 기념예배: 협동목사로 사역해 오셨던 정영길 목사님께서 겟세마네 한인침례교회 담임목사로 부임하심. 일시: 6/3(주일), 5pm 장소: 겟세마네 한인침례교회(14135 Burntwoods Rd. Glenwood, MD 21738) 설교: 김만풍 목사 문의: 신봉진 집사(410-963-7942) 약도는 교회사무실에 있음.",주보 (2007-05-20)
2007-06-03,2007,6,선교,MET2007 파송예배: 오늘 각 예배시 여름단기선교 파송식이 있음.,주보 (2007-06-03)
2007-06-03,2007,6,기타행사,비전 2010 비전센터 건축허가 절차를 위하여,주보 (2007-06-03)
2007-06-03,2007,6,선교,단기선교팀들의 안전과 사역의 열매를 위하여,주보 (2007-06-03)
2007-06-09,2007,6,기타행사,"골프대회: 일시: 6/9(토), 12pm 장소: PB Dye Golf Course(교회부지 옆) 참가비: 100불 (트로피, 상품, 저녁식사 제공) 등록장소: 다목적 대강당 문의: 송병재 집사(301-252-3860) 곽원석 집사(240-505-0906) 강현구 집사(202-352-3609) Sung Han(301-674-2313)수익금은 모두 지구촌 비전센터 건립 기금으로 드려짐.",주보 (2007-04-15)
2007-06-09,2007,6,특별행사,"지구촌 비전센터 건립기금 모금 안내: 골프대회: 일시: 6/9(토), 12pm 장소: PB Dye Golf Course(교회부지 옆) 참가비: 100불 (트로피, 상품, 저녁식사 제공) 등록장소: 다목적 대강당 문의: 송병재 집사(301-252-3860) 곽원석 집사(240-505-0906) 강현구 집사(202-352-3609) Sung Han(301-674-2313)수익금은 모두 지구촌 비전센터 건립 기금으로 드려짐. 어머니날 만찬 및 공연안내(어머니 주일을 위한 작은 음악회): 일시: 5/13(주일), 5pm~7pm 장소: 다목적대강당 티켓가격: 1인당 35불 티켓판매장소: 다목적대강당 프로그램: 만찬, 특별출연(워싱턴 보컬 아카데미 성악가 6명) 베이비 시터가 있으며 수익금 전액은 비전센터 건립에 사용됨. 문의: 박명옥 집사(301-251-9248) 유중현 집사(301-601-0070)",주보 (2007-05-06)
2007-06-09,2007,6,특별행사,"GMCYO Concert: 지구촌교회 청소년 오케스트라팀의 음악회가 오는 6/9(토), 7pm 교회 본당에서 있음.",주보 (2007-05-27)
2007-06-10,2007,6,기타행사,"비전센터 건축허가 절차에 성령께서 함께 하시도록 ••••• 2007년도 지역목회자별 지역구분 ••••• 목회자 마을장 셀교회 비셀 목원 Zip‐Code* 조호중 이병준 기쁨, 부활, 위튼, 로뎀나무, 평강, 화평 20850-20866 박명옥 충만, 길, 목적이 이끄는, 임마누엘, 한마음, 할렐루야 정근영 베데스다, 씨뿌림, 야베스, 에바다, 축복, 한우리, 헤브론, 비들기 박경범 김주원 버지니아(S), 하나됨, 오직예수, 포토맥 02135 20001‐20770 20783 21016‐22602 남연우 주바라기, 콜롬비아, 클락스빌, 토브 황지성 나눔, 믿음회, Beyond Faith, 헷세드, 전신갑주, 약속 한명우 사랑회, 증인들, 불기둥, 주님사랑 조규만 강현옥 방주, 브니엘, 산상수훈, 실버스프링 20784‐20841 20871‐20900 정성자 더욱사랑, 사랑, 아스펜힐, 에벤에셀 이태호 돌단마을, 목장마을, 샘물마을, 세움, 솔츠베리예능, 영광, 옥토마을 조규만 새예루살렘, 갈릴리, 이삭, 비어스밀, 옥탑, 유니버시티 박현오 송병재 서로돌봄, 가족, 밀알, 사은, 익투스, 기대 20901‐20910 이석용 향기로운, 격려, 예판, 생명, 예앎, The Spirit, 내려놓음 강동인 감람나무, 생명나무, 종려나무, 유성회, 열매맺는 나무, 땅끝까지, 시냇가에 심은 나무 임춘신 김성환 감사, 고핫, 에덴동산, 목마른사슴, The Half Timers, 내 사랑하는자여, 주는나의목자 새교우 홍명순 과원, 나침반, 로이스, 루디아, 서로사랑, GP(푸른목장) 홍성권 노아, 생수, 스톤게이트, 예은 안창규 여호와살롬, 등대, 실로암, 은천, 소리엘 짐셜린 짐셜린 Appletree, Love & Grace, 포도나무 다문화 고상환 박정수 In Him, 소명, 카리스마 청년 박선영 실크로드, Energizer, Soul 황태호 팝콘, H2O, 한알 황신애 Joy, 영토, CIA, FTC",주보 (2007-06-10)
2007-06-15,2007,6,선교,"MET2007(지구촌 여름단기선교 일정): MET2007팀 파송현황 사 역 지 팀 장 인 원 사역기간 사 역 GMC 오케스트라 조성희 50명 6/15~6/22 VBS, 음악 (멕시코) 아프리카 김희성 7월 영어사역, 군부대 필리핀 윤나영 6명 7/1~7/14 행정사역 도움 필라델피아 김용철 7/14~7/21 건축선교 (World Changers) Kinistin Canada 정진우 7명 7/23~8/1 노방전도 제주도 김지훈 7/28~8/18 영어 과테말라 Austin Cho 21명 8/13~8/21 Puppet Ministry, VBS, 전도",주보 (2007-05-13)
2007-06-15,2007,6,선교,"GMCYO(지구촌 청소년 오케스트라) 단기선교: 일시: 6/15(금)~6/22(금) 사역지: 멕시코 출발: 6/15(금), 9:35am, Dulles 공항, AA 1315 돌아오는 날: 6/22(금), 11:59pm, Dulles 공항, AA 1710",주보 (2007-06-10)
2007-06-16,2007,6,기타행사,"지구촌 전교인 셀대항 배구대회: 일시: 6/16(토), 9:30am 등록비: 30불 문의: 김응권 집사(301-580-7711) 참가선수 구성은 셀단위 가족(EM 청년, 청소년 포함) 별로 9인조 배구",주보 (2007-05-20)
2007-06-17,2007,6,기타행사,"셀목자 임명식: 6/17(주일), 예배시 셀목자 임명식이 있음. 임명 셀목자 부부: 박영선/영진 이영서/윤지, 이지원/명신, 최재호/명희",주보 (2007-06-10)
2007-06-17,2007,6,성례,"브라질 선교보고: 상파울로 제일한인침례교회 현승헌 목사의 브라질 선교보고가 있음. 일시: 6/17(주일), 11:30am 장소: 303호(선교사역팀 사무실)",주보 (2007-06-10)
2007-06-23,2007,6,기타행사,"소망회 소풍: 일시: 6/23(토), 10am~2pm 장소: 교회부지 문의: 조규만 목사(301-335-4438)",주보 (2007-06-17)
2007-06-29,2007,6,특별행사,"GMCYO Concert: 지구촌교회 청소년 오케스트라팀의 음악회가 오는 6/29(금), 7:30pm 휄로쉽 교회에서 있음.",주보 (2007-06-10)
2007-06-29,2007,6,성례,"Softball(연식야구) Rally: 일시: 6/29(금), 7:30pm 장소: 워싱톤 한인침례교회",주보 (2007-06-10)
2007-07-01,2007,7,기타행사,"긴급 실행위원회: 일시: 7/1(오늘), 1:30pm 장소: 새교우영접실 안건: 건축위원회 보고 및 안건 처리",주보 (2007-07-01)
2007-07-01,2007,7,선교,"여름단기선교 훈련(과테말라, 필라델피아, Kinistin): 토요일, 9am Covenant Chapel 에서 있음.",주보 (2007-07-01)
2007-07-07,2007,7,목회자 사임,"사임: 임춘신 전도사께서 6월30일 자로 본교회 사임을 하시고 7/7(토), 11am 본교회 본당에서 결혼식을 하심.",주보 (2007-06-10)
2007-07-12,2007,7,훈련/수련회,"제2차 행복플러스 가족캠프: 강사: 송길원 목사, 송향숙 박사, 전명희 박사 및 캠프 전문가들 일시: 7/12(목)~7/14(토) 장소: Shenandoah 국립공원 내의 Skyland Resort 대상: 부부 및 자녀 참가비: 부부참석/300불, 자녀 1인에 70불 추가 문의: 가정사역팀 전명희 집사(240-645-6338)",주보 (2007-06-17)
2007-07-14,2007,7,선교,여름 단기선교 일정: ① Philadelphia World Changers(고등부): 7/14(토)~7/21(토),주보 (2007-02-11)
2007-07-14,2007,7,기타행사,선교팀: World Changers(건축선교): 주관: North American Mission Board(NAMB) 기간: 7/14(토)~7/21(토) 장소: 필라델피아 참가비: 260불 대상: 집 수리하는 일로 선교에 동참하고 싶은 분은 누구나 문의: 김용철 집사(301-674-5758),주보 (2007-04-01)
2007-07-14,2007,7,선교,"World Changer(필라델피아) 단기선교: 7/14-7/21, 39명 참가",주보 (2007-07-15)
2007-07-14,2007,7,선교,"MET2007(지구촌 여름단기선교 일정): MET2007팀 파송현황 사 역 지 팀 장 인 원 사역기간 사 역 아프리카 김희성 7월 영어사역, 군부대 (부르키나 파소) 필라델피아 김용철 7/14~7/21 건축선교 (World Changers) 아시아 West 전혜원 7명 7/17~8/13 영어캠프, 땅밝기 기도 Kinistin Canada 정진우 7명 7/23~8/01 노방전도 RTP지구촌교회 유경호 5명 7/23~8/16 VBS 여름성경학교 제주도 김지훈 7/28~8/18 영어 과테말라 Austin Cho 21명 8/13~8/21 Puppet Ministry, VBS, 전도",주보 (2007-07-15)
2007-07-15,2007,7,기타행사,건축위원들에게 성령의 지혜와 분별력을 주시도록,주보 (2007-07-15)
2007-07-15,2007,7,선교,"단기선교팀들의 사역에 성령이 역사하시기 위하여 ••••• 2007년도 지역목회자별 지역구분 ••••• 목회자 마을장 셀교회 비셀 목원 Zip‐Code* 조호중 이병준 기쁨, 부활, 위튼, 로뎀나무, 평강, 화평 20850-20866 박명옥 충만, 길, 목적이 이끄는, 임마누엘, 한마음, 할렐루야 정근영 베데스다, 씨뿌림, 야베스, 에바다, 축복, 한우리, 헤브론, 비들기 박경범 김주원 버지니아(S), 하나됨, 오직예수, 포토맥 02135 20001‐20770 20783 21016‐22602 남연우 주바라기, 콜롬비아, 클락스빌, 토브 황지성 나눔, 믿음회, Beyond Faith, 헷세드, 전신갑주, 약속 한명우 사랑회, 증인들, 불기둥, 주님사랑 조규만 강현옥 방주, 브니엘, 산상수훈, 실버스프링 20784‐20841 20871‐20900 정성자 더욱사랑, 사랑, 아스펜힐, 에벤에셀 이태호 돌단마을, 목장마을, 세움, 솔츠베리예능, 영광 옥토마을 조규만 새예루살렘, 갈릴리, 이삭, 비어스밀, 옥탑, 유니버시티 박현오 송병재 서로돌봄, 가족, 밀알, 사은, 익투스, 기대 20901‐20910 이석용 향기로운, 격려, 예판, 생명, 예앎, The Spirit, 내려놓음 강동인 감람나무, 생명나무, 종려나무, 유성회, 열매맺는 나무, 땅끝까지, 시냇가에 심은 나무 임춘신 김성환 감사, 고핫, 에덴동산, 목마른사슴, The Half Timers, 내 사랑하는자여, 주는나의목자 새교우 홍명순 과원, 나침반, 로이스, 루디아, 서로사랑, GP(푸른목장) 홍성권 노아, 생수, 스톤게이트, 예은 안창규 여호와살롬, 등대, 실로암, 은천, 소리엘 짐셜린 짐셜린 Appletree, Love & Grace, 포도나무 다문화 고상환 박정수 In Him, 소명, 카리스마 청년 박선영 실크로드, Energizer, Soul 황태호 팝콘, H2O, 한알 황신애 Joy, 영토, CIA, FTC",주보 (2007-07-15)
2007-07-15,2007,7,선교,"여름단기선교 훈련(과테말라, Kinistin): 토요일, 9am Covenant Chapel 에서 있음.",주보 (2007-07-15)
2007-07-17,2007,7,선교,"MET2007(지구촌 여름단기선교 일정): MET2007팀 파송현황 사 역 지 팀 장 인 원 사역기간 사 역 아프리카 김희성 7월 영어사역, 군부대 (부르키나 파소) 아시아 West 전혜원 7명 7/17~8/13 영어캠프, 땅밝기 기도 Kinistin Canada 정진우 7명 7/23~8/01 노방전도 RTP지구촌교회 유경호 5명 7/23~8/16 VBS 여름성경학교 제주도 김지훈 7/28~8/18 영어 과테말라 Austin Cho 21명 8/13~8/21 Puppet Ministry, VBS, 전도",주보 (2007-07-22)
2007-07-20,2007,7,기타행사,"기도의 날: 7/20, 금요일은 비전2010과 비전센터 건립을 위하여 지구촌 가족들이 가정과 직장에서 기도하는 날임-아침 10시 혹은 저녁 10시, 10분씩 기도 기도제목: ①진입로(다리) 공사의 허가와 성전 건축 허가가 날수 있도록",주보 (2007-07-15)
2007-07-21,2007,7,선교,"여름단기선교팀: World Changers(건축선교/필라델피아): 지난 7/21(토) 39명의 선교팀이 무사히 돌아왔음. Kinistin Canada팀: (7명)7/23(월)~8/1(수) 도착시간: 8/1(수), NW AL 626, 10:09pm, Washington Regan AP 제주도팀: (12명) 출발시간: 7/30(월), 1:45pm, KAL, Dulles AP",주보 (2007-07-29)
2007-07-22,2007,7,기타행사,셀목자 임명식: 4부 예배시 셀목자 임명식이 있음 * 임명 셀목자 부부: 이영서/윤지,주보 (2007-07-22)
2007-07-22,2007,7,선교,"여름단기선교 훈련(과테말라, Kinistin): 토요일, 9am Covenant Chapel 에서 있음.",주보 (2007-07-22)
2007-07-25,2007,7,특별행사,숭실대학교 개교 제110주년 기념 축하 음악회: 일시: 7/25(수) 7:30pm 장소: 본당 * 숭실대 총장 및 단원 40명 방문 예정,주보 (2007-07-22)
2007-07-29,2007,7,선교,"여름단기선교 훈련(과테말라, Kinistin): 토요일, 9am Covenant Chapel 에서 있음.",주보 (2007-07-29)
2007-08-01,2007,8,목회자 부임,EM 목회자 부임: 박준수 목사님께서 8월1일자로 영어회중 대학생 사역을 하심.,주보 (2007-08-05)
2007-08-02,2007,8,선교,"여름단기선교팀: Kinistin Canada팀: 지난 8/2(목) 7명의 선교팀 무사히 돌아왔음. 제주도팀: (12명) 도착시간: 8/20(월), 11:30am, KAL, Dulles공항",주보 (2007-08-05)
2007-08-05,2007,8,성례,침례식: 오는 8/5(주일) 침례를 받기 원하시는 교우께서는 교회 사무실 앞에 비치한 ! “침례신청서 및 간증문”을 작성하여 교회 사무실에 제출해 주시기 바람. 제출기간: 7/22(주일) 까지 문의: 조규만 목사(301-335-4438),주보 (2007-06-24)
2007-08-05,2007,8,선교,"계속되는 단기선교 팀사역의 안전과 열매를 위하여 ••••• 2007년도 지역목회자별 지역구분 ••••• 목회자 마을장 셀교회 비셀 목원 Zip‐Code* 조호중 이병준 기쁨, 부활, 위튼, 로뎀나무, 평강, 화평 20850-20866 박명옥 충만, 길, 목적이 이끄는, 임마누엘, 한마음, 할렐루야 정근영 베데스다, 씨뿌림, 야베스, 에바다, 축복, 한우리, 헤브론, 비들기 박경범 김주원 버지니아(S), 하나됨, 오직예수, 포토맥 02135 20001‐20770 20783 21016‐22602 남연우 주바라기, 콜롬비아, 클락스빌, 토브 황지성 나눔, 믿음회, Beyond Faith, 헷세드, 전신갑주, 약속 한명우 사랑회, 불기둥, 주님사랑, 쉼 조규만 강현옥 방주, 브니엘, 산상수훈, 실버스프링 20784‐20841 20871‐20900 정성자 더욱사랑, 사랑, 아스펜힐, 에벤에셀 이태호 돌단마을, 목장마을, 세움, 솔츠베리예능, 영광 옥토마을 조규만 새예루살렘, 갈릴리, 이삭, 비어스밀, 옥탑, 유니버시티 박현오 송병재 서로돌봄, 가족, 밀알, 사은, 익투스, 기대 20901‐20910 이석용 향기로운, 격려, 예판, 생명, 예앎, The Spirit, 내려놓음 강동인 감람나무, 생명나무, 종려나무, 유성회, 열매맺는 나무, 땅끝까지, 시냇가에 심은 나무 조호중 김성환 감사, 고핫, 에덴동산, 목마른사슴, The Half Timers, 내 사랑하는자여, 주는나의목자 새교우 홍명순 과원, 나침반, 로이스, 루디아, 서로사랑, GP(푸른목장) 홍성권 노아, 생수, 스톤게이트, 예은 안창규 여호와살롬, 등대, 실로암, 은천, 소리엘 짐셜린 짐셜린 Appletree, Love & Grace, 포도나무 다문화 고상환 박정수 In Him, 소명, 카리스마 청년 박선영 실크로드, Energizer, Soul 황태호 팝콘, H2O, 한알 황신애 Joy, 영토, CIA, FTC",주보 (2007-08-05)
2007-08-05,2007,8,선교,"여름단기선교 훈련(과테말라, Kinistin): 토요일, 9am Covenant Chapel 에서 있음.",주보 (2007-08-05)
2007-08-11,2007,8,성례,침례식: 8/11(토) 강동인 마을장(셀/켐퍼스 학생) 식구들의 야외 침례식이 Sandy Point 공원에서 있었음. 침례자: 강미경 이민구 이유리 이재윤 장호성 (5명),주보 (2007-08-12)
2007-08-12,2007,8,세미나,"중보기도사역 세미나: 중보기도 세미나를 통해 영적으로 무장하며 주님께 헌신하는 사역에 동참할 수 있는 기회를 제공하고자 세미나를 개최함. 세미나에 적극적으로 참여해 주시기 바람. 일시: 8/12(주일), 1:30pm 장소: 아가페 채플 등록처: 다목적대강당 입구 복도 문의: 민요환 집사(240-453-9781)",주보 (2007-07-01)
2007-08-12,2007,8,선교,"여름단기선교(과테말라) 부모님 회의: 일시: 8/12(오늘), 1pm 장소: 아가페 채플",주보 (2007-08-12)
2007-08-13,2007,8,선교,여름 단기선교 일정: ① Guatemala(중등부): 8/13(월)~8/21(화): 등록 마감했음.,주보 (2007-05-06)
2007-08-13,2007,8,훈련/수련회,여름수련회: 일시: 8/13(월)~8/16(목) 장소: Sandy Cove수양관 강사: 류재상 전도사 주제: 떨기나무 불꽃(A Burning Bush) -출애굽기 3장,주보 (2007-08-05)
2007-08-17,2007,8,부흥회/집회,담임목사 동정: 8/17(금)~8/19(주일): 신시네티 한인침례교회(강호길 담임목사) 집회/ 전도폭발 분담사역 인도,주보 (2007-08-19)
2007-08-20,2007,8,선교,"여름단기선교팀: 제주도팀: (12명) 도착시간: 8/20(월), 11:30am, KAL, Dulles공항 과테말라팀: 출발: 8/13(월), Delta Airline #689, BWI 공항, 7:15am 교회에서 Van이 3:45am에 출발하며 공항으로 직접 오는 학생은 4:40am까지 공항으로. 도착: 8/21(화), 10:17pm, Delta Airline #1758, BWI 공항",주보 (2007-08-12)
2007-08-20,2007,8,기타행사,"기도의 날: 8/20, 월요일은 비전2010과 비전센터 건립을 위하여 지구촌 가족들이 가정과 직장에서 기도하는 날임-아침 10시 혹은 저녁 10시, 10분씩 기도 기도제목: ①진입로와 다리 공사 허가를 위하여 ②비전센터 Master Plan이 우리 교회에 맞게 작성되어 건축허가 받을 수 있도록 ③담임목사님과 건축위원, 실행위원들에게 성령의 지혜와 분별력을 주시도록",주보 (2007-08-19)
2007-08-24,2007,8,창립,담임목사 동정: 8/24(금)~8/26(주일): 시애틀 지구촌교회(김성수 담임목사) 창립 5주년 행사 참가/집회인도,주보 (2007-08-26)
2007-09-01,2007,9,특별행사,"사랑의 잔치: 제12회 장애인과 함께 하는 사랑의 잔치: 일시: 9/1(토), 4:30pm~6:30pm 장소: 다목적대강당 문의: 유기장 집사(301-928-2790)",주보 (2007-08-19)
2007-09-09,2007,9,세미나,전도폭발 고급세미나(월-화)와 사랑의 순례(금-토)를 위하여,주보 (2007-09-09)
2007-09-09,2007,9,세미나,"제자훈련 가을학기 안내 ◆ <9월9일 개강> 과목(주일 제자훈련/9/9 개강) 기간 수업시간 교사 교실 G101 새교우반 6주 10:00am-11:10am 김성환 104 G102 셀가족반 *새교우반에 이어 자동 연속(10/21) 6주 10:00am-11:10am 김주원 104 G201 새소명반 6주 10:00am-11:10pm 권학중 317 G202 성경의 흐름잡기 12주 8:40am-9:50pm 박경범/유중현 313 G203 QT 입문 *새소명반에 이어 자동 연속(10/21) 7주 10:00am-11:10am 황지성 317 G204 하나님을 경험하는 삶 (정원: 12명) 13주 8:40am-9:50am 조호중 316A G204 하나님을 경험하는 삶 (정원: 12명) 13주 10:00am-11:10am 조규만 110 G321 교사 훈련반 10주 11:30am-12:40pm 김만배 351 G325 귀납법적성경공부 9주 11:30am-12:40pm 권오빈 115 G342 요한복음 6주 11:30am-12:40pm 성명진 322 G391 구도자반(10/21개강예정) 6주 11:30am-12:50pm 최인돈 322 G392 창조과학 세미나 6주 11:30pm-12:40pm 예덕천 359 G393 중보기도 세미나 (10/21개강예정) 6주 8:40am-9:50am 김희순 322 과목(목요 제자훈련/9/13 개강) 첫날만 금요일 기간 수업시간 교사 교실 G342 요한복음, 요한 1,2,3서 6주 7:45pm-9:30pm 성명진 204 과목(주일 공과반: 연중 계속) 기간 수업시간 교사 교실 G330-a 마태복음 연중 8:45am-9:45am 권오빈 104 G330-b 마태복음 연중 10:00am-11:00am 이자선 322 G330-c 마태복음 연중 11:30am-12:30pm 이한일 306 G330-d Matthew 연중 8:45am-9:45am Ron Krams 316C",주보 (2007-09-09)
2007-09-10,2007,9,세미나,"국제전도폭발 제12차 정착세미나 개최: 일시: 9/10(월), 9am~9/11(화) 장소: 지구촌교회 참가자격: 전도폭발 훈련에 관심있는 성도 문의: 유중현 집사(301-651-0664) 세미나 참가자를 위한 민박(월요일) 제공 가정 또는 공항 픽업 봉사자를 모집함.",주보 (2007-08-26)
2007-09-14,2007,9,부흥회/집회,"금요모임: 부흥집회: 일시: 9/14(금), 7pm-10pm 장소: First Korean Presbyterian Church of Washington (1011 Maple Ave. Rockville, MD 20851)",주보 (2007-09-09)
2007-09-16,2007,9,기타행사,셀사역 지역 개편: 홍명순 집사 마을박현오 목사 지역으로 안창규 집사 마을박경범 목사 지역으로 홍성권 집사 마을조규만 목사 지역으로 김성환 집사 마을조호중 목사 지역으로 소속됨.,주보 (2007-09-16)
2007-09-30,2007,9,세미나,"제50기 중보기도 사역자 모집: 대상: 제6회 중보기도 세미나를 마치신 분이나 중보기도 세미나(가을학기: 10월21일)에 참석하실 분 장소: 강당쪽 복도 오리엔테이션 및 선서식: 9/30(주일), 각 예배시 문의: 장선영 집사(240-418-3312) 신혜숙 집사(301-528-2993)",주보 (2007-09-09)
2007-09-30,2007,9,특별행사,"조호중 목사 지역 피크닉 모임: 일시: 9/30(오늘), 11:30am 장소: 교회 동산 대상: 조호중 목사 지역에 소속된 모든 셀 목원들",주보 (2007-09-30)
2007-10-06,2007,10,기타행사,"임시실행위원회 모임: 일시: 10/6(토), 새벽기도회 직후 장소: 새교우영접실 의제: 건축허가 절차 및 진행 건",주보 (2007-09-30)
2007-10-07,2007,10,기타행사,"셀목자 임명: 일시: 10/7(주일), 각 예배시 목자 임명 예정자: 이광재, 조휘자, 이재영, 이갑종, 이권형",주보 (2007-09-30)
2007-10-14,2007,10,세미나,"부모교육 세미나: 일시: 10/14, 21, 28(주일), 11/4, 11(주일), 11:30am~1pm 장소: 104호 강사: 현기섭 교수(경기대, 숭실대, 카톨릭대 강사, 캘리포니아에서 상담 소장 역임등을 통해 많은 열매를 맺으셨음.) 강의내용: ①하나님의 사랑으로 양육하기",주보 (2007-09-23)
2007-10-14,2007,10,기타행사,진입로와 다리공사 허가(Montgomery County)와 성전 건축허가(Frederick County) 를 위하여,주보 (2007-10-14)
2007-10-14,2007,10,특별행사,"조규만 목사 지역 피크닉: 일시: 10/14(오늘), 3부예배후, 교회 동산에서.",주보 (2007-10-14)
2007-10-19,2007,10,부흥회/집회,"선교부흥회(10/19~21, 강사 김규동 목사)에 성령이 역사하시도록 2007년 셀 축제 행사 2007년 여름을 보내며 그리고 소리 없이 다가오는 가을을 맞이하며 저희의 지친 영혼을 주님이 주시는 생수로 채우고 그의 사랑과 그의 능력, 그의 인도하심을 따라 서로를 돌아 보며 서로를 이해하고 서로 하나 되길 바라며 아래와 같이 섬기는 사랑이라는 주제로 셀 축제를 진행하고자 합니다. 이번 셀 축제는 전교인이, 각 지역 교회내의 셀교회와 비셀 교우가 함께 하는 즐거운 천국 축제가 되었으면 합니다. 이번 축제를 통하여 서로 함께 성령의 임재를 느끼고 나누길 원합니다.",주보 (2007-10-07)
2007-10-21,2007,10,세미나,"부모교육 세미나: 일시: 10/21, 28(주일), 11/4, 18(주일), 11:30am~1pm 장소: 104호 강사: 현기섭 교수(경기대, 숭실대, 카톨릭대 강사, 캘리포니아에서 상담 소장 역임등을 통해 많은 열매를 맺으셨음.) 강의내용: ①하나님의 사랑으로 양육하기",주보 (2007-10-07)
2007-10-21,2007,10,세미나,"중보기도 세미나: 일시: 10/21(주일), 6주동안, 8:40am 장소: 322호 교사: 김희순 집사(301-879-1600) 지난 9월달에 세미나 참석치 못하신 중보기도 사역자들은 이번에 꼭 참석하시기 바람.",주보 (2007-10-14)
2007-10-21,2007,10,기타행사,"실행위원회 모임: 일시: 10/21(오늘), 1:30pm 장소: 새교우영접실 의제: 건축",주보 (2007-10-21)
2007-10-21,2007,10,창립,"창립기념 행사 준비에 주의 은혜가 넘치도록 ••••• 2007년도 지역목회자별 지역구분 ••••• 목회자 마을장 셀교회 비셀 목원 Zip‐Code* 조호중 이병준 기쁨, 부활, 위튼, 로뎀나무, 평강, 화평 20850-20866 20906~20912 박명옥 충만, 길, 목적이 이끄는, 임마누엘, 한마음, 할렐루야 정근영 베데스다, 씨뿌림, 야베스, 에바다, 축복, 한우리, 헤브론, 비들기 김성환 감사, 고핫, 에덴동산, 목마른사슴, The Half Timers, 내 사랑하는자여, 엘림 박경범 김주원 버지니아(S), 하나됨, 오직예수, 포토맥 02135 20001‐20770 20783 21016‐22602 남연우 주바라기, 콜롬비아, 클락스빌, 토브 황지성 나눔, 믿음회, Beyond Faith, 헷세드, 전신갑주, 약속 한명우 사랑회, 쉼, 불기둥, 주님사랑 안창규 여호와살롬, 등대, 실로암, 은천, 소리엘 조규만 강현옥 방주, 브니엘, 산상수훈, 실버스프링 20784‐20841 20871‐20905 정성자 더욱사랑, 사랑, 아스펜힐, 에벤에셀 이태호 돌단마을, 목장마을, 세움, 솔츠베리예능, 영광, 옥토마을 조규만 새예루살렘, 갈릴리, 이삭, 비어스밀, 옥탑, 런던데리 홍성권 노아, 생수, 스톤게이트, 예은 박현오 송병재 서로돌봄, 가족, 밀알, 사은, 익투스, 기대 이석용 향기로운, 격려, 예판, 생명, 예앎, The Spirit, 내려놓음 강동인 감람나무, 생명나무, 종려나무, 유성회, 열매맺는 나무, 땅끝까지, 시냇가에 심은 나무 홍명순 과원, 나침반, 로이스, 루디아, 서로사랑, GP(푸른목장) 짐셜린 짐셜린 Appletree, Love & Grace, 포도나무 다문화 고상환 박정수 In Him, 소명, 카리스마 청년 박선영 실크로드, Energizer, Soul 황태호 팝콘, H2O, 한알 황신애 Joy, 영토, CIA, FTC",주보 (2007-10-21)
2007-10-27,2007,10,기타행사,"가을철 전교인 대청소: 전교인 가을철 대청소를 실시하오니 마을장 및 목자님들께서는 적극 협조해 주시길 바람. 일시: 10/27(토), 8am~12pm 문의: 신상철 집사(301-774-2499), 홍사현 집사(301-946-2114) 아침과 점심이 준비됩니다.",주보 (2007-10-14)
2007-10-29,2007,10,기타행사,"추수감사절 특별새벽기도회: 일시: 10/29(월)~11/17(토), 5:30am(토요일은 5:20am) 말씀: 김만풍 목사",주보 (2007-11-04)
2007-11-03,2007,11,기타행사,"일정: 1부 행사 .........................................................3:005:30 (다목적 대강당) 어린이 청소년 셀축제, 지역교회별 부스 전시 및 소개 2 부 행사.........................................................5:307:00 (다목적 대강당) 저녁 만찬 및 열린 무대 (비셀 교우 초대), Miss & Mr. GMC Baby 선발 대회 3 부 행사........................................................................7:308:30 (본당) 지역별 경영 대회 4 부 행사........................................................................8:309:00 (본당) 셀 축제 시상 • 셀 축제시 2세 이상 어린이와 청소년 프로그램이 11월 3일 오후6시 부터 9:30까지 운영될 계획이오니 참조하시기 바랍니다 (프로그램 내용 공작 I, 공작 II, 영화상영 등) 담당자: 문관훈 집사 • 셀 깃발: 2007년 셀축제행사를 위하여 셀깃발을 축제 기간동안 본당에 전시하고자 하오니 새로 분가하신 셀목자님께서는 셀사무실에서 깃발을 수령하신후 셀목원들과 함께 제작해서 10월21일까지 셀 사무실에 제출해 주시면 감사하겠습니다. 담당자: 강현옥 집사, 이종철 집사 • 셀 축제 1부 행사 공연: 2007년 셀축제 1부행사시(11월3일 15:00-17:30) 어린이와 청소년 이 참가하는 셀 축제공연을 계획하고 있사오니 셀교회들의 지원과 협조를 부탁드립니다. 담당자: 한기현 집사 • 셀 축제 만찬: 2007년 셀축제 2부행사시(11월3일 17:30-19:00) 전교인이 함께하는 열린 무대와 더불어 저녁 만찬이 준비되어 있읍니다. 만찬의 원할한 진행을 위해 셀교회들의 지원 과 협조를 부탁드리며 관심 있으신 분들께서는 셀사무실에 연락 주시면 감사하겠습니다. 담당자: 김응권 집사, 신인수 집사, 함석호 집사",주보 (2007-10-07)
2007-11-04,2007,11,창립,"창립33주년 기념예배/안수식/은퇴식: 일시: 11/4(오늘), 4pm 장소: 본당 예배후 만찬이 있음.",주보 (2007-11-04)
2007-11-04,2007,11,창립,"창립33주년 행사와 안수 받는 새 일꾼들을 위하여 ••••• 2007년도 지역목회자별 지역구분 ••••• 목회자 마을장 셀교회 비셀 목원 Zip‐Code* 조호중 이병준 기쁨, 부활, 위튼, 로뎀나무, 평강, 화평 20850-20866 20906~20912 박명옥 충만, 길, 목적이 이끄는, 임마누엘, 한마음, 할렐루야 정근영 베데스다, 씨뿌림, 야베스, 에바다, 축복, 한우리, 헤브론, 비들기 김성환 감사, 고핫, 에덴동산, 목마른사슴, The Half Timers, 내 사랑하는자여, 엘림 박경범 김주원 버지니아(S), 하나됨, 오직예수, 포토맥 02135 20001‐20770 20783 21016‐22602 남연우 주바라기, 콜롬비아, 클락스빌, 토브 황지성 나눔, 믿음회, Beyond Faith, 헷세드, 전신갑주, 약속 한명우 사랑회, 쉼, 불기둥, 주님사랑 안창규 여호와살롬, 등대, 실로암, 은천, 소리엘 조규만 강현옥 방주, 브니엘, 산상수훈, 실버스프링 20784‐20841 20871‐20905 정성자 더욱사랑, 사랑, 아스펜힐, 에벤에셀 이태호 돌단마을, 목장마을, 세움, 솔츠베리예능, 영광, 옥토마을, 반석마을, 샘물마을 조규만 새예루살렘, 갈릴리, 이삭, 비어스밀, 옥탑, 런던데리 홍성권 노아, 생수, 스톤게이트, 예은 박현오 송병재 서로돌봄, 가족, 밀알, 사은, 익투스, 기대 이석용 향기로운, 격려, 예판, 생명, 예앎, The Spirit, 내려놓음 강동인 감람나무, 생명나무, 종려나무, 유성회, 열매맺는 나무, 땅끝까지, 시냇가에 심은 나무 홍명순 과원, 나침반, 로이스, 루디아, 서로사랑, GP(푸른목장) 짐셜린 짐셜린 Appletree, Love & Grace 다문화 고상환 박정수 In Him, 소명, 카리스마 청년 박선영 실크로드, Energizer, Soul 황태호 팝콘, H2O, 한알 황신애 Joy, 영토, CIA, FTC",주보 (2007-11-04)
2007-11-09,2007,11,창립,"부흥집회(New Wave Tour & Match Strike): 국제 예수전도단(YWAM)의 총재이자 창립자이신 Loren Cunningham과 Match Strike가 미국의 한인, 청소년들을 통해 이루어질 동부의 부흥을 위한 집회. 일시: 11/9(금), 7:30pm 장소: Immanuel Church (16819 New Hampshire Ave. Silver Spring, MD 20905) 교회에서 Van이 6:45pm에 출발.",주보 (2007-11-04)
2007-11-11,2007,11,기타행사,비전센터 진입로 건설허가 및 건축설계가 순조롭게 진행되기 위하여,주보 (2007-11-11)
2007-11-11,2007,11,부흥회/집회,"중등부 학부모 회의(PTA): 일시: 11/11(오늘), 1pm 장소: 316호 Alive2007 부흥집회에 가는 모든 학생의 부모님들은 오시기 바람. 이 집회에 관한 중요한 사항들을 제공/논의함.",주보 (2007-11-11)
2007-11-15,2007,11,선교,"선교팀: 선교헌신자 훈련: 선교 전도부흥회 주간에 헌신한 장기, 중장기 및 MET08 단기선교 헌신자 모두 참석바람. 일시: 11/15(목), 7:30pm 장소: 아가페 채플 강사: 백동진 목사 문의: 조규철 집사(202-487-0924) 이영재 집사(301-983-3950) 페루 선교모임: 일시: 11/4(오늘), 12pm 장소: 관리실(지하실) 대상: 2008년 1/21(월)~2/2(토) 페루선교 가시는 분들.",주보 (2007-11-04)
2007-11-18,2007,11,기타행사,건축 설계가 우리 교회의 필요에 맞게 잘 만들어 지도록,주보 (2007-11-18)
2007-11-18,2007,11,기타행사,비전센터 진입로 건설허가 및 건축설계가 순조롭게 진행되기 위하여,주보 (2007-11-18)
2007-11-20,2007,11,특별행사,"한발의 디바 레나 마리아 초청 음악회 및 간증: (제15회 밀알의 밤, 장애인 선교부): ‘발로 쓴 내 인생의 악보’의 주인공. 일시: 11/20(화), 7:30pm 장소: 워싱턴 지구촌 교회 출연진: GMC Youth 오케스트라(지휘: 조성희), 워싱턴 밀알 수화찬양단 레나 마리아는 양 팔이 없고 한쪽 다리가 짧은 중증 장애인이지만 장애가 오히려 축복이 되었다고 고백하는 세계적인 가스펠 싱어입니다.",주보 (2007-11-04)
2007-11-25,2007,11,기타행사,비전센터 진입로 건설허가 및 건축설계가 순조롭게 진행되기 위하여,주보 (2007-11-25)
2007-12-02,2007,12,부흥회/집회,행사 안내: 2007년 12월 / 2008년 1월 행사 12/2 주일(6pm) 워싱턴 교회연합 성탄축하 음악예배(본당) 12/3~8 매일 새벽기도 세계선교를 위한 새벽기도회 12/8 토(5~9pm) 실행위원 기도회/안나산 기도원 12/9 주일(1:30pm) 연말 제직회 12/12 수(7:30pm) 탈북 난민돕기 탈북 평양예술단 간증 및 연주 집회 12/16 주일(1:30pm) 제직 오리엔테이션/비전과 감사의 밤 12/19 수(7:30pm) 남성중창단 찬양의 밤 12/23 주일 각 예배시간 성탄주일 12/24 월(6pm) 성탄이브 행사 12/25 화(10am) 성탄예배/침례식/라티문 헌금 12/26~29 수~토 한중고/영중고 겨울수양회 12/31 월(10:30pm) 송구영신 예배/주의 만찬 12/31~1/5 매일 새벽기도 신년 특별 새벽기도회 1/1/2008 화(10am) 신년예배 1/6/2008 주일 비전 2010 헌신주일,주보 (2007-11-25)
2007-12-02,2007,12,기타행사,비전센터 진입로 건설허가 및 건축설계가 순조롭게 진행되기 위하여,주보 (2007-12-02)
2007-12-03,2007,12,기타행사,세계선교를 위한 특별새벽기도회: 12/3(월)~12/8(토) 까지 선교를 위한 특별새벽 기도회가 있음. 많이 참여하셔서 함께 기도해 주시기 바람.,주보 (2007-12-02)
2007-12-09,2007,12,선교,"MET2008 단기선교 신청 및 접수: 2008년 단기선교를 준비하시는 모든 팀과 단기선교 헌신카드를 제출하신 분, 단기선교 가시기를 원하시는 분들은 신청서를 제출해 주시기 바람. 신청기간: 12/9(오늘)~12/31(월) 신청장소: 다목적대강당 문의: 백동진 목사(240-463-0129) 조규철 집사(202-487-0924)",주보 (2007-12-09)
2007-12-09,2007,12,부흥회/집회,행사 안내: 2007년 12월 / 2008년 1월 행사 12/9 주일(1:30pm) 연말 제직회 12/12 수(7:30pm) 탈북 난민돕기 탈북 평양예술단 간증 및 연주 집회 12/16 주일(2pm) 제직 오리엔테이션/비전과 감사의 밤 12/19 수(7:30pm) 남성중창단 찬양의 밤 12/23 주일 예배시간 성탄주일 12/24 월(6pm) 성탄이브 행사 12/25 화(10am) 성탄예배/침례식/라티문 헌금 12/26~29 수~토 한중고/영중고 겨울수양회 12/31 월(10:30pm) 송구영신 예배/주의 만찬 12/31~1/5 매일 새벽기도 신년 특별 새벽기도회 1/1/2008 화(10am) 신년예배 1/6/2008 주일 비전 2010 헌신주일,주보 (2007-12-09)
2007-12-09,2007,12,기타행사,비전센터 진입로 건설허가 및 건축설계가 순조롭게 진행되기 위하여,주보 (2007-12-09)
2007-12-09,2007,12,기타행사,"주님의 공급하시는 힘으로 건축헌금 작정을 준비하기 위하여 ••••• 2007년도 지역목회자별 지역구분 ••••• 목회자 마을장 셀교회 비셀 목원 Zip‐Code* 조호중 이병준 기쁨, 부활, 위튼, 로뎀나무, 평강, 화평 20850-20866 20906~20912 박명옥 충만, 목적이 이끄는, 임마누엘, 한마음, 할렐루야 정근영 베데스다, 씨뿌림, 야베스, 에바다, 축복, 한우리, 헤브론, 비들기 김성환 감사, 고핫, 에덴동산, 목마른사슴, 엘림 박경범 김주원 버지니아(S), 하나됨, 오직예수, 포토맥 02135 20001‐20770 20783 21016‐22602 남연우 주바라기, 콜롬비아, 클락스빌, 토브 황지성 나눔, 믿음회, Beyond Faith, 헷세드, 전신갑주, 약속 한명우 쉼, 불기둥, 주님사랑 안창규 여호와살롬, 등대, 실로암, 은천, 소리엘 조규만 강현옥 방주, 브니엘, 산상수훈, 실버스프링 20784‐20841 20871‐20905 정성자 더욱사랑, 사랑, 아스펜힐, 에벤에셀 이태호 돌단마을, 목장마을, 세움, 솔츠베리예능, 영광, 옥토마을, 반석마을, 샘물마을 조규만 새예루살렘, 갈릴리, 이삭, 비어스밀, 옥탑, 런던데리 홍성권 노아, 생수, 스톤게이트, 예은 박현오 송병재 서로돌봄, 가족, 밀알, 사은, 익투스, 기대 이석용 향기로운, 격려, 예판, 생명, 예앎, The Spirit, 내려놓음 강동인 감람나무, 생명나무, 종려나무, 유성회, 열매맺는 나무, 땅끝까지, 시냇가에 심은 나무 홍명순 과원, 나침반, 로이스, 루디아, 서로사랑, GP(푸른목장) 짐셜린 짐셜린 Appletree, Love & Grace 다문화 고상환 박정수 In Him, 소명, 카리스마 청년 박선영 실크로드, Energizer, Soul 황태호 팝콘, H2O, 한알 황신애 Joy, 영토, CIA, FTC",주보 (2007-12-09)
2007-12-16,2007,12,선교,"湰灧일자: 2007년 12월 16일 교회: 워싱턴지구촌교회 설교: 주일 설교 찬송: 46 372 파송의 노래 이름: 김 만 풍 목사 이렇게 섬깁시다! 창세기 39:1-6 1 여는 말씀 주님께서 말씀하셨습니다. “인자가 온 것은 섬김을 받으려 함이 아니라 도리어 섬기려 하고 자기 목숨을 많은 사람의 대속물로 주려 함이니라.”(마20:28). 주님께서는 그렇게 우리를 섬겨 십자가 고난으로 구원의 길을 열어 주셨습니다. 세베대의 아들 야고보와 요한이 주님의 영광중에서 주님 보좌의 좌우편에 앉게 해 주실 것을 구했습니다. 그 말을 듣고 분개한 열 제자들에게 주님께서 말씀하셨습니다. “너희 중에 누구든지 크고자 하는 자는 너희를 섬기는 자가 되고 너희 중에 누구든지 으뜸이 되고자 하는 자는 모든 사람의 종이 되어야 하리라.”(막10:43-44). 오늘 우리의 본문을 보면 열 두 제자보다 약 이천 년 먼저 태어나서 살다 간 요셉이 소개되고 있습니다. 그는 진실로 섬기는 종의 모습을 보여주었습니다. 그는 당대만 아니라 모든 시대에 으뜸이 될 만한 인물로 꼽히고 있습니다. 우리도 이렇게 섬기는 사람이 되기를 원합니다. 2 이렇게 섬깁시다! 첫째, 하나님이 보이도록 섬깁시다. 우리가 이웃을 섬길 때 우리의 삶에서 하나님이 보이도록 섬깁시다. 요셉의 섬김을 통해서 그 주인 보디발은 요셉과 함께 하시는 하나님을 볼 수 있었습니다. 본문 1-3절을 함께 읽겠습니다. “1 요셉이 이끌려 애굽에 내려가매 바로의 신하 친위대장 애굽 사람 보디발이 그를 그리로 데려간 이스마엘 사람의 손에서 요셉을 사니라. 2 여호와께서 요셉과 함께 하시므로 그가 형통한 자가 되어 그의 주인 애굽 사람의 집에 있으니 3 그의 주인이 여호와께서 그와 함께 하심을 보며 또 여호와께서 그의 범사에 형통하게 하심을 보았더라.” 요셉은 형들에게 미움을 받았습니다. 이스마엘 대상에게 팔렸습니다. 애굽에 이끌려갔습니다. 바로 왕의 친위대장 애굽 사람 보디발이 그를 종으로 샀습니다. 이러한 형편에서 요셉은 그의 주인을 섬겼습니다. 그럼에도 요셉의 생각과 말과 행실과 태도에서 하나님이 보였습니다. 요셉의 주인 눈에 하나님이 보였습니다. 보디발은 하나님께서 요셉과 함께 하시는 것을 보았습니다. 여호와께서 요셉이 하는 모든 일을 형통하게 하시는 것을 확인할 수 있었습니다. 우리가 이렇게 섬깁시다. 하나님이 보이도록 섬깁시다. 둘째, 신뢰하고 맡기도록 섬깁시다. 우리가 누구를 섬기든지 그들이 우리를 신뢰하고 모든 것을 맡기도록 섬깁시다. 요셉의 주인은 요셉에게 모든 것을 맡기고 자기가 먹는 음식 외에는 간섭하지 않았습니다. 본문 4,6절을 함께 읽겠습니다. “4 요셉이 그의 주인에게 은혜를 입어 섬기매 그가 요셉을 가정총무로 삼고 자기의 소유를 다 그의 손에 위탁하니 ... 6 주인이 그의 소유를 다 요셉의 손에 위탁하고 자기가 먹는 음식 외에는 간섭하지 아니하였더라. 요셉은 용모가 빼어나고 아름다웠더라.” 요셉은 물질관계, 대인관계, 예의범절, 규칙생활, 절제, 인내, 충성, 책임감 등 모든 면에 철저하여 그 주인이 매사에 모든 것을 믿고 맡길만한 신용을 얻도록 섬겼습니다. 성령께서는 우리가 작은 일, 맡은 일에 죽도록 충성할 것을 격려하십니다. 마태복음 25:21 말씀입니다. “... 잘하였도다! 착하고 충성된 종아, 네가 적은 일에 충성하였으매 내가 많은 것을 네게 맡기리니 네 주인의 즐거움에 참여할지어다 ...” 누가복음16:10 말씀입니다. “지극히 작은 것에 충성된 자는 큰 것에도 충성되고 지극히 작은 것에 불의한 자는 큰 것에도 불의하니라.” 고린도전서 4:2 말씀입니다. “그리고 맡은 자들에게 구할 것은 충성이니라.” 요한계시록 2:10 말씀입니다. “... 네가 죽도록 충성하라. 그리하면 생명의 관을 네게 주리라.” 우리 이렇게 섬깁시다. 사람들이 우리를 신뢰하고 모든 것을 맡기도록 섬기십시다. 셋째, 하나님의 복이 임하도록 섬깁시다. 우리가 누구를 섬기든지 우리의 섬김을 통해 하나님의 복이 임하도록 섬깁시다. 요셉이 그 주인을 섬길 때 그 주인의 집과 밭에 있는 모든 소유에 하나님의 복이 미쳤습니다. 본문 5절을 함께 읽겠습니다. “5 그가 요셉에게 자기의 집과 그의 모든 소유물을 주관하게 한 때부터 여호와께서 요셉을 위하여 그 애굽 사람의 집에 복을 내리시므로 여호와의 복이 그의 집과 밭에 있는 모든 소유에 미친지라.” 보디발이 요셉을 가정총무로 삼기 이전과 이후가 현저히 구별이 되었습니다. 요셉이 가정총무가 되어 그 주인의 집과 그의 모든 소유물을 주관하게 한 때부터 여호와께서 요셉을 위하여 하나님께서 그 집에 복을 내리셨습니다. 우리의 섬김에 그처럼 하나님께서 함께하시고 복을 내리시는 증거가 나타나기를 주님의 이름으로 축복합니다. 우리 이렇게 섬깁시다. 우리의 가정이든지, 교회든지, 일터든지, 지역사회든지 우리가 섬기는 현장에 하나님의 복이 임하도록 섬깁시다. 3 맺는 말씀 사랑하는 주님 안의 형제자매 여러분, 우리 이렇게 섬깁시다! 하나님이 보이도록! 신뢰하고 맡기도록! 하나님의 복이 임하도록! 할렐루야! 아멘! 우리 함께 옥합을 깨뜨리는 마음으로 주님께 찬송 부르겠습니다. 옥합을 깨뜨려(찬미예수 2000 #1311)입니다.",주보 (2007-12-16)
2007-12-22,2007,12,부흥회/집회,"청년 전도집회: 일시: 12/22(토), 7pm 장소: 지구촌교회 본당 주위에 교회 다니지 않는 고등학생, 청년들을 소개해 주시기 바람. 연락처: 전원엽 회장(240-855-9626)",주보 (2007-12-09)
2007-12-23,2007,12,기타행사,비전센터 진입로 건설허가 및 건축설계가 순조롭게 진행되기 위하여,주보 (2007-12-23)
2007-12-23,2007,12,기타행사,"제자훈련 안내: 과목(주일 공과반: 연중 계속) 기간 수업시간 교사 교실 G345 믿음과 구원; 로마서 3주 11:30am-12:40pm 성명진 104 G330-a 창세기 연중 8:45am-9:45am 권오빈 104 G330-b 창세기 연중 10:00am-11:00am 이자선 322 G330-c 창세기 연중 11:30am-12:30pm 이한일 306 G330-d Genesis 연중 8:45am-9:45am Ron Krams 316C 2007년 셀 축제 행사 2007년 여름을 보내며 그리고 소리 없이 다가오는 가을을 맞이하며 저희의 지친 영혼을 주님이 주시는 생수로 채우고 그의 사랑과 그의 능력, 그의 인도하심을 따라 서로를 돌아 보며 서로를 이해하고 서로 하나 되길 바라며 아래와 같이 섬기는 사랑이라는 주제로 셀 축제를 진행하고자 합니다. 이번 셀 축제는 전교인이, 각 지역 교회내의 셀교회와 비셀 교우가 함께 하는 즐거운 천국 축제가 되었으면 합니다. 이번 축제를 통하여 서로 함께 성령의 임재를 느끼고 나누길 원합니다.",주보 (2007-12-23)
2007-12-25,2007,12,성례,침례식: 12월25일 성탄절에 침례받기 원하는 분은 지역목회자께 신청바람.,주보 (2007-12-02)
2007-12-25,2007,12,성례,"Baptism Class: 12/25(성탄절)에 침례를 받는 학생들을 위한 성경공부가 오늘, 12:45pm에 있음.",주보 (2007-12-23)
2007-12-25,2007,12,성례,"침례식: 지난 12월25일(성탄절)에 침례받으신 분: 양성구 심용현 김정희 유승찬 장태수 김주용 심상원 심지원 이웅교 이 철 Meejee Kim, Joseph Yu, Michelle Yun, Gary Yun, David Yeom, Daniel Yu, Grace Kim, Elizabeth Kim, Grace So, Tommy Oh, Lydia Cho, Tess Lee (22명)",주보 (2007-12-30)
2007-12-30,2007,12,기타행사,"감사: 테입사역과 식당사역 그리고 미화부에서 지난 한해 수익금을 건축헌금하셨음. 테입사역: 4,000불, 미화부: 3,980불(이중 3,480불은 비전헌금으로 입금되었고 500불은 건축헌금으로 입금되었음.), 식당사역: 30,000불, 무명씨 헌금: 23,970불, 무명씨 헌금: 10,000불 -총합계: 68,470불이 건축헌금으로 입금되었음.",주보 (2007-12-30)
2007-12-30,2007,12,기타행사,비전센터 진입로 건설허가 및 건축설계가 순조롭게 진행되기 위하여,주보 (2007-12-30)
2007-12-30,2007,12,기타행사,"제자훈련 안내: 과목(주일 공과반: 연중 계속) 기간 수업시간 교사 교실 G345 믿음과 구원; 로마서 3주 11:30am-12:40pm 성명진 104 G330-a 창세기 연중 8:45am-9:45am 권오빈 104 G330-b 창세기 연중 10:00am-11:00am 이자선 322 G330-c 창세기 연중 11:30am-12:30pm 이한일 306 G330-d Genesis 연중 8:45am-9:45am Ron Krams 316C 2007년 셀 축제 행사 2007년 여름을 보내며 그리고 소리 없이 다가오는 가을을 맞이하며 저희의 지친 영혼을 주님이 주시는 생수로 채우고 그의 사랑과 그의 능력, 그의 인도하심을 따라 서로를 돌아 보며 서로를 이해하고 서로 하나 되길 바라며 아래와 같이 섬기는 사랑이라는 주제로 셀 축제를 진행하고자 합니다. 이번 셀 축제는 전교인이, 각 지역 교회내의 셀교회와 비셀 교우가 함께 하는 즐거운 천국 축제가 되었으면 합니다. 이번 축제를 통하여 서로 함께 성령의 임재를 느끼고 나누길 원합니다.",주보 (2007-12-30)
2007-12-31,2007,12,기타행사,"년 신년 특별새벽기도회: 새해를 주님께 기도함으로 시작하기 바랍니다. 일시: 12/31(월)~1/5(토), 5:20am~6am 주제: “주의 뜻을 이루소서” 12/31(월): 나라와 민족을 위한 기도: 만민에게 복음을 전파하라 (막 16:14~18) 1/1(화): 10am 신년예배로 드림. (새벽기도 없음.) 1/2(수): 비전을 위한 기도: 내가 로마도 보아야 하리라! (행 19:21, 23:11) 1/3(목): 가족을 위한 기도: 오직 나와 내 집은 여호와만 섬기겠노라! (수 24:14~18) 1/4(금): 일터를 위한 기도: 하나님께서 넓게 하시리라! (창 26:12~22) 1/5(토): 비전센터 건축을 위한 기도: 모든 나라의 보배가 이르리라! (학 2:5~9)",주보 (2007-12-23)
2007-12-31,2007,12,선교,"MET2008 단기선교 신청 및 접수: 2008년 단기선교를 준비하시는 모든 팀과 단기선교 헌신카드를 제출하신 분, 단기선교 가시기를 원하시는 분들은 신청서를 제출해 주시기 바람. 신청기간: 12/31(월)까지 신청장소: 다목적대강당 문의: 백동진 목사(240-463-0129) 조규철 집사(202-487-0924)",주보 (2007-12-23)
2008-01-06,2008,1,기타행사,비전2010 헌신주일: 오늘은 비전센터 건립 3년 계획을 위한 건축헌금 700만불 목표로 온 교회적으로 헌신하는 주일임.,주보 (2008-01-06)
2008-01-06,2008,1,기타행사,비전센터 진입로 건설허가 및 건축설계가 순조롭게 진행되기 위하여,주보 (2008-01-06)
2008-01-13,2008,1,세미나,"제자훈련 2008년 1학기: 개강: 1/13(오늘), 2008년 등록: 복도에서 등록받음. 문의: 유중현 집사(301-601-0070) G1(새교우, 셀가족반)G2(새소명/QT반성경의 흐름잡기하나님을 경험하는 삶)G3 순으로 한 학기에 한 과목씩 꼭 수강해 주세요. 새교우반은 1/13(오늘)~2/17(주일), 셀가족반은 2/24(주일)~3/30(주일)에 104호실 에서 10am~11:10am 있음. 교실변경: 가족치유,마음치유반은 322호실에서 104호실로, 창조과학세미나는 침례준비 실에서 322호실로, 셀가족반은 2/24(주일), 10am, 104호실에서 있음.",주보 (2008-01-13)
2008-01-13,2008,1,기타행사,비전센터 진입로 건설허가 및 건축설계가 순조롭게 진행되기 위하여,주보 (2008-01-13)
2008-01-13,2008,1,기타행사,온 교회가 즐거이 비전센터 건축헌금 약정에 동참하기 위하여,주보 (2008-01-13)
2008-01-20,2008,1,회의/의회,정기사무총회: 일시: 1/20(주일) 1:30pm 장소: 커버넌트 채플 참석대상: 등록된 만18세 이상의 전교인,주보 (2008-01-06)
2008-01-20,2008,1,기타행사,비전센터 진입로 건설허가 및 건축설계가 순조롭게 진행되고 온 교회가 함께 참여하기 위하여,주보 (2008-01-20)
2008-01-27,2008,1,세미나,"기도사역팀: 제51기 중보기도 사역자를 모집함. 모집기간: 1/27(주일)까지 사역기간: 2/1(금)~5/31(토), 4개월간 사역자 오리엔테이션(중보기도 세미나): 2/3(주일), 11:30am, 117호 본교회 등록교인으로서 일주일에 한 시간 씩 중보기도에 동참하실 분을 찾습니다. 문의: 박용관 집사(443-285-1376) 김용철 집사(301-879-1600)",주보 (2008-01-20)
2008-02-03,2008,2,세미나,"중보기도 세미나: 일시: 2/3(주일)~3/9(주일), 11:30am 장소: 117호 문의: 김희순 집사(301-879-1600)",주보 (2008-01-27)
2008-02-10,2008,2,선교,"선교팀: 2월 월례회: 일시: 2/10(주일), 4:30pm 장소: 이영재/순영 집사댁 (301-983-3950) MET2008 단기선교 헌신자 훈련: 일시: 2/14(목), 7pm 장소: 커버넌트 채플 문의: 조규철 집사(202-487-0924) 장,단기선교 헌신자 및 선교에 관심 있는 모든 성도님 환영.",주보 (2008-02-03)
2008-02-17,2008,2,선교,여름단기선교: 등록일: 2/17(주일) 등록장소: 지구촌 대강당,주보 (2008-02-10)
2008-02-17,2008,2,훈련/수련회,"사역자 수련회: 일시: 2/17(오늘), 5pm~2/18(월), 12pm 장소: Skycroft 수양관",주보 (2008-02-17)
2008-02-17,2008,2,선교,"선교팀: 동북아시아 선교보고(김승택/성희 선교사): 일시: 2/17(오늘), 11:30am 장소: 선교원(303호) MET2008 페루 단기선교 보고: 일시: 2/24(주일), 11:30am 장소: 선교원(303호)",주보 (2008-02-17)
2008-02-23,2008,2,특별행사,"정월 대보름 잔치: 일시: 2/23(토), 12pm (11am: 상록회 총회, 12pm: 잔치 시작) 장소: 지구촌교회 다목적 대강당 대상: 소망회/상록회 주최: 소망회, 상록회, 이웃사랑팀",주보 (2008-02-10)
2008-02-24,2008,2,선교,"선교팀: MET2008 페루 단기선교 보고: 일시: 2/24(주일), 11:30am 장소: 선교원(303호)",주보 (2008-02-24)
2008-02-29,2008,2,목회자 부임,"사임: 지난 6년간 사역해 오신 백동진 목사께서 2월29일 자로 사임하심. 백동진 목사님께서 맡은 사역을 다음과 같이 위임함. 유,초등부: 최인돈 집사 선교팀: 조호중 목사 교육사역팀: 박경범 목사 AWANA: Austin 조 목사",주보 (2008-02-17)
2008-03-02,2008,3,세미나,"이웃사랑 세미나 개최: 주제: 세탁소 운영에 관한 주(MD)법 제정 위기 일시: 3/2(주일), 1pm 장소: 115호 강사: 박충기 집사, 수잔 리(주 하원의원), 인기만(세탁협회) 관계자 많은 참석바람.",주보 (2008-02-24)
2008-03-07,2008,3,부흥회/집회,Youth Explosion(고등부): 일시: 3/7(금)~3/8(토) 장소: 볼티모어 교회 등록일: 2/10(오늘)까지 등록금: 70불 남침례교단 Youth 부흥회임.,주보 (2008-02-10)
2008-03-07,2008,3,선교,"Youth Explosion(고등부): 일시: 3/7(금)~3/8(토) 장소: 볼티모어 교회 등록일: 2/17(오늘)까지 등록금: 70불 남침례교단 Youth 부흥회임. MET2008 Youth 여름단기선교: 등록일: 2/17(오늘), 대강당에서 일 시 선 교 지 등 록 금 World Changers Charleston 6/14(토)~6/21(토) West Virginia 325불 JAMA 6/29(주일)~7/2(수) 필라델피아 180불(+80불) World Changers Norfork(고등부) 7/21(토)~7/28(토) 버지니아 325불 Kinistin 8/2(토)~8/13(수) 캐나다 750불 GMC 오케스트라 6/17(화)~6/24(화) Khonkaen(태국) 미정 제주도 미정 제주도 미정",주보 (2008-02-17)
2008-03-16,2008,3,성례,침례식: 각 예배시 있음. 침례신청서와 간증문을 작성하여 사무실에 제출해 주시기 바람. 문의: 각 지역목회자,주보 (2008-03-16)
2008-03-16,2008,3,성례,부예배: 영어 중고등부 침례식이 있음.,주보 (2008-03-16)
2008-03-17,2008,3,기타행사,"고난주간 특별새벽기도회: 일시: 3/17(월)~3/22(토), 5:30am",주보 (2008-03-09)
2008-03-23,2008,3,성례,침례식 신청: 오는 부활주일(3/23)에 침례받기 원하는 분은 지역목회자께 신청바람.,주보 (2008-02-24)
2008-03-23,2008,3,성례,침례식: 일시: 3/23(부활절 주일) 오늘부터 등록받음.,주보 (2008-03-02)
2008-03-23,2008,3,특별행사,"이웃사랑팀: 제11회 DC 부활절 꽃심기 날: 부활절날 DC 노숙자 초청 선교잔치 및 평화의 꽃심기 운동에 참여코자 합니다. 일시: 3/23(주일), 4pm~6pm, 교회에서 3pm 출발. 장소: ①예배: McPherson Park(15th & Kst NW) ②꽃심기: 1st St. NW & Florida Ave. NW) 문의: 김정홍 집사(240-418-8972) 이석용 집사(301-461-5840)",주보 (2008-03-16)
2008-03-23,2008,3,성례,"침례식: 각 예배시 있음. 명단: 김 진, 서영임, 최유정, Emily Kim, Eric Kim, Sam Kim, Chris Pak, Eugene Pak (8명)",주보 (2008-03-23)
2008-03-23,2008,3,성례,부예배: 영어 중고등부 침례식이 있음.,주보 (2008-03-23)
2008-03-23,2008,3,성례,"침례식: 일시: 3/23(오늘), 11:30am(4부예배때 침례식이 있음.) 오늘 중고등부는 10am에 중고등부 합동예배(성찬식이 있음.)를 드리고 11:30am 에는 4부예배 침례식에 참석함.",주보 (2008-03-23)
2008-03-28,2008,3,특별행사,"보은음악회: 선교사 한국도착 123주년 기념 보은음악회, 배재,이화 합창단 출연. 일시/장소: 3/28(금), 7pm, 워싱턴 한인교회 일시/장소: 3/30(주일), 4:30pm, 볼티모어 Lovely Lane 교회(2200 St. Paul St., Baltimore)",주보 (2008-03-23)
2008-03-29,2008,3,선교,"Ice Skating: 일시: 3/29(토), 7pm~9pm 장소: Wheaton Ice Skating Ring 모든 가족 초대합니다. MET2008 Youth 여름단기선교: 등록일: 3/2(오늘), 대강당에서 일 시 선 교 지 등 록 금 World Changers Philadelphia 7/12(토)~7/19(토) 필라델피아 325불 JAMA 6/29(주일)~7/2(수) 필라델피아 180불(+80불) World Changers Norfolk(중고등부) 6/21(토)~6/28(토) 버지니아 325불 Kinistin 8/2(토)~8/13(수) 캐나다 750불 GMC 오케스트라 6/17(화)~6/24(화) Khonkaen(태국) 미정 제주도 미정 제주도 미정",주보 (2008-03-02)
2008-03-29,2008,3,기타행사,"Ice Skating: 일시: 3/29(토), 7pm~9pm 장소: 위튼 아이스 스케이트장 1인당 입장료: 3불 스케이트 대여: 3불15전 문의: Austin 조 목사(301-580-2133) 전교인 모든 가족 초대합니다.",주보 (2008-03-09)
2008-03-29,2008,3,특별행사,"사랑의 음악회: 장애인과 함께하는 음악회: 일시: 3/29(토), 5pm 장소: 워싱턴 지구촌 교회 주최: 워싱턴 지구촌 교회 장애인 선교부 본 음악회의 수입금 전액은 ‘에바다 농인선교 연구소’로 보내집니다.",주보 (2008-03-09)
2008-03-30,2008,3,특별행사,"보은음악회: 선교사 한국도착 123주년 기념 보은음악회, 배재,이화 합창단 출연. 일시/장소: 3/30(오늘), 4:30pm, 볼티모어 Lovely Lane 교회(2200 St. Paul St., Baltimore)",주보 (2008-03-30)
2008-03-30,2008,3,선교,"단기선교 등록: 일시: 3/30(오늘), 마지막 등록받음. 장소: 다목적대강당 문의: 계준교 집사(301-598-3320) MET2008 Youth 여 름 단 기 선 교 일 시 선 교 지 등 록 금 World Changers Philadelphia 7/12(토)~7/19(토) 필라델피아 325불 JAMA 6/29(주일)~7/2(수) 필라델피아 180불(+80불) World Changers Norfolk(중고등부) 6/21(토)~6/28(토) 버지니아 325불 Kinistin 8/2(토)~8/13(수) 캐나다 750불 GMC 오케스트라 6/17(화)~6/24(화) Khonkaen(태국) 미정",주보 (2008-03-30)
2008-04-10,2008,4,선교,"선교팀: 장기, 중단기 선교 헌신자 및 2008년 단기선교 헌신자 훈련 일시: 4/10(목), 5/8(목), 7pm 장소: 커버넌트 채플 대상: 모든 팀의 헌신자, Team Leader, 장기, 중단기 선교 헌신자, 선교에 관심이 있으신 모든 분들의 참석 환영(간단한 간식 제공됨.) 문의: 조호중 목사(301-273-5683), 조규철 집사(202-487-0924)",주보 (2008-03-30)
2008-04-19,2008,4,기타행사,"봄철 대청소: 일시: 4/19(토), 8am~12pm 대상: 전교인(셀, 비셀, EM, IM, 한어/영어 중고등부) 문의: 김길태 집사(240-383-8464) 최영섭 집사(240-421-6387) 점심이 제공됨.",주보 (2008-04-06)
2008-05-02,2008,5,부흥회/집회,"봄철 부흥회: 주제: ‘다시 쓰는 인생행전’ 강사: 김형준 목사(동안교회) 일시: ①5/2(금), 저녁집회: 7:30pm ②5/3(토), 새벽기도: 5:20am ③5/3(토), 저녁집회: 7:30pm ④5/4(주일), 주일저녁집회: 7pm",주보 (2008-04-13)
2008-05-04,2008,5,부흥회/집회,"봄철 부흥회: 주제: ‘다시 쓰는 인생행전’ 강사: 김형준 목사(동안교회) 일시: 5/4(오늘), 7pm 베이비 시딩 제공: 미취학 아동까지 베이비 시딩을 제공함. 특별프로그램 제공: 초등학교와 중고등학생을 위해 오늘 저녁 특별프로그램을 제공함.",주보 (2008-05-04)
2008-05-08,2008,5,선교,"선교팀: 장기, 중단기 선교 헌신자 및 2008년 단기선교 헌신자 훈련 일시: 5/8(목), 7pm 장소: 아가페 채플 대상: 모든 팀의 헌신자, Team Leader, 장기, 중단기 선교 헌신자, 선교에 관심이 있으신 모든 분들의 참석 환영(간단한 간식 제공됨.) 문의: 조호중 목사(301-273-5683), 조규철 집사(202-487-0924)",주보 (2008-04-20)
2008-05-08,2008,5,특별행사,"상록회 피크닉: 일시: 5/8(목), 11am 장소: 브라이턴 댐/아잘리아 공원 교회에서 Van이 10:30am에 출발하며 어르신 모두를 초청합니다~",주보 (2008-05-04)
2008-05-24,2008,5,세미나,"GMC Worship 세미나: 예배사역과 관련한 기획, 음향, 미디어 촬영, 편집, 무대연출에 관심 있는 분들을 초청하여 1부 이론교육과 2부 실전교육 세미나를 개최합니다. 관심 있는 분들은 함께 참석해 주시기 바랍니다. 일시: 5/24(토), 1pm~3pm 장소: 커버넌트 채플 문의: 남연우 집사(443-280-0120, yonwoonam@yahoo.com)",주보 (2008-05-18)
2008-05-25,2008,5,특별행사,"교육팀 야외예배(피크닉): 일시: 5/25(주일), 10am~12:30pm 장소: 교회 뒷동산 대상: 영어 중고등부/유초등부 교회 뒷동산에서 햄버거, 핫독 등을 구워 먹으며 게임, 예배, 피크닉 등 즐거운 시간을 가짐. 문의: Austin 조 목사(301-580-2133)",주보 (2008-05-18)
2008-06-08,2008,6,성례,"침례: 6/8(오늘), 1부예배 때 김건흡 집사님의 침례식이 있음.",주보 (2008-06-08)
2008-06-14,2008,6,선교,"MET2008 태국 단기선교팀(한어 장년부): 선교 일시: 6/14(토)~6/28(토) 출발: 6/14(토), 8:30am, United AL, 덜래스 공항",주보 (2008-06-08)
2008-06-21,2008,6,기타행사,"전교인 배구대회: 일시: 6/21(토), 8am~3pm 목적: 교제를 통해서 먼저 서로를 알고 그리고 협력하여 선을 이룹시다! 문의: 이용주 집사(240-605-8123) 이승환 형제(301-613-9438)",주보 (2008-05-04)
2008-06-29,2008,6,기타행사,"임시 실행위원회 모임: 일시: 6/29(주일), 1:30pm 장소: 새교우영접실 의제: 건축회사에서 건축설계 설명",주보 (2008-06-22)
2008-06-30,2008,6,목회자 부임,사임: 조규만 목사께서 6월30일 부로 본 교회를 사임하시고 볼티모어 지구촌교회 담임목사로 부임하심.,주보 (2008-06-29)
2008-07-06,2008,7,선교,"선교팀: MET2008 동북아시아팀 단기선교 보고: 일시: 7/6(주일), 11:30am 장소: 선교원(303호)",주보 (2008-06-29)
2008-07-12,2008,7,선교,"민동식/한지은 선교사 파송예배: 민동식/한지은 부부(민종훈/영자 집사, 한수웅/ 동희 집사 자녀)의 선교사 파송예배가 오는 7/12(토), 6pm 워싱턴 나들목 교회에서 있음. 주소: 워싱턴 나들목 교회(3515 Campus Dr. College Park, MD 20740) 문의: 301-919-9658, 301-922-2610 www.nadulmokdc.org",주보 (2008-06-29)
2008-07-16,2008,7,부흥회/집회,"강명식과 함께하는 찬양팀 초청 워십 컨서트: 일시: 7/16(수), 7:30pm~9pm 장소: 지구촌교회 본당 강명식과 함께하는 찬양팀 워십 컨서트를 통해 온 가족이 함께 하나님의 은혜와 사랑을 경험하는 수요 찬양집회에 여러분을 초청합니다.",주보 (2008-06-22)
2008-07-16,2008,7,부흥회/집회,"강명식과 함께 드리는 사랑의 예배: 일시: 7/16(수), 7:30pm~9pm 장소: 지구촌교회 본당 강명식과 함께하는 찬양팀 워십 컨서트를 통해 온 가족이 함께 하나님의 은혜와 사랑을 경험하는 수요 찬양집회에 여러분을 초청합니다. 강명식 찬양팀과 함께 하는 사랑의 예배를 위해 민박을 신청 받습니다. 찬양과 은혜를 사모하는 분들의 귀한 민박의 섬김을 통해 한국에서 오신 찬양팀들과 함께 하는 귀한 만남의 시간이 될 것입니다. 민박일정: 7/15(화)~7/16(수), 이틀간 숙박, 픽업과 식사는 예배팀에서 섬기게 됩니다. 기쁨과 사랑으로 함께 섬겨 주실 분은 연락주세요. 연락처: 박현오 목사(301-461-0230, parkhyunoh@gmail.com) 남연우 예배팀장(443-280-0120, yonwoonam@yahoo.com)",주보 (2008-07-06)
2008-07-20,2008,7,선교,"MET2008 GroupWorkCamp 보호자 구함/선교팀 모임: 일시: 7/20(주일)~7/26(토) 장소: 윌밍톤 델라워어(Willmington, Delaware) 문의: 계준교 집사(301-949-3602) 영어 고등부 단기선교팀을 위해 보호자로 동참하실 분 남녀 한 분씩을 구합니다. 선교팀 모임: 일시: 7/19(토), 10am~12pm 장소: 커버넌트 채플 문의: 서보신 집사(443-280-3661) *부모님도 함께 참석해 주세요.",주보 (2008-06-29)
2008-07-20,2008,7,성례,"Youth Music Camp: 주최: 침례교 협의회(Maryland Delaware Convention) 일시: 7/20(주일), 3pm~7/25(금) 장소: 워싱턴 바이블 칼리지 대상: 7학년~12학년 등록금: 345불 문의: 1-800-466-5290 #253, ypac@bcmd.org",주보 (2008-06-29)
2008-07-27,2008,7,세미나,"선교세미나: “국제선교부(IMB)를 통한 장기선교” 장기선교 헌신자 및 선교에 관심 있는 모든 성도 일시: 7/27(주일), 11:30am 장소: 선교원(303호) 강사: 신기황 목사(IMB 본부 한인선교 담당) 문의: 이영재 집사(301-983-3950) 조호중 목사(301-460-1656)",주보 (2008-07-13)
2008-07-28,2008,7,특별행사,"상록회 낚시 피크닉: 일시: 7/28(월), 10am 장소: 샌디포인트 스테이트 파크 문의: 이병준 회장(301-438-7304) 많은 시니어의 참가를 바람.",주보 (2008-07-20)
2008-08-03,2008,8,목회자 부임,제리송 전도사님 부임: 오늘부터 유초등부 전담사역자(Children's Pastor)로 사역 시작함,주보 (2008-08-03)
2008-08-08,2008,8,훈련/수련회,"Lock-In: 일시: 8/8(금)~8/9(토) 장소: Vision House 기도회 및 친교, 수련회 준비를 위하여",주보 (2008-08-03)
2008-08-10,2008,8,목회자 사임,사임: 박경범 목사님께서 8월10일(오늘) 자로 사임하시고 인디아나폴리스에 위치한 Taylor University 교수로 가시게 됨.,주보 (2008-08-10)
2008-08-15,2008,8,훈련/수련회,"청년1부 여름수련회: 일시: 8/15(금)~8/17(주일) 장소: WV, Concord Retreat Center 강사: 조호중 목사",주보 (2008-07-20)
2008-08-19,2008,8,훈련/수련회,여름 수련회: 일시: 8/19(화)~8/22(금) 장소: Sky Croft 수양관 강사: 박현오 목사,주보 (2008-07-20)
2008-08-22,2008,8,훈련/수련회,"청년부: ▶청년2부 여름수련회: 일시: 8/22(금)~8/24(주일) 장소: PA, 은혜의 동산 강사: 박성호 목사(워싱턴 중앙장로교회)",주보 (2008-08-17)
2008-08-24,2008,8,훈련/수련회,북미주 유학생 수련회(KOSTA) 사역을 위하여,주보 (2008-08-24)
2008-08-30,2008,8,특별행사,"제13회 장애인과 함께 하는 사랑의 잔치: 일시: 8/30(토), 5pm~7pm 장소: 다목적 대강당 문의: 홍재철 집사(301-515-8692)",주보 (2008-08-17)
2008-09-14,2008,9,부흥회/집회,"수도한인침례교 협의회 주최 1일부흥회: 일시: 9/14(주일), 7:30pm 장소: 지구촌 교회",주보 (2008-08-24)
2008-09-14,2008,9,기타행사,목자 임명식: 4부예배에 김명재 목자 나눔셀에서 분가한 이덕한 목자 하나셀의 목자 임명식이 있겠습니다.,주보 (2008-09-14)
2008-09-15,2008,9,세미나,"제6회 중보기도세미나: 강사: 김만풍 목사 일시: 9/15(월), 3pm~9/17(수), 12pm 장소: 워싱턴 지구촌교회 인원: 선착순 100명(50개 교회) 문의: 김용철 집사(301-879-1600, 301-674-5758)",주보 (2008-08-31)
2008-09-19,2008,9,부흥회/집회,"중독예방을 위한 특별집회: 일시: 9/19(금)~9/21(주일) 장소: 지구촌 교회 강사: 신상언 선교사(낮은 울타리 대표) 주제: 직면학교(Confrontation School): 올바른 자녀 성장을 위한 말씀과 치유리더십을 갖게 하는 특별집회임. 집회일정: ①9/19(금), 7:30pm ②9/20(토), 5:30am ③9/20(토), 7:30pm",주보 (2008-08-24)
2008-09-21,2008,9,부흥회/집회,"중독예방을 위한 특별집회: 일시: 9/21(오늘), 7:30pm 장소: 지구촌 교회 강사: 신상언 선교사(낮은 울타리 대표) 주제: 직면학교(Confrontation School): 올바른 자녀 성장을 위한 말씀과 치유리더십을 갖게 하는 특별집회임.",주보 (2008-09-21)
2008-09-30,2008,9,목회자 사임,사임: Austin Cho(영어 중고등부 담당) 목사님께서 9월30일 자로 사임하시고 펜실베니아에 있는 웨스트민스터 신학대학원에 Full Time으로 공부하러 가심.,주보 (2008-09-28)
2008-10-01,2008,10,목회자 부임,"부임: 이지인 목사가 전임 부목사로, 최진석(James Choi)전도사가 영어 중/고등부 담당 사역자로 10월1일부터 사역을 시작함.",주보 (2008-10-05)
2008-10-03,2008,10,부흥회/집회,"하덕규 전도사 찬양/간증집회: (그룹이름: 시인과 촌장) 일시: 10/3(금), 7:30pm 장소: 워싱턴 지구촌교회 본당",주보 (2008-09-21)
2008-10-05,2008,10,특별행사,"은샘 마을 피크닉: 일시: 10/5(오늘), 12pm~4pm 장소: Needwood 공원 문의: 홍성권 집사(301-438-9678) 은샘 마을 목원(예은셀, 생수셀, 스톤게이트셀, 노아셀) 전원은 마을 피크닉에 참석바라며 약도가 사무실에 준비되어 있음.",주보 (2008-10-05)
2008-10-12,2008,10,특별행사,"소망회 피크닉: 일시: 10/12(오늘), 3부예배 후 장소: 교회 동산 문의: 이지인 목사(301-448-0355)",주보 (2008-10-12)
2008-10-19,2008,10,특별행사,"GMC 베이비 축제: 사진전(10/19~11/9), 축복예배 및 재롱잔치(자세한 내용은 추후 통보) 대상: 2세 이하 참가신청: 9/28(주일), 다목적 대강당에서 문의: 김응권/보환 집사(301-580-5777) “푸짐한 상품은 물론 가족들에게 소중한 추억이 될 이번 행사에 GMC 천사들 모두 모두 참여하세요.”",주보 (2008-09-21)
2008-10-19,2008,10,특별행사,"마을 피크닉(향기로운, 격려, 예판, 생명, 예앎, The Spirit, 내려놓음): 일시: 10/19(주일), 1:30pm 장소: Needwood Park 문의: 박현오 목사(301-461-0230)",주보 (2008-10-12)
2008-10-19,2008,10,특별행사,"GMC 베이비 축제 예배 및 재롱잔치: 일시: 10/19(오늘), 1:30pm) 장소: 아가페 채플 문의: 김응권/보환 집사(301-580-5777)",주보 (2008-10-19)
2008-10-25,2008,10,기타행사,"가을철 대청소: 일시: 10/25(토), 8am~12pm 대상: 전교인(셀, 비셀, EM, IM, 한어/ 영어 중고등부) 문의: 최영섭 집사(240-421-6387), 이재욱 집사(301-622-5345) 점심이 제공됨.",주보 (2008-10-19)
2008-10-26,2008,10,창립,"워싱턴 농인교회 창립7주년 감사예배: 일시: 10/26(주일), 4pm 장소: 커버넌트 채플 문의: 임연숙 전도사(410-660-7936)",주보 (2008-10-19)
2008-10-26,2008,10,창립,"창립34주년 기념선물: 창립 34주년을 기념하여 2세 교육 예배실(커버넌트, 카타콤)의 교육환경과 시스템을 개선하기로 하였음.",주보 (2008-10-26)
2008-11-02,2008,11,창립,"창립 34주년 감사예배/행사 및 셀 축제를 위하여 볼티모어 지구촌 교회 ◉ 교회소식 창립 8주년 기념예배 및 조규만 목사 담임목사 취임예배 일시: 2008년 11월 16일(주일), 4pm 장소: 1401 York Rd. Lutherville, MD 21093 (410)292-3477 볼티모어 지구촌 교회 ◉ 사역을 위해 성도님들의 도네이션을 부탁: 필요한 물품들: 프로잭터(Projector) $1,500.00 및 스크린 $325.00 캠코더(Camcorder) $1,050.00 교회용 컴퓨터 $1,500.00 회의용 사무실 긴책상 및 의자 $500.00 침례복 및 장화 $500.00 DVD가 들어가는 텔레비전 $500.00 텔레비전 Cart 물품 접수 및 안내: 이영재 집사 (301)806-4197 네팔 침례교회 ◉ 교회소식 담임목사: 조승규 목사 네팔 난민을 위한 긴급 구호 요청: 볼티모어 지역에 살고 있는 150명 부탄(Butan) 난민들을 위한 겨울용품을 수집합니다. 수집 물품: 겨울철 이불, 잠바, 코트 등 겨울용품 수집일자: 11/2, 9, 16(주일, 3차례) 수집장소: 다목적 대강당 문의: 이석용 집사 (301)461-5840, 김정홍 집사 (240)418-8972",주보 (2008-10-26)
2008-11-02,2008,11,창립,"창립기념일: 34주년 창립기념 예배 및 목사/집사 안수식: 11/2(오늘), 4pm, 지구촌교회 본당에서 있음. 목사 안수: 문병득 전도사 집사 안수: 강동인 집사, 강현옥 집사",주보 (2008-11-02)
2008-11-02,2008,11,창립,"창립34주년 기념선물: 창립 34주년을 기념하여 2세 교육 예배실(커버넌트, 카타콤)의 교육환경과 시스템을 개선하기로 하였음.",주보 (2008-11-02)
2008-11-02,2008,11,기타행사,감사의 시(詩) 대상자: 건축을 위해 빌린 355만불을 완불하고 전교인을 대상으로 ‘감사의 시’ 를 모집한 결과 김정화 집사님의 ‘감사의 글’이 대상으로 당선되었음. 당선된 글은 교회 게시판에 있음.,주보 (2008-11-02)
2008-11-03,2008,11,기타행사,"추수감사절 특별새벽기도회: 일시: 11/3(월)~11/22(토), 5:30am(토요일은 5:20am) 말씀: 김만풍 목사",주보 (2008-10-19)
2008-11-16,2008,11,성례,"제직 추천자 수락서 제출: 지구촌 교회의 제직 대상자는 ①구원의 확신이 있는 분으로서 침례나 세례를 받은 분 ②지구촌교회 제자훈련 G1과정(새교우반, 셀가족반)을 다 이수하신 분이나 12월내에 마칠 예정인 분 ③우리 교회에 등록하고 1년 이상 경과된 분 ④70세 이상인 분은 교회 헌장에 의해서 명예은퇴집사로 섬기게 됩니다. 제직 추천서를 받으시면 제직 헌신 서약서를 11월16일 주일까지 교회 사무실로 제출해 주시기 바랍니다. 문의: 박현오 목사(301-461-0230)",주보 (2008-10-19)
2008-11-16,2008,11,창립,"볼티모어 지구촌 교회: 8주년 창립기념예배(11/16, 주일, 4pm)에 참석하실 교우들 중에 교회에서 함께 떠나기를 원하시는 분들은 교회 Van이 2:30pm 교회에서 출발함. 약도는 교회 사무실에 있음.",주보 (2008-11-09)
2008-11-16,2008,11,창립,"에바 선교사 간증과 찬양 집회에 은혜 충만하기 위하여 볼티모어 지구촌 교회 ◉ 교회소식 창립 8주년 기념예배 일시: 2008년 11월 16일(오늘), 4pm 장소: 1401 York Rd. Lutherville, MD 21093 (410)292-3477 볼티모어 지구촌 교회 ◉ 사역을 위해 성도님들의 도네이션을 부탁: 필요한 물품들: 프로잭터(Projector) $1,500.00 및 스크린 $325.00 캠코더(Camcorder) $1,050.00 교회용 컴퓨터 $1,500.00 회의용 사무실 긴책상 및 의자 $500.00 침례복 및 장화 $500.00 DVD가 들어가는 텔레비전 $500.00 텔레비전 Cart 물품 접수 및 안내: 이영재 집사 (301)806-4197 네팔 침례교회 ◉ 교회소식 담임목사: 조승규 목사 네팔 난민을 위한 긴급 구호 요청: 볼티모어 지역에 살고 있는 150명 부탄(Butan) 난민들을 위한 겨울용품을 수집합니다. 수집 물품: 겨울철 이불, 잠바, 코트 등 겨울용품 수집일자: 11/16(오늘) 수집장소: 다목적 대강당 문의: 이석용 집사 (301)461-5840, 김정홍 집사 (240)418-8972",주보 (2008-11-16)
2008-11-24,2008,11,세미나,"목적이 이끄는 리더쉽 세미나: 평신도 사역자들과 목회자들을 대상으로 새들백 교회 사역 리더쉽 세미나입니다. 일시: 11/24(월)~11/25(화), 9am~5pm 등록비: 75불 강사: 김성수 목사(새들백 교회 맴버, 골든게이트 신학대학원 겸임교수)",주보 (2008-11-09)
2008-11-29,2008,11,기타행사,"GMCYO 특별연주회: 일시: 11/29(토), 7pm 장소: Kennedy Center",주보 (2008-11-16)
2008-12-01,2008,12,기타행사,세계선교를 위한 특별새벽기도회: 일시: 12/1(월)~12/6(토),주보 (2008-11-30)
2008-12-06,2008,12,특별행사,GMCYO 정기 겨울음악회: 일시: 12/6(토) 장소: 지구촌 교회 본당,주보 (2008-11-16)
2008-12-25,2008,12,성례,침례식: 2008년도 성탄절(12월25일)에 침례받기를 원하시는 분은 지역목자에게 신청바람.,주보 (2008-11-30)
2008-12-27,2008,12,부흥회/집회,"청년 전도집회: 일시: 12/27(토), 7pm 장소: 지구촌 교회 본당 문의: 고상환 목사(240-643-0477) 주위에 전도대상 청년이 있다면 연락바람.",주보 (2008-12-21)
2008-12-31,2008,12,목회자 사임,사임: 문병득 목사가 D.C. 지역에 세계 여러 인종들을 위한 교회개척을 위해 12월31일 자로 사임함. 교회이름: DC Mosaic Church,주보 (2008-12-28)
2008-12-31,2008,12,목회자 부임,사임/부임: 김효선 권사께서 책방사역을 2008년12월31일 자로 사임하시고 신미영 자매께서 2009년 1월1일 자로 부임.,주보 (2009-01-04)
2009-01-02,2009,1,기타행사,"신년 특별새벽기도회: 일시: 1/2(금)~1/10(토), 5:20am~6am 강사: 김만풍 목사 1/5(월): 빛의 자녀로 행하기 위하여 (엡 5:8~14) 1/6(화): 성령충만한 삶을 위하여 (엡 5:15-21) 1/7(수): 가정생활의 행복을 위하여 (엡 5:22~33) 1/8(목): 부모 자녀의 관계 성숙을 위하여 (엡 6:1~4) 1/9(금): 일터의 형통을 위하여 (엡 6:5~9) 1/10(토): 마귀의 간계를 대적하기 위하여 (엡 6:10~20)",주보 (2009-01-04)
2009-01-08,2009,1,훈련/수련회,"청년 1,2부 연합수련회: 일시: 1/8(목)~1/11(주일) 장소: Holiday Inn Ocean Front Conference Center (410-524-1600) 문의: 고상환 목사(240-643-0477)",주보 (2009-01-04)
2009-01-18,2009,1,임직/안수,"실행위원 친교 모임: 일시: 1/18(주일), 4pm 장소: 아가페 채플 대상: 은퇴/안식년 안수집사, 현 실행위원, 목회자 부부동반",주보 (2009-01-04)
2009-01-19,2009,1,세미나,"목적이 이끄는 제자양육 세미나: 평신도 사역자들과 목회자들을 대상으로 새들백 교회 제자양육 세미나(101과정: 나의 영적가족, 201과정: 나의 영적성숙, 301과정: 나의 형상발견, 401과정: 나의 인생사명)을 통해 쉽고도 강력한 제자양육 세미나에 여러분을 초청합니다. 일시: 1/19(월)~1/21(수), 9am~5pm 장소: 아가페 채플 등록금: 105불 (교회멤버) 강사: 김성수 목사 목적이 이끄는 1일 회복 세미나: 예수님의 8복 말씀에서 발견된 8가지 원리를 통해 그리스도 중심적인 삶의 회복과 변화를 기대하는 세미나입니다. 일시: 1/24(토), 8:30am~5:30pm 장소: 아가페 채플 등록비: 30불(교회멤버) 강사: 김성수 목사 (새들백 교회 멤버, 골든 게이트 신학대학원 겸임교수, 남침례신학 대학원 신학박사) 문의: 박현오 목사(301-461-0230, parkhyunoh@gmail.com)",주보 (2009-01-11)
2009-01-25,2009,1,성례,침례식: 침례받기를 원하시는 교우는 지역목사에게 신청하시기 바람. 일시: 1/25(주일),주보 (2009-01-11)
2009-02-01,2009,2,기타행사,"분가예배: 2월1일(오늘), 오후 4시에 다기도 마을(임채현 집사)에 있는 예판셀(정준호 목자)에서 자유함셀(김용해 목자)로 분가예배를 드립니다. 4부예배시 목자 임명식 (김용해 집사)이 있으며 함께 오셔서 축하해 주시기 바랍니다. 장소: 아가페 채플",주보 (2009-02-01)
2009-02-07,2009,2,특별행사,"상록회, 소망회 합동 구정잔치: 일시: 2/7(토), 11:30am 장소: 다목적 대강당",주보 (2009-02-01)
2009-02-15,2009,2,목회자 사임,사임: 양재혁 지휘자께서 2월15일 자로 사임.,주보 (2009-04-12)
2009-02-21,2009,2,기타행사,"주제강해 시리즈(1): 일시: 2/21(토), 6pm 장소: 아가페 채플 강사: 이일형 박사(IMF 근무, 미국 KOSTA 강사, Korean Bible Study 대표간사) 주제: 청지기의 삶(시간, 재물, 은사) 대상: 전교인 주최: 나무마을 문의: 강동인 집사, dikang@gmail.com 오후 5시에 저녁식사가 제공됨.",주보 (2009-02-08)
2009-02-22,2009,2,성례,"Youth Evangelism Conference Pre-Rally: 중고등부 합동예배: 일시: 2/22(주일), 10am 장소: 커버넌트 채플 강사: Maina Mwaura(볼티모어 메릴랜드 남침례교 Youth 부장)",주보 (2009-02-15)
2009-02-22,2009,2,선교,"선교팀: 사역자 전체 회의: 일시: 2/22(오늘), 11:30am 장소: 선교원(303호) 페루팀 선교보고: 일시: 3/1(주일), 11:30am 장소: 선교원(303호) 문의: 권학중 집사(240-423-8411) 단기선교에 관심 있으신 분은 참여 바라며 물질과 기도로 협조해 주신 교우들께 감사드립니다.",주보 (2009-02-22)
2009-02-22,2009,2,훈련/수련회,SKY SUMMER DAY CAMP 디렉터 모집: 여름방학 중 7월 한달 동안 열리는 캠프에서 디렉터로 수고해 주실 분을 찾습니다. 관심 있으신 분은 이력서를 교회 사무실에 있는 교육부 메일함에 넣어 주시길 바랍니다. 문의: 계준교 집사(KAECPA@GMAIL.COM),주보 (2009-02-22)
2009-03-01,2009,3,선교,"선교팀: 페루팀 선교보고: 일시: 3/1(오늘), 11:30am 장소: 303호(선교원실) 문의: 권학중 집사(240-423-8411) 단기선교에 관심 있으신 분은 참여 바라며 물질과 기도로 협조해 주신 교우들께 감사드립니다.",주보 (2009-03-01)
2009-03-01,2009,3,훈련/수련회,SKY SUMMER DAY CAMP 디렉터 모집: 여름방학 중 7월 한달 동안 열리는 캠프에서 디렉터로 수고해 주실 분을 찾습니다. 관심 있으신 분은 이력서를 교회 사무실에 있는 교육부 메일함에 넣어 주시길 바랍니다. 문의: 계준교 집사(KAECPA@GMAIL.COM),주보 (2009-03-01)
2009-03-12,2009,3,훈련/수련회,"스데반 사역: 제4기 스데반 훈련/점검그룹 모임: 3/12(목), 7pm, 아가페 채플 헌신 수련회: 일시: 5/15(금)~16(토) 문의: 이지인 목사(301-448-0355), 강지영 집사(571-232-5462)",주보 (2009-03-08)
2009-03-15,2009,3,기타행사,"중고등부 학부모 모임(PTA): 일시: 3/15(주일), 1pm 장소: 커버넌트 채플 James 전도사님의 특별요청 회의이며 함께 나눌 수 있는 음식 한 접시 가지고 오시기 바람.",주보 (2009-03-01)
2009-03-19,2009,3,훈련/수련회,"스데반 사역: 제4기 훈련: 일시: 3/19(목), 7pm 장소: 아가페 채플 헌신 수련회: 일시: 5/15(금)~16(토) 문의: 이지인 목사(301-448-0355), 강지영 집사(571-232-5462)",주보 (2009-03-15)
2009-03-26,2009,3,훈련/수련회,"스데반 사역: 제4기 훈련: 일시: 3/26(목), 7pm 장소: 아가페 채플 헌신 수련회: 일시: 5/15(금)~16(토) 문의: 이지인 목사(301-448-0355), 강지영 집사(571-232-5462)",주보 (2009-03-22)
2009-03-28,2009,3,세미나,"학부모 세미나: 주제: 인터넷(사이버넷)의 안전과 부모님들을 위한 정보 주관: 교육부/ 까치 한국학교 일시: 3/28(토), 10am~11:30am 장소: 카타콤 채플 대상: 초중고 학생들의 부모님과 인터넷 안전에 관심 있는 모든 분 강사: 김혜경(몽고메리 카운티 IT Supervisor, ‘오늘의 우리학교’ TV 프로그램 진행자) 문의: 계영희 전도사(301-938-6395)",주보 (2009-03-08)
2009-04-02,2009,4,훈련/수련회,"스데반 사역: 제4기 훈련: ①4/2(목), 7pm, 카타콤 채플 ②4/9(목), 7pm, 아가페 채플 훈련 매뉴얼 꼭 지참해 주시기 바람. 헌신 수련회: 일시: 5/15(금)~16(토), New Windsor Center에서. 문의: 이지인 목사(301-448-0355), 강지영 집사(571-232-5462)",주보 (2009-03-29)
2009-04-05,2009,4,기타행사,고난주간 특별새벽기도회에 성령이 역사하도록,주보 (2009-04-05)
2009-04-06,2009,4,기타행사,"고난주간 특별새벽기도회: 일시: 4/6(월)~4/11(토), 5:30am 인도: 김만풍 목사",주보 (2009-03-29)
2009-04-09,2009,4,훈련/수련회,"스데반 사역: 제4기 훈련: 4/9(목), 7pm, 아가페 채플 점검그룹/연장교육(비밀보장): 4/9(목), 7pm 훈련 매뉴얼 꼭 지참해 주시기 바람. 헌신 수련회: 일시: 5/15(금)~16(토), New Windsor Center에서. 문의: 이지인 목사(301-448-0355), 강지영 집사(571-232-5462)",주보 (2009-04-05)
2009-04-12,2009,4,성례,침례식: 부활절(4월12일) 주일에 침례받기를 원하시는 교우는 지역목회자께 신청바람.,주보 (2009-03-22)
2009-04-12,2009,4,기타행사,셀목자 임명식: 오늘 2부예배시 하선희 집사 목자 임명식이 있음. 에덴동산 셀에서 주님동산 셀로 분가함.,주보 (2009-04-12)
2009-04-12,2009,4,성례,침례 받는 교우들에게 성령의 은혜 충만하기 위하여,주보 (2009-04-12)
2009-04-16,2009,4,훈련/수련회,"스데반 사역: 제4기 훈련: 4/16(목), 7pm, 아가페 채플 헌신 수련회: 일시: 5/15(금)~16(토), New Windsor Center에서. 문의: 이지인 목사(301-448-0355), 강지영 집사(571-232-5462)",주보 (2009-04-12)
2009-04-18,2009,4,기타행사,"봄맞이 대청소: 일시: 4/18(토), 8am~2pm 대상: 전교인(셀, 비셀, EM, IM, 한어/ 영어 중고등부) 준비물: 물통, 걸레, 고무장갑 간단한 아침식사와 점심이 제공됨. 문의: 정근영 집사(301-529-4056), 김길태 집사(240-383-8464)",주보 (2009-04-12)
2009-04-21,2009,4,성례,"세계선교대회(한인침례교): 하나님께서는 전세계 한인 침례교회들을 21세기 세계 선교의 주역으로 부르십니다! 일시: 4/21(화)~23(목) 장소: 달라스 뉴송교회 강사: Dr. Jerry Rankin(남침례회 국제선교부 총재), Dr. Loren Cunningham(YWAM 총재), 이동원 목사(한국 지구촌 교회 담임) 등록비: 200불(등록비 일부는 교회에서 보조함.) 문의: 조호중 목사(301-273-5683) 권학중 집사(240-423-8411)",주보 (2009-03-22)
2009-04-23,2009,4,훈련/수련회,"스데반 사역: 제4기 훈련: 4/23(목), 7pm, 아가페 채플 헌신 수련회: 일시: 5/15(금)~16(토), New Windsor Center에서. 문의: 이지인 목사(301-448-0355), 강지영 집사(571-232-5462)",주보 (2009-04-19)
2009-05-03,2009,5,선교,"MET2009 선교후원 구두닦이: 청년 단기선교팀(아시아S, W, 아프리카, 미국 내 VBS) 선교 후원을 위한 청년들의 구두닦이가 강당에서 있음. 많이 참여 바랍니다. 일시: 5/3(오늘), 10am-1pm 가격: 5불",주보 (2009-05-03)
2009-05-03,2009,5,훈련/수련회,북미주 유학생 수련회(KOSTA) 사역을 위하여,주보 (2009-05-03)
2009-05-07,2009,5,훈련/수련회,"스데반 사역: 제4기 훈련: 5/7(목), 7pm, 아가페 채플 헌신 수련회: 일시: 5/15(금)~16(토), New Windsor Center에서. 문의: 이지인 목사(301-448-0355), 강지영 집사(571-232-5462)",주보 (2009-05-03)
2009-05-09,2009,5,기타행사,"주제강해 시리즈(2) 성경적 신앙관: 일시: 5/9(토), 5pm 장소: 아가페 채플 강사: 이일형 박사(IMF 근무, 미국 KOSTA 강사, Korean Bible Study 대표간사) 대상: 전교인 주최: 나무마을 문의: 강동인 집사dikang@gmail.com 저녁식사가 제공됨.(등록자는 e-mail로 연락주시기 바람.)",주보 (2009-04-19)
2009-05-10,2009,5,선교,"MET2009 선교후원 구두닦이: 청년 단기선교팀(아시아S, W, 아프리카, 미국 내 VBS) 선교 후원을 위한 청년들의 구두닦이가 강당에서 있음. 많이 참여 바람. 일시: 5/10(오늘), 10am-1pm 가격: 5불",주보 (2009-05-10)
2009-05-15,2009,5,부흥회/집회,"침례교 수도협의회 연합부흥회: 일시: 5/15, 16(금, 토, 7:30pm), 5/17(주일, 6:30pm) 장소: 필그림 교회 강사: 김만풍 목사",주보 (2009-05-03)
2009-05-15,2009,5,특별행사,"지구촌 청소년 오케스트라 정기음악회(GMCYO): 일시: 5/15(금), 7:30pm 장소: 지구촌 교회 본당 문의: 조성희 집사(301-762-6082), www.gmcyo.org",주보 (2009-05-03)
2009-05-15,2009,5,훈련/수련회,"스데반 사역: 헌신 수련회: 일시: 5/15(금)~16(토), New Windsor Center에서. 문의: 이지인 목사(301-448-0355), 강지영 집사(571-232-5462)",주보 (2009-05-10)
2009-05-17,2009,5,선교,"MET2009 선교후원 구두닦이: 오늘(5/17)은 운영하지 않음 청년 단기선교팀(아시아S, W, 아프리카, 미국 내 VBS)은 다음 주일(5/24) 마지막 '구두닦이' 후원모금을 함 가격: 5불",주보 (2009-05-17)
2009-05-17,2009,5,부흥회/집회,"침례교 수도협의회 연합부흥회: 일시: 5/17(오늘, 주일은 6:30pm) 장소: 필그림 교회 강사: 김만풍 목사",주보 (2009-05-17)
2009-05-24,2009,5,창립,"은사(재능,기술)의 십일조 드리기: 창립 35주년 기념 '하나님이 기뻐하시는 교회'의 일환으로 온 성도들의 은사, 재능, 기술의 십분의 일을 어려운 이웃을 위해 섬기는 사역에 많은 참여 바람. 사역일시: 7월~9월(3개월간) 사역내용: 잔디 깎기, 집수리, 페인팅 등(내가 이웃을 섬길 수 있다고 생각하는 일) 사역대상: 환자, 노인, 일손이 필요한 가정 등 사역신청: 다목적 대강당 (5월24일부터 5주간) 자세한 내용은 다음주일(5/24) 간지참조. 문의 정준호 집사(240-401-8884)",주보 (2009-05-17)
2009-05-24,2009,5,창립,한국지구촌교회 창립 15주년 기념 예배: 일시: 5/24(오늘) 참석: 담임목사님과 민요환 집사장이 창립예배에 참석 하심,주보 (2009-05-24)
2009-05-24,2009,5,선교,"MET2009 선교후원 마지막 구두닦이: 청년 단기선교팀(아시아S, W, 아프리카, 미국 내 VBS) 후원을 위한 '구두닦이' 가격: 5불",주보 (2009-05-24)
2009-05-30,2009,5,세미나,"자녀 양육 세미나: 강사: 정정숙 박사 일시/주제: 5/30(토, 4~8:30pm), 하나님의 꿈 건강한 자녀 양육, 5/31(주일, 1:30~3:30pm), 청소년 자녀 양육 장소: 커버넌트채플 등록: 다목적대강당에서 오늘부터 (등록비:$10) 문의: 박성준 집사(301-237-8897) 이영서 집사(410-300-2995)",주보 (2009-05-17)
2009-05-30,2009,5,특별행사,"청년연합 피크닉: 제2청년부(다드림)와 와싱톤중앙장로교회, 한빛지구촌교회 청년들과의 연합 피크닉 일시: 5/30(토) 10:30~4pm 장소: Lake Fairfax Park 회비: $10 문의: 고상환 목사(240-643-0471)",주보 (2009-05-17)
2009-05-31,2009,5,창립,"은사(재능,기술)의 십일조 드리기: 창립 35주년 기념 '하나님이 기뻐하시는 교회'의 일환으로 온 성도들의 은사, 재능, 기술의 십분의 일을 어려운 이웃을 위해 섬기는 사역에 많은 참여 바람. 사역일시: 7월~9월(3개월간) 사역내용: 잔디 깎기, 집수리, 컴퓨터 수리, 네트워크, 페인팅 등(내가 이웃을 섬길 수 있다고 생각하는 일) 사역대상: 환자, 노인, 일손이 필요한 가정 등 사역신청: 다목적 대강당 문의: 민요환 집사(240-353-5401) 정근영 집사(301-529-4056) 정준호 집사(240-401-8884) 헌금으로도 참여할 수 있음. (헌금 시 ‘은사십일조’로 써주시면 이 사역을 위한 지정헌금이 됨.)",주보 (2009-05-31)
2009-05-31,2009,5,세미나,"자녀 양육 세미나: 강사: 정정숙 박사 주제/일시: 건강한 자녀 양육, 5/31(오늘), 1:30pm~3:30pm, 청소년 자녀 양육 장소: 커버넌트 채플 등록: 다목적 대강당 (등록비: 10불) 문의: 박성준 집사(301-237-8897) 이영서 집사(410-300-2995)",주보 (2009-05-31)
2009-06-07,2009,6,창립,"은사(재능,기술)의 십일조 드리기: 창립 35주년 기념 '하나님이 기뻐하시는 교회'의 일환으로 온 성도들의 은사, 재능, 기술의 십분의 일을 어려운 이웃을 위해 섬기는 사역에 많은 참여 바람. 사역일시: 7월~9월(3개월간) 사역내용: 잔디 깎기, 집수리, 컴퓨터 수리, 네트워크, 페인팅 등(내가 이웃을 섬길 수 있다고 생각하는 일) 사역대상: 환자, 노인, 일손이 필요한 가정 등 사역신청: 다목적 대강당 문의: 민요환 집사(240-353-5401) 정근영 집사(301-529-4056) 정준호 집사(240-401-8884) 헌금으로도 참여할 수 있음. (헌금 시 ‘은사십일조’로 써주시면 이 사역을 위한 지정헌금이 됨.)",주보 (2009-06-07)
2009-06-07,2009,6,특별행사,"소망회 피크닉: 6/7(오늘), 3부예배 후~2pm 까지 교회 뒷동산에서. 우천시에는 소망회실에서 있음.",주보 (2009-06-07)
2009-06-12,2009,6,기타행사,진입로 허가: 진입로 다리공사 허가와 6월12일에 있을 건축 사이트플랜 공청회를 위하여,주보 (2009-05-03)
2009-06-12,2009,6,훈련/수련회,"제22기 사랑의 순례: 일시: 6/12(금)~6/13(토) 대상: 쉼과 회복이 필요한 분들을 위한 수련회 안내자 전체 모임: 일정: 5/31, 6/7(주일) Reunion: 6/20(토), 5pm 문의: gmcjol@yahoo.com 김봉준 집사(301-442-6735), 이재호 집사(301-540-5621)",주보 (2009-05-24)
2009-06-14,2009,6,창립,"은사(재능,기술)의 십일조 드리기: 창립 35주년 기념 '하나님이 기뻐하시는 교회'의 일환으로 온 성도들의 은사, 재능, 기술의 십분의 일을 어려운 이웃을 위해 섬기는 사역에 많은 참여 바람. 사역일시: 7월~9월(3개월간) 사역내용: 잔디 깎기, 집수리, 컴퓨터 수리, 네트워크, 페인팅 등(내가 이웃을 섬길 수 있다고 생각하는 일) 사역대상: 환자, 노인, 일손이 필요한 가정 등 사역신청: 다목적 대강당 문의: 민요환 집사(240-353-5401) 정근영 집사(301-529-4056) 정준호 집사(240-401-8884) 헌금으로도 참여할 수 있음. (헌금 시 ‘은사십일조’로 써주시면 이 사역을 위한 지정헌금이 됨.)",주보 (2009-06-14)
2009-06-14,2009,6,기타행사,부성가대 지휘자 임명: 이광규 1부 지휘자가 3부 지휘자로 사역하게 됨.,주보 (2009-06-14)
2009-06-20,2009,6,선교,"MET2009 여름단기선교: ①World Changers: Norfolk, VA, 6/20(토)~27(토), 325불",주보 (2009-04-05)
2009-06-20,2009,6,기타행사,"MET2009 World Changers 건축선교: 주관: North American Mission Board (NAMB) 장소: Norfolk, VA 일시: 6/20(토)~6/27(토) 참가비: 325불 대상: 집 수리하는 일로 선교에 동참하기 원하는 성인은 누구나. 문의: 김용철 집사(301-674-5758, ykimcell@gmail.com)",주보 (2009-04-12)
2009-06-21,2009,6,창립,"은사(재능,기술)의 십일조 드리기: 창립 35주년 기념 '하나님이 기뻐하시는 교회'의 일환으로 온 성도들의 은사, 재능, 기술의 십분의 일을 어려운 이웃을 위해 섬기는 사역에 많은 참여 바람. 사역일시: 7월~9월(3개월간) 사역내용: 잔디 깎기, 집수리, 컴퓨터 수리, 네트워크, 페인팅 등(내가 이웃을 섬길 수 있다고 생각하는 일) 사역대상: 환자, 노인, 일손이 필요한 가정 등 사역신청: 다목적 대강당 문의: 민요환 집사(240-353-5401) 정근영 집사(301-529-4056) 정준호 집사(240-401-8884) 헌금으로도 참여할 수 있음. (헌금 시 ‘은사십일조’로 써주시면 이 사역을 위한 지정헌금이 됨.)",주보 (2009-06-21)
2009-06-28,2009,6,창립,"은사(재능,기술)의 십일조 드리기: 창립 35주년 기념 '하나님이 기뻐하시는 교회'의 일환으로 온 성도들의 은사, 재능, 기술의 십분의 일을 어려운 이웃을 위해 섬기는 사역에 많은 참여 바람. 사역일시: 7월~9월(3개월간) 사역내용: 잔디 깎기, 집수리, 컴퓨터 수리, 네트워크, 페인팅 등(내가 이웃을 섬길 수 있다고 생각하는 일) 사역대상: 환자, 노인, 일손이 필요한 가정 등 사역신청: 다목적 대강당 문의: 민요환 집사(240-353-5401) 정근영 집사(301-529-4056) 정준호 집사(240-401-8884) 헌금으로도 참여할 수 있음. (헌금 시 ‘은사십일조’로 써주시면 이 사역을 위한 지정헌금이 됨.)",주보 (2009-06-28)
2009-07-05,2009,7,창립,"교회창립 35주년 기념 은사(재능,기술)의 십일조 드리기: '하나님이 기뻐하시는 교회'의 일환으로 온 성도들의 은사, 재능, 기술의 십분의 일을 어려운 이웃을 위해 섬기는 사역에 많은 참여 바람. 사역일시: 7월~9월(3개월간) 사역내용: 잔디 깎기, 집수리, 컴퓨터 수리, 네트워크, 페인팅 등(내가 이웃을 섬길 수 있다고 생각하는 일) 사역대상: 환자, 노인, 일손이 필요한 가정 등 사역신청: 다목적 대강당 문의: 민요환 집사(240-353-5401) 정근영 집사(301-529-4056) 정준호 집사(240-401-8884) 헌금으로도 참여할 수 있음. (헌금 시 ‘은사십일조’로 써주시면 이 사역을 위한 지정헌금이 됨.)",주보 (2009-07-05)
2009-07-06,2009,7,훈련/수련회,"지구촌 교회 Washington Sky Summer Day Camp: 일시: 7/6(월)~7/31(금), 9:30am~3pm, 4주간 학년: 유치원~8학년 등록비: 600불(재정 보조도 받을수 있음.) 장소: 지구촌교회 과목: 영어, 한국어, 수학, 미술, 음악, 체육, ESOL, 컴퓨터, 무용(현대, 고전) 다양한 야외/현장학습 after/before 케어 서비스가 있으며 등록용지는 교회 사무실에 있음. 지구촌 교회 웹사이트 (www.gmcusa.org) Sky Camp 에서 다운로드 받을 수 있음. 문의: 남호진 집사(301-526-8748) 교사모집: 여름을 캠프와 아이들과 함께 할 열정있는 교사를 구하며 대학생 환영함. 한국어, 음악 교사 지원 요망. 문의: 계영희 전도사(ykheart@gmail.com) 남호진 집사(kimjackline@yahoo.com) (301)526-8748",주보 (2009-06-07)
2009-07-06,2009,7,부흥회/집회,"코스타(KOSTA/USA) 2009: 주제: “예수의 평화, 세상을 향한 용기"" (Shalom of Jesus, Courage against the World) 일시: 7/6(월)~7/10(금) 시카고와 인디아나 폴리스에서 약 2000여명이 모임. 그리스도의 평화를 경험하고 세상을 향해 용기 있게 나아가는 한인 청년/학생들이 되도록, 성령께서 주장하시고 은혜를 부어 주시는 집회가 되도록 기도부탁 드립니다.",주보 (2009-07-05)
2009-07-08,2009,7,기타행사,진입로 다리공사 허가와 7월8일로 연기된 건축 사이트 플랜 공청회를 위하여,주보 (2009-05-17)
2009-07-08,2009,7,기타행사,"건축공청회 기도부탁: 7/8(수), 9:30am부터 공청회가 시작됨. 모든 교우들의 기도 부탁드림. 금식기도 할 수 있으면 감사하겠습니다.",주보 (2009-07-05)
2009-07-12,2009,7,창립,"교회창립 35주년 기념 은사(재능,기술)의 십일조 드리기: '하나님이 기뻐하시는 교회'의 일환으로 온 성도들의 은사, 재능, 기술의 십분의 일을 어려운 이웃을 위해 섬기는 사역에 많은 참여 바람. 사역일시: 7월~9월(3개월간) 사역내용: 잔디 깎기, 집수리, 컴퓨터 수리, 네트워크, 페인팅 등(내가 이웃을 섬길 수 있다고 생각하는 일) 사역대상: 환자, 노인, 일손이 필요한 가정 등 사역신청: 다목적 대강당 문의: 민요환 집사(240-353-5401) 정근영 집사(301-529-4056) 정준호 집사(240-401-8884) 헌금으로도 참여할 수 있음. (헌금 시 ‘은사십일조’로 써주시면 이 사역을 위한 지정헌금이 됨.)",주보 (2009-07-12)
2009-07-12,2009,7,목회자 부임,부임: 7월12일(주일) 부로 황신애 집사께서 1부 찬양대 지휘자로 부임.,주보 (2009-07-19)
2009-07-15,2009,7,기타행사,"건축공청회 기도부탁: 건축 사이트 플랜 공청회가 시간 지연 관계로 결론 짖지 못하고 7/15(수), 1:00pm 다시 재개함.",주보 (2009-07-12)
2009-07-17,2009,7,창립,"교회창립 35주년 기념집회: 일시: ①7/17(금), 7:30pm ②7/18(토), 5:30am",주보 (2009-07-05)
2009-07-18,2009,7,선교,"World Changer: Roanoke, VA, 7/18(토)~25(토), 325불 ③워싱턴 DC 노숙자 체험 및 단기선교: 7/13(월)~18(토), 170불 부모님들의 봉사자가 많이 필요함.",주보 (2009-04-05)
2009-07-18,2009,7,기타행사,"World Changers B(Roanoke, VA) 건축선교: 일시: 7/18(토)~7/25(토) 영어 중고등부 학생들이 가며 자원봉사자 부모님들이 꼭 필요합니다. (어른 남자/3명, 어른 여자/2명) 문의: 계준교 집사(301-949-3602)",주보 (2009-07-05)
2009-07-19,2009,7,기타행사,감사/기도제목: 진입로 다리공사는 마무리 단계이며 기도해 주신 교우들께 감사드림. 지난 수요일에 있었던 건축공청회는 매듭짓지 못하고 다시 준비하여 90일 이내에 3차 공청회를 갖게 될 예정임.,주보 (2009-07-19)
2009-07-19,2009,7,창립,"교회창립 35주년 기념집회: 7/19(오늘), 7pm 강사: 장규대 선교사 약력: 국제지도자 대학 설립자, 이스라엘 국제치유센타 원장 주제: ‘생동하는 행복한 삶의 체험’ 장소: 워싱턴 지구촌 교회",주보 (2009-07-19)
2009-07-19,2009,7,기타행사,"축하: 2009년 추사서예예술전국대전에서 박일환 집사께서 특별상, 고영운 집사께서 입선하셨음.",주보 (2009-07-19)
2009-07-26,2009,7,기타행사,"조희래 집사 서화전: 한국 추사 서예협회 고문이신 조희래 집사의 서화전이 7/26 (주일), 다목적대강당에서 있음. (판매금액 전액은 건축헌금으로 드려짐.)",주보 (2009-07-12)
2009-07-26,2009,7,창립,"교회창립 35주년 기념 은사(재능,기술)의 십일조 드리기: '하나님이 기뻐하시는 교회'의 일환으로 온 성도들의 은사, 재능, 기술의 십분의 일을 어려운 이웃을 위해 섬기는 사역에 많은 참여 바람. 사역일시: 7월~9월(3개월간) 사역내용: 잔디 깎기, 집수리, 컴퓨터 수리, 네트워크, 페인팅 등(내가 이웃을 섬길 수 있다고 생각하는 일) 사역대상: 환자, 노인, 일손이 필요한 가정 등 사역신청: 다목적 대강당 문의: 민요환 집사(240-353-5401) 정근영 집사(301-529-4056) 정준호 집사(240-401-8884) 헌금으로도 참여할 수 있음. (헌금 시 ‘은사십일조’로 써주시면 이 사역을 위한 지정헌금이 됨.)",주보 (2009-07-26)
2009-07-31,2009,7,목회자 부임,사임/부임: 재정부에서 사역하신 권지완 집사께서 7/31(금) 부로 사임하시고 부지연 집사께서 8/1(토) 부로 부임.,주보 (2009-08-09)
2009-08-02,2009,8,창립,"교회창립 35주년 기념 은사(재능,기술)의 십일조 드리기: '하나님이 기뻐하시는 교회'의 일환으로 온 성도들의 은사, 재능, 기술의 십분의 일을 어려운 이웃을 위해 섬기는 사역에 많은 참여 바람. 사역일시: 7월~9월(3개월간) 사역내용: 잔디 깎기, 집수리, 컴퓨터 수리, 네트워크, 페인팅 등(내가 이웃을 섬길 수 있다고 생각하는 일) 사역대상: 환자, 노인, 일손이 필요한 가정 등 사역신청: 다목적 대강당 문의: 민요환 집사(240-353-5401) 정근영 집사(301-529-4056) 정준호 집사(240-401-8884) 헌금으로도 참여할 수 있음. (헌금 시 ‘은사십일조’로 써주시면 이 사역을 위한 지정헌금이 됨.)",주보 (2009-08-02)
2009-08-09,2009,8,창립,"교회창립 35주년 기념 은사(재능,기술)의 십일조 드리기: '하나님이 기뻐하시는 교회'의 일환으로 온 성도들의 은사, 재능, 기술의 십분의 일을 어려운 이웃을 위해 섬기는 사역에 많은 참여 바람. 사역일시: 7월~9월(3개월간) 사역내용: 잔디 깎기, 집수리, 컴퓨터 수리, 네트워크, 페인팅 등(내가 이웃을 섬길 수 있다고 생각하는 일) 사역대상: 환자, 노인, 일손이 필요한 가정 등 사역신청: 다목적 대강당 문의: 민요환 집사(240-353-5401) 정근영 집사(301-529-4056) 정준호 집사(240-401-8884) 헌금으로도 참여할 수 있음. (헌금 시 ‘은사십일조’로 써주시면 이 사역을 위한 지정헌금이 됨.) 지난 서화전에 귀한 작품을 내어 주시고 헌금해 주신 조희래 집사님께 감사드림.",주보 (2009-08-09)
2009-08-09,2009,8,목회자 사임,사임: 영어회중 박준수 목사께서 8/9(오늘) 부로 사임.,주보 (2009-08-09)
2009-08-09,2009,8,기타행사,셀에 소속되지 않은 분(비셀)들은 이지인 목사가 사역을 담당합니다.,주보 (2009-08-09)
2009-08-16,2009,8,창립,"교회창립 35주년 기념 은사(재능,기술)의 십일조 드리기: '하나님이 기뻐하시는 교회'의 일환으로 온 성도들의 은사, 재능, 기술의 십분의 일을 어려운 이웃을 위해 섬기는 사역에 많은 참여 바람. 사역일시: 7월~9월(3개월간) 사역내용: 잔디 깎기, 집수리, 컴퓨터 수리, 네트워크, 페인팅 등(내가 이웃을 섬길 수 있다고 생각하는 일) 사역대상: 환자, 노인, 일손이 필요한 가정 등 사역신청: 다목적 대강당 문의: 민요환 집사(240-353-5401) 정근영 집사(301-529-4056) 정준호 집사(240-401-8884) 헌금으로도 참여할 수 있음. (헌금 시 ‘은사십일조’로 써주시면 이 사역을 위한 지정헌금이 됨.)",주보 (2009-08-16)
2009-08-20,2009,8,기타행사,"건축 싸이트 플랜 Open House: 지역 주민들과 신문사, 방송국 관계자들을 모시고 건축비전을 소개하게 됨. 일시: 8/20(목), 7pm~9pm 장소: Frederick Holiday Inn Conference Center",주보 (2009-08-16)
2009-08-20,2009,8,기타행사,", 7pm-9pm, 프레데릭 카운티에서 갖게 될 건축 싸이트 플랜 Open House가 잘 진행되도록",주보 (2009-08-16)
2009-08-23,2009,8,창립,"교회창립 35주년 기념 은사(재능,기술)의 십일조 드리기: '하나님이 기뻐하시는 교회'의 일환으로 온 성도들의 은사, 재능, 기술의 십분의 일을 어려운 이웃을 위해 섬기는 사역에 많은 참여 바람. 사역일시: 7월~9월(3개월간) 사역내용: 잔디 깎기, 집수리, 컴퓨터 수리, 네트워크, 페인팅 등(내가 이웃을 섬길 수 있다고 생각하는 일) 사역대상: 환자, 노인, 일손이 필요한 가정 등 사역신청: 다목적 대강당 문의: 민요환 집사(240-353-5401) 정근영 집사(301-529-4056) 정준호 집사(240-401-8884) 헌금으로도 참여할 수 있음. (헌금 시 ‘은사십일조’로 써주시면 이 사역을 위한 지정헌금이 됨.)",주보 (2009-08-23)
2009-08-24,2009,8,성례,미주 한인침례교 총회 상임위원회 모임: 일시: 8/24(월)~26(수) 장소: 지구촌 교회 문의: 조호중 목사(301-273-5683),주보 (2009-08-16)
2009-08-29,2009,8,특별행사,"회 장애인을 위한 사랑의 잔치: 일시: 8/29(토), 4pm~7pm 장소: 다목적대강당 문의: 유기장 집사(301-928-2790), 박은덕 집사(240-595-1956)",주보 (2009-08-16)
2009-08-30,2009,8,창립,"교회창립 35주년 기념 은사(재능,기술)의 십일조 드리기: '하나님이 기뻐하시는 교회'의 일환으로 온 성도들의 은사, 재능, 기술의 십분의 일을 어려운 이웃을 위해 섬기는 사역에 많은 참여 바람. 사역일시: 7월~9월(3개월간) 사역내용: 잔디 깎기, 집수리, 컴퓨터 수리, 네트워크, 페인팅 등(내가 이웃을 섬길 수 있다고 생각하는 일) 사역대상: 환자, 노인, 일손이 필요한 가정 등 사역신청: 다목적 대강당 문의: 민요환 집사(240-353-5401) 정근영 집사(301-529-4056) 정준호 집사(240-401-8884) 헌금으로도 참여할 수 있음. (헌금 시 ‘은사십일조’로 써주시면 이 사역을 위한 지정헌금이 됨.)",주보 (2009-08-30)
2009-08-30,2009,8,훈련/수련회,부예배 설교: 오늘 5부예배는 청년2부 수련회 강사이신 이충식 목사(예수전도단 메릴랜드 담당자)께서 말씀전해 주심.,주보 (2009-08-30)
2009-09-01,2009,9,기타행사,"셀목자 임명식/분가예배: 오늘 3부예배 시 한태수 집사(충만셀/김권헌 목자에서 분가)를 한사랑셀 목자로 임명함. 분가예배: 9/1(화), 7pm, 소망회실에서.",주보 (2009-08-30)
2009-09-04,2009,9,부흥회/집회,워싱턴 교회협의회 주최 김종필 선교사 초청집회: 일시: 9/4(금)~9/7(월) 주제: 부흥을 예비하는 한인교회 강사소개: 영적각성 사역을 통해 부흥의 불길을 일으키도록 일깨우는 사역자로 현재 임마누엘 가스펠 센터(보스턴)의 바이탈리티 프로젝트(Vitality Project) 소장으로 사역하고 있음. 장소: ① 워싱턴 지구촌 교회 (9월4일~5일) ② 워싱턴 성광교회(9월6일~7일),주보 (2009-08-23)
2009-09-06,2009,9,창립,"교회창립 35주년 기념 은사(재능,기술)의 십일조 드리기: '하나님이 기뻐하시는 교회'의 일환으로 온 성도들의 은사, 재능, 기술의 십분의 일을 어려운 이웃을 위해 섬기는 사역에 많은 참여 바람. 사역일시: 7월~9월(3개월간) 사역내용: 잔디 깎기, 집수리, 컴퓨터 수리, 네트워크, 페인팅 등(내가 이웃을 섬길 수 있다고 생각하는 일) 사역대상: 환자, 노인, 일손이 필요한 가정 등 사역신청: 다목적 대강당 문의: 민요환 집사(240-353-5401) 정근영 집사(301-529-4056) 정준호 집사(240-401-8884) 헌금으로도 참여할 수 있음. (헌금 시 ‘은사십일조’로 써주시면 이 사역을 위한 지정헌금이 됨.)",주보 (2009-09-06)
2009-09-12,2009,9,선교,"MET2009 사역결산을 위한 팀장모임 : 일시/장소: 9/12(토), 5pm, 303호(선교원) 대상: 각 단기선교팀 팀장/관계자들 문의: 한명우 집사(443-618-2893)",주보 (2009-08-30)
2009-09-13,2009,9,특별행사,"소망회 피크닉: 9/13(주일), 3부예배 후~2pm 까지 교회 뒷동산에서. 우천시에는 소망회실에서 있음. 문의: 이지인 목사(301-448-0355)",주보 (2009-09-06)
2009-09-13,2009,9,창립,"교회창립 35주년 기념 은사(재능,기술)의 십일조 드리기: '하나님이 기뻐하시는 교회'의 일환으로 온 성도들의 은사, 재능, 기술의 십분의 일을 어려운 이웃을 위해 섬기는 사역에 많은 참여 바람. 사역일시: 7월~9월(3개월간) 사역내용: 잔디 깎기, 집수리, 컴퓨터 수리, 네트워크, 페인팅 등(내가 이웃을 섬길 수 있다고 생각하는 일) 사역대상: 환자, 노인, 일손이 필요한 가정 등 사역신청: 다목적 대강당 문의: 민요환 집사(240-353-5401) 정근영 집사(301-529-4056) 정준호 집사(240-401-8884) 헌금으로도 참여할 수 있음. (헌금 시 ‘은사십일조’로 써주시면 이 사역을 위한 지정헌금이 됨.)",주보 (2009-09-13)
2009-09-13,2009,9,성례,"기도합주회(Asian Concert of Prayer): 아시아 여러 민족이 자국언어로 합심하여 기도하는 모임. 일시: 9/13(오늘), 5:30pm~8:30pm 장소: 한우리 침례교회(800 Randolph Rd. Silver Spring, MD 301-622-1675)",주보 (2009-09-13)
2009-09-20,2009,9,성례,침례식: 9/20(주일)에 침례받기를 원하시는 교우는 지역목회자께 신청바람.,주보 (2009-09-06)
2009-09-20,2009,9,은퇴,"실행위원 친교모임: 일시: 9/20(주일), 5pm 장소: 비전하우스 대상: 목회자, 실행위원, 안식년/은퇴 실행위원 부부동반.",주보 (2009-09-13)
2009-09-20,2009,9,창립,"교회창립 35주년 기념 은사(재능,기술)의 십일조 드리기: '하나님이 기뻐하시는 교회'의 일환으로 온 성도들의 은사, 재능, 기술의 십분의 일을 어려운 이웃을 위해 섬기는 사역에 많은 참여 바람. 사역일시: 7월~9월(3개월간) 사역내용: 잔디 깎기, 집수리, 컴퓨터 수리, 네트워크, 페인팅 등(내가 이웃을 섬길 수 있다고 생각하는 일) 사역대상: 환자, 노인, 일손이 필요한 가정 등 사역신청: 다목적 대강당 문의: 민요환 집사(240-353-5401) 정근영 집사(301-529-4056) 정준호 집사(240-401-8884) 헌금으로도 참여할 수 있음. (헌금 시 ‘은사십일조’로 써주시면 이 사역을 위한 지정헌금이 됨.)",주보 (2009-09-20)
2009-09-20,2009,9,성례,"침례식: 9/20(오늘), 4부/5부예배 시 침례식이 있음. 4부예배: 이정주, Sharon Kim, Shawn Kim, Brandon Lee, Cindy Kang, Grace Ko 5부예배: 구본겸, 이원호 (총 8명)",주보 (2009-09-20)
2009-09-20,2009,9,목회자 부임,다문화권예배 담당사역자(IM): 짐 셜린 목사님께서 다마스커스 제일침례교회(미국 교회) 담임목사로 청빙을 받아 오늘 날짜로 본교회 사역을 사임하심. IM 사역을 위해 기도요망.,주보 (2009-09-20)
2009-09-27,2009,9,창립,"교회창립 35주년 기념 은사(재능,기술)의 십일조 드리기: '하나님이 기뻐하시는 교회'의 일환으로 온 성도들의 은사, 재능, 기술의 십분의 일을 어려운 이웃을 위해 섬기는 사역에 많은 참여 바람. 사역일시: 7월~9월(3개월간) 사역내용: 잔디 깎기, 집수리, 컴퓨터 수리, 네트워크, 페인팅 등(내가 이웃을 섬길 수 있다고 생각하는 일) 사역대상: 환자, 노인, 일손이 필요한 가정 등 사역신청: 다목적 대강당 문의: 민요환 집사(240-353-5401) 정근영 집사(301-529-4056) 정준호 집사(240-401-8884) 헌금으로도 참여할 수 있음. (헌금 시 ‘은사십일조’로 써주시면 이 사역을 위한 지정헌금이 됨.)",주보 (2009-09-27)
2009-10-03,2009,10,세미나,"찬양세미나: 일시: 10/3(토), 7:30pm 장소: 지구촌 교회 본당 대상: 찬양팀, 찬양대, 예배진행팀, 찬양에 관심있는 모든 분 강사: 지용훈 목사(현재 뉴욕 맨하탄 거리전도자, 부흥회/전도집회/찬양세미나 강사, 집회 독창자)",주보 (2009-09-20)
2009-10-04,2009,10,목회자 부임,부예배 찬양인도자 사임/부임: 10/4(오늘)부로 박병만 목사께서 4부예배 찬양 인도자로 부임하심. 그동안 수고하신 김학현 집사께 감사드림.,주보 (2009-10-04)
2009-10-14,2009,10,기타행사,"공청회 협조: 10/14(수), 9am 에 있을 공청회를 위해서 기도해 주시고 우리들의 뜻이 담긴 e-mail을 프레데릭 카운티 Planning Committee Commissioners에게 다 같이 보내 주실 것을 요망. Web 주소: www.gmcproject.info 로 들어가셔서 'Your Support' 를 누르시면 프레데릭 카운티 Planning Committee Commissioners의 e-mail 주소를 사용하여 교인 각자의 이름을 넣어서 10월6일(화) 이전에 보내주시기 바람. 오늘 각 예배 후에 대강당에 컴퓨터가 설치되어 있음. 예배 후 직접 메일 보내기에 동참해 주시기 바람. (건축팀에서 도와줌.)",주보 (2009-10-04)
2009-10-23,2009,10,훈련/수련회,"제23기 사랑의 순례: 일시: 10/23(금)~10/24(토) 대상: 쉼과 회복이 필요한 분들을 위한 수련회 문의: 김봉준 집사(301-442-6735), 이재호 집사(301-540-5621)",주보 (2009-08-09)
2009-10-25,2009,10,성례,침례식: 10/25(주일)에 침례받기를 원하시는 교우는 지역목회자께 신청바람.,주보 (2009-10-11)
2009-10-25,2009,10,성례,"침례식: 10/25(오늘), 4부예배 시 침례식이 있음. 침례자: Jason Choi, Jennifer Jung, Joshua Kim, Taewoo Kim, Faith Ko, Junho Phue (6명)",주보 (2009-10-25)
2009-10-25,2009,10,기타행사,건축 싸이트 플랜 재심 신청이 프레드릭 카운티로 부터 받아 들여 지도록,주보 (2009-10-25)
2009-10-26,2009,10,기타행사,"변화와 성숙을 위한 40일 특별새벽기도회: 일시: 10/26(월)~12/5(토), 5:30am 주제: 오라! 우리가 변화를 받자! (롬 12:1~2) 강사: 김만풍 목사",주보 (2009-10-25)
2009-10-31,2009,10,기타행사,"가을철 대청소: 일시: 10/31(토), 8am~12pm 대상: 전교인(셀, 비셀, EC, IM, 한어/ 영어 중고등부) 문의: 정근영 집사(301-529-4056) 점심이 제공됨.",주보 (2009-10-25)
2009-11-01,2009,11,기타행사,건축 싸이트 플랜 재심 신청이 프레드릭 카운티로 부터 받아 들여 지도록,주보 (2009-11-01)
2009-11-06,2009,11,세미나,"주년 기념 부흥집회: 일시: 11/6(금)~11/7(토), 7:30pm 강사: Danny Kwon 목사 (영생장로교회 Youth 목사/JAMA 강사/Youth 사역 전문) 11/7(토), 10am, 교사를 위한 특별세미나가 있음.",주보 (2009-11-01)
2009-11-08,2009,11,회의/의회,"안수집사 인준: 지난 주 임시사무총회에서 김성주, 김학재, 한명우 안수집사 후보 신임투표에서 세 분 모두 투표자 이상 신임을 얻어 11월8일 안수식을 갖게 됨.",주보 (2009-09-27)
2009-11-15,2009,11,기타행사,건축 싸이트 플랜 재심 신청이 프레드릭 카운티로 부터 받아 들여 지도록,주보 (2009-11-15)
2009-11-22,2009,11,특별행사,"GMCYO 정기 겨울음악회: 일시: 11/22(주일), 5pm 장소: 지구촌 교회 본당 지휘자: 조성희, 민성아, 이민진, 이세라 문의: 301-762-6082, www.gmcyo.org",주보 (2009-11-15)
2009-12-01,2009,12,목회자 부임,부임: 12월1일자로 한어사역 및 한어 청년부 담당 전임 부목사로 임 광 목사 부임.,주보 (2009-12-06)
2009-12-25,2009,12,성례,침례식: 2009년도 성탄절(12월25일)에 침례받기를 원하시는 분은 지역목사에게 신청바람. 문의: 이지인 목사(301-448-0355),주보 (2009-12-06)
2010-01-01,2010,1,비전,"2010년 교회 표어 ""큰 교회 작은 교회 함께 가는 교회""",2010 주보
2010-01-13,2010,1,선교,"선교사역팀(Mission): MET2011 볼리비아 단기선교: 일시: 1/13(목)~1/24(월), 2011 사역: 안경, 이/미용, 사진사역 마감일: 11/14(주일) 문의: 한명우 집사(443-618- 2893) 홍정선 집사(410-430-0299) MET2011 페루 단기선교: 사역지: 페루 리마 일시: 1/17(월)~1/29(토), 2011 사역내용: 의료, 치과, 미용, 어린이사역, 전도사역 첫모임: 11/21(주일), 12pm, 110호실(아랫층 시설관리실) 문의: 윤여권 장로(301-983 -0867) 신상철 집사(301-774-2499, 240-401-4964) 전도의 열정을 가지신 분은 누구나 참여할 수 있음. 선교지 선물보내기: 이번 크리스마스에는 지구촌 가족들이 각 곳에서 사역하시는 선교사님들께 크리스마스 선물을 보낼 예정입니다. 오늘, 다목적대강당에서 마을별로 선물을 접수받습니다. 문의: 한명우 집사(443-618-2893)",주보 (2010-11-07)
2010-01-17,2010,1,회의/의회,"정기사무총회/2009년 결산보고/2010년 예산통과: 일시: 1/17(주일), 1:30pm 장소: 커버넌트 채플",주보 (2010-01-10)
2010-01-17,2010,1,기타행사,"헤이티를 위한 특별헌금(지진재난): 일시: 1/17(오늘), 1/24(주일), 1/31(주일)",주보 (2010-01-17)
2010-01-17,2010,1,선교,"선교사역팀(Mission): MET2011 페루 단기선교: 사역지: 페루 리마 일시: 1/17(월)~ 1/29(토), 2011 사역내용: 의료, 치과, 미용, 어린이사역, 전도사역 첫모임: 11/21(오늘), 12pm, 110호실(아랫층 시설관리실) 문의: 윤여권 장로(301-983 -0867) 신상철 집사(301-774-2499, 240-401-4964) 전도의 열정을 가지신 분은 누구나 참여할 수 있음. 선교헌신의 밤: 일시: 12/4(토), 5pm 장소: 다목적대강당 참석대상: 귀국선교사/단기선교 참여자/중장기 선교헌신자/선교사님들을 위한 금식기도 참여자 문의: 한명우 집사(443-618-2893)",주보 (2010-11-21)
2010-01-17,2010,1,행정,정기사무총회 (2009년 결산 및 2010년 예산 처리),0117_2010.pdf 주보
2010-01-18,2010,1,선교,"MET2010 단기선교팀: 페루: 사역지: 페루 리마 출발: 1/18(월), 8am, 교회에서 출발. 비행기편: Delta AL, #1885, 12:34pm, BWI 공항에서. 도착: 1/30(토), 2pm 교회 도착. 비행기편: Delta AL, #1880, 12:46pm, BWI 공항으로. 사역자: 윤여권 신상철 권죽순 이문자 김남영 정건호 홍정선 홍영예 유승삼 김권헌 김선혜 강문숙 손인자 정종분 (14명) 리카라구아: 사역지: 리카라구아 Masaya 사역기간: 2/3(수)~2/8(월) 사역자: 홍정선/영예 집사",주보 (2010-01-17)
2010-01-18,2010,1,훈련/수련회,"축하: ‘추사서화예술전국대전’에서 박일환 집사께서 우수상 1점, 특별상 1점, 특선 1점, 최장수상 고영운 집사께서 특별상 1점을 받으셨음. MET2010 파 송 현 황 사 역 지 팀 장 인 원 사역 기간 사역 내용 페루 (다녀옴) 신상철 14명 1/18-1/30 의료,미용,전도,어린이사역 안경사역 니카라구아 (다녀옴) 홍정선 2명 2/3-2/8 안경사역 아시아P 한태수 2명 5/10-5/21 중국/GMCYO (신청 끝남) 김승복 49명 6/15-6/25 연주, 전도, 친구사귀기 Adventures in Missions 서보신 36명 6/27-7/2 (Western, PA) 전도, 운동, 여름성경학교(VBS) 아시아B (신청 끝남) 이지영 12명 7/19-8/4 영어캠프 멕시코 (신청 끝남) 신지원 8명 7/9-7/24 영어, 여름성경학교(VBS) 브라질 (신청 끝남) 전혜민 9명 8/8-8/19 영어, 여름성경학교(VBS) 알젠틴 (모집중) 권오빈 3명 8/30-9/10 전도폭발 미국내 VBS (모집중) 여름성경학교(VBS) World Changers 서보신 30명 7/12-7/17 (Neptune, NJ) 건축 한국(담양) (모집중) 안철환 5명 10월 중순 전도훈련, 직장선교 2010년 6월",주보 (2010-05-30)
2010-01-19,2010,1,기타행사,"건축소식(Vision House): Frederick County Health Department(FCHD)와 협의하고 있는 Site Plan 수정안 내용 현재 FCHD가 지적하고 있는 상하수도 사용량을 감안하여 Site Plan 원안의 건축면적 138,000 Square Feet (SF)를 118,477 SF로 축소한 수정안을 제출한 상태입니다. 이 수정안은 일차적으로 본당 건물과 다목적강당 건물 (강당, 식당, 지하교실 포함)에 해당되는 98,000 SF를 요청하고 나머지 약 20,000 SF에 해당되는 사무실과 교실을 위한 건물은 물 사용량에 따른 조건부 승인을 요청하는 것으로 되어 있습니다. 2010년 1월에 있었던 재심 공청회(Frederick County Board of Appeal) 결과인, 지구촌교회 비전센터의 Site Plan에 대한 Frederick County Board of Planning의 부결을 무효화하고 Site Plan의 재검토를 지시하였던 사항에 대해 Frederick County Planning Commission과 Frederick County Commission이 재검토 요청을 District Court of Frederick County에 한 결과 2011년 1월 19일(수) 공청회를 갖을 예정입니다.",주보 (2010-10-10)
2010-01-20,2010,1,기타행사,월20일로 예정된 건축 싸이트 플랜 재심 공청회를 위하여,주보 (2010-01-10)
2010-01-20,2010,1,건축,비전센터 건축 싸이트 플랜 재심 공청회 제1차 (Frederick County Winchester Hall),0110_2010.pdf 주보
2010-01-24,2010,1,성례,침례식: 1/24(주일)에 침례받기를 원하시는 분은 지역목사에게 신청바람. 문의: 이지인 목사(301-448-0355),주보 (2010-01-10)
2010-01-24,2010,1,기타행사,"헤이티를 위한 특별헌금(지진재난): 일시: 1/24(오늘), 1/31(주일)",주보 (2010-01-24)
2010-01-24,2010,1,기타행사,"공청회 소식: 지난 20일, 수요일, 1pm~11pm까지 10시간 이상 진행된 건축 싸이트 플랜 재심 공청회가 결론짓지 못하고 28일(목), 7pm, 제2차 재심 공청회가 속개됩니다. 위하여 기도 부탁드립니다. 주소: Winchester Hall: 12 E Church St. Frederick, MD 21701",주보 (2010-01-24)
2010-01-28,2010,1,목회자 부임,소천: 박영규 성도님(이갑종/상분 장로 장인)께서 지난 1/28(목) 한국에서 소천. 2010년,주보 (2010-01-31)
2010-01-28,2010,1,건축,비전센터 건축 싸이트 플랜 재심 공청회 제2차,0124_2010.pdf 주보
2010-01-29,2010,1,부흥회/집회,담임목사 동정: 휴스턴 새누리 침례교회(권오돈 목사 담임) 부흥집회 인도 차 출타. (1/29/금~1/31/주일),주보 (2010-01-31)
2010-01-30,2010,1,선교,"제자훈련반 안내: 복음서: 1/30(토)~3/27(토), 3pm~4:30pm, 8주 동안 있음. XEE/X세대 전도폭발 훈련: 이번 학기(2/7~3/28, 1pm~3:30pm, 8주)는 Youth Council들만 등록할 수 있음. 선교훈련반: 4/3(토)~5/29(토), 9am~1pm, 8주 동안 있음. 여름단기선교를 참석하는 학생은 꼭 이 과정을 끝내야 함. 등록일시: 오늘~1/24(주일) 까지",주보 (2010-01-10)
2010-01-31,2010,1,기타행사,헤이티를 위한 특별헌금(지진재난): 일시: 1/31(오늘),주보 (2010-01-31)
2010-01-31,2010,1,기타행사,건축 싸이트플랜 재심공청회(Frederick County Board of Zoning Appears) 소식: 작년 10월에 있었던 건축 싸이트플랜 공청회에서 부결된 것에 대해 재심 청구한 결과 프레드릭 카운티 재심청구위원회에서 재심을 받아들였음. 앞으로 프레드릭 카운티와 싸이트플랜이 잘 조정될 수 있도록 기도부탁 드리며 그동안 기도해 주신 교우들께 감사드림.,주보 (2010-01-31)
2010-01-31,2010,1,기타행사,건축싸이트 플랜이 프레드릭 카운티와 잘 조정이 될 수 있도록,주보 (2010-01-31)
2010-02-03,2010,2,목회자 부임,"마태복음 특강: 일시: 수요반: ① 2/3(수) ② 2/10(수), 8:40pm~10:10pm, 새교우 영접실 목요반: ① 2/4(목) ② 2/11(목), 10am~11:30am, 새교우영접실 강사: 김만풍 목사 등록장소: 복도 선착순 20명, 마태복음 28장까지를 3시간(두차례) 걸쳐 끝내는 성경공부임.",주보 (2010-01-31)
2010-02-03,2010,2,선교,MET2010단기선교 리카라구아: 사역지: 리카라구아 Masaya 사역기간: 2/3(수)~2/8(월) 사역자: 홍정선/영예 집사,주보 (2010-01-31)
2010-02-07,2010,2,기타행사,프레데릭 카운티와 건축사이트 플랜 조정을 위하여,주보 (2010-02-07)
2010-02-13,2010,2,목회자 부임,재정부에서 알립니다.: 지난 1월27일에 발송된 교우님들의 2009년도 헌금내역서가 컴퓨터의 문제로 잘못 발송되었기에 정정된 내역서가 다시 발송되었습니다. 문의: 지구촌교회 재정부(301-460-1656 ext: 235) 2010년,주보 (2010-02-07)
2010-02-14,2010,2,특별행사,"소망회 구정잔치: 일시: 2/14(주일), 3부예배 후~1:30pm 장소: 소망회실 문의: 이지인 목사(301-448-0355)",주보 (2010-02-07)
2010-02-14,2010,2,기타행사,프레데릭 카운티와 건축사이트 플랜 조정을 위하여,주보 (2010-02-14)
2010-02-17,2010,2,부흥회/집회,"신바람 박사 황수관 초청 특별집회: 일시: 2/17(수)~2/18(목), 7:30pm 수요일 집회: ‘예수건강 신바람 건강’ (살전 5:16~18) 목요일 집회: ‘예수건강 신바람 전도’ (요삼 2) 강사소개: ‘신바람 건강법’ 저자, 강남중앙교회 장로, 연세의대 외래교수 문의: 이지인 목사(301-448-0355)",주보 (2010-01-24)
2010-02-17,2010,2,특별행사,황수관 박사 초청 특별집회 (2/17~18. 신바람 건강법),2010 주보
2010-02-21,2010,2,선교,"MET2010 단기선교 팀장교육: 주차장 부족으로 인해 팀장교육이 연기되어 2/21 (주일), 12pm부터 시작됨.",주보 (2010-02-14)
2010-02-27,2010,2,목회자 부임,"바이블 동서남북 마태복음 특강: 일시: ① 2/27(토) ② 3/6(토), 10am~11:30am, 장소: 커버넌트 채플 강사: 김만풍 목사 등록장소: 복도 선착순 20명, 마태복음 28장 까지를 3시간(두차례) 걸쳐 끝내는 성경공부임.",주보 (2010-02-07)
2010-02-27,2010,2,세미나,"대학진학 세미나: 일시: 2/27(토), 7pm 장소: 다목적대강당 강사: 임 엔젤라(Boston Academic Consulting Group) 대상: 대학진학을 준비하는 학생/학부모 문의: 이영서 집사(410-300-2995)",주보 (2010-02-07)
2010-02-28,2010,2,기타행사,프레데릭 카운티와 건축사이트 플랜 조정을 위하여,주보 (2010-02-28)
2010-03-04,2010,3,목회자 부임,"년 상록대학 봄학기 개강안내: 일시: 3/4(목) 장소: 워싱턴 지구촌교회 교과내용: 영어초급, 중급, 회화반, 시민권반, 컴퓨터 초급, 중급, 음악산책, 라인댄스, 합창, 건강체조, 종이공예, 취미반 등 특강: 건강, 경제, 시사, 문화, 사회생활 교양 등 특전: 월요등산반, 점심제공, 교통편 제공, 국내외 단체여행 참여, 노인사회복지 상담, 각종 정부혜택 신청(서류번역 작성 동행 통역) 문의: 회장 박희규(301-438-7304), 이신옥 집사(240-328-4867) 2010년",주보 (2010-02-28)
2010-03-07,2010,3,선교,"MET2010 단기선교: 팀장교육: ① 3/7(주일), 12:30pm~1:30pm, 선교원(303호)",주보 (2010-02-28)
2010-03-07,2010,3,기타행사,프레데릭 카운티와 건축사이트 플랜 조정을 위하여,주보 (2010-03-07)
2010-03-10,2010,3,선교,", 9pm~9:50pm, 도서실 ③ 3/17(수), 9pm~9:50pm, 도서실 페루 단기선교 보고: 일시: 2/28(오늘), 11:30am 장소: 선교원(303호) 성도님들의 많은 참석 바라며, 니카라구아 안경선교 보고는 연기되었음.",주보 (2010-02-28)
2010-03-14,2010,3,기타행사,프레데릭 카운티와 건축사이트 플랜 조정을 위하여,주보 (2010-03-14)
2010-03-21,2010,3,회의/의회,"정기제직회: 일시: 3/21(주일), 1:45pm 장소: 커버넌트 채플",주보 (2010-03-07)
2010-03-21,2010,3,기타행사,프레데릭 카운티와 건축사이트 플랜 조정을 위하여,주보 (2010-03-21)
2010-03-28,2010,3,기타행사,프레데릭 카운티와 건축사이트 플랜 조정을 위하여,주보 (2010-03-28)
2010-03-29,2010,3,기타행사,"고난주간 특별새벽기도회: 일시: 3/29(월)~4/3(토), 5:30am 인도: 김만풍 목사",주보 (2010-03-14)
2010-04-02,2010,4,특별행사,"수난절 음악회: 일시: 4/2(금), 8pm 수난절 음악회 의상 제작을 위한 옷감 및 재료들(옷감/낡은 천, 안 쓰는 천, 바늘, 실, 등등)의 도네이션이 필요합니다. 문의: 김순자 집사(240-393-8490), 이성희 지휘자(240-888-0126)",주보 (2010-02-07)
2010-04-02,2010,4,특별행사,"고난주간 금요예배(Good Friday)/수난절 음악회: 일시: 4/2(금), 8pm 주의 만찬 있음.",주보 (2010-03-28)
2010-04-04,2010,4,기타행사,프레데릭 카운티와 건축사이트 플랜 조정을 위하여,주보 (2010-04-04)
2010-04-04,2010,4,부흥회/집회,"봄철 부흥집회(4월9~11일, 강사 웨인 하인스 박사)를 위하여 ••••• 비전센터 건축 관련 설명 ••••• 그동안 성도님들의 건축 관련 궁금증을 간단하게 나마 질문과 답변 형태로 설명 드리고자 합니다.",주보 (2010-04-04)
2010-04-04,2010,4,기타행사,건축 site plan 허가 후 건축 진행 일정은 어떻게 되나요? 2008년도 11월 예배 시간에 건축 보고를 드린 바와 같이 전 세계적으로 찾아온 어려운 경제 상황을 고려하여 건축 site plan을 받는데 일차적으로 집중하며 건물의 건축은 연기를 하며 적합한 시기를 고려하고 있습니다. “하나님의 성전을 짓기 위해서는 여러 허가 절차의 원할한 진행과 재정의 지원 뿐만 아니라 교회의 영성 부흥이 절실히 요구되는 바 이를 위해 함께 기도하며 나아가기를 바랍니다.” 2010년 4월 4일 워싱턴 지구촌 교회 담임목사 김만풍 워싱턴 지구촌 교회 건축 위원장 김성환,주보 (2010-04-04)
2010-04-04,2010,4,부흥회/집회,"베이비싯팅, 어린이/Youth 프로그램 있습니다. 이 주간의 셀모임은 부흥집회 참여로 대체합니다.",주보 (2010-04-04)
2010-04-09,2010,4,부흥회/집회,봄철 부흥집회: 일시: 4/9(금)~4/11(주일) 강사: Dr. Wayne Hines,주보 (2010-03-14)
2010-04-11,2010,4,부흥회/집회,"월 11일 (주일), 7pm 주일저녁 집회 ◭◭◭◭◭◭◭◭◭◭◭◭◭◭◭◭◭◭◭◭◭◭◭◭◭◭◭◭◭◭◭◭◭ 예수께서 이르시되 ""인자가 온 것은 잃어버린 자를 찾아 구원하려 함이니라."" (누가복음 19:10) 예수님은 잃어버린 자를 찾아가 그들을 구원하는 일에 열정이 있으셨습니다. 제가 경찰이었을 때, 저는 사람이 생각할 수 있는 모든 악하고 천한 것에 열정을 쏟아 부으며 그것에 노예가 되어 사는 사람들의 모습을 보았습니다. 교회 안에서 사람들은 행복하고 건강하게 살기를 원합니다. 그러나 하나님께서는 거룩하게 살라고 하십니다. 교인들은 번영과 인기를 얻기 위하여 애를 쓰고 있습니다. 그러나 하나님께서는 순결하라고 하십니다. 믿음이 있다고 하는 크리스챤들은 편안함과 편리함 속에 숨어 있습니다. 그러나 하나님께서는 헌신하라고 하십니다. 많은 사람들은 하나님께서 무엇을 하신다고 믿지 않으며 자기들에게 변화가 필요하다는 것도 믿지 않고 있습니다. 지금이야 말로 회복, 부흥이 필요한 때입니다. ""... 경찰로서 ... 그는 삶의 최첨단을 경험했습니다. 그는 사람들을 알고 또 자신의 삶을 변화시키신 주님을 알며 주님께서 저들의 삶을 변화 시키실 수 있다는 것도 압니다. 진심으로 저는 여러분의 부흥집회나 전도집회에 웨인 목사님을 추천합니다. 어디에서나 그를 모시는 곳이면 여러분은 특별한 경험을 하게 될 것입니다."" - Rev. Howard Baldwin, Multi-Media Evangelism, Inc. 하나님께서 저를 목회로 부르시기 전에, 저는 5년간 범죄 수사관을 비롯하여 14년 동안 경찰관의 삶을 살았습니다. 저는 또 계속해서 살인율이 최고로 높은 버지니아의 수도 리치몬드에서 일했습니다. 저는 사람들의 최악과 최선의 모습의 미국문화를 속속들이 보아왔습니다. 2002년부터 9년 동안 성장하고 있는 교회의 목사로서와 풀 타임 복음전도자로서, 저는 교회 안에서도 미국문화가 끼치는 영향을 보았습니다. 교회는 예수님이 무엇을 부르셨고 교회에게 어떤 사명을 주셨는지 볼 수 있는 분명한 견해가 필요합니다. 교회에 다니는 모든 사람들이 그리스도가 없는 영세에 들어가고 있습니다. 예수님께서 ""나를 따라 오너라."" 라고 말씀하셨습니다. 우리가 무엇을 해야 합니까? 예수님은 잃어버린 영혼에 대한 열정이 있으셨습니다. 당신의 사람들은 어떻습니까? 목사님, 당신은 잃어버린 영혼에 대한 열정이 있으십니까? 실체를 따져 볼 때입니다. 우리는 빛과 소금의 역할을 해야 합니다. 하나님의 사람들인 우리가 하나님의 말씀을 믿는다고 하는 대로 일치된 삶을 살기 시작하기 전에는 우리의 문화는 변화되지 않습니다. 우리가 아니면 누구이겠습니까? 지금이 아니면 언제입니까? ""우리 교인들은 당신이 지난 며칠 동안 우리와 함께 하심으로 즐거웠으며 고마워하고 있습니다. 당신의 메시지는 정곡을 찌르는 분명한 말씀이었습니다. 우리는 즉시 하나님의 일하심을 보았습니다. 주님을 찬양합니다. 또 앞으로 더 많은 일들이 일어날 것을 바라봅니다. 앞당겨 주님을 찬양합니다. 우리는 예수님 이름으로 다른 교회에서도 사역하시는 당신의 사역과 당신을 위해 계속 기도합니다."" - Rev. Willard Spurlock, Pastor Oxon Hill Baptist Church - Oxon Hill, MD ""웨인 하인스 목사님은 주님을 사랑하고 영혼을 사랑하시는 분입니다. 해외 전도 집회에서 그와 함께 일을 하고 나서 저는 그가 부흥사로서의 재능과 많은 사람들을 그리스도에게 불러오는 일에 큰 부담을 가진 분이라는 것을 알았습니다. 그는 또한 미국 교회에 부흥이 필요한 것에 대한 깊은 부담이 있는 분입니다."" - Gene M. Williams, Th. D.Williams Evangelistic Ministries & Chancellor of Luther Rice Seminary ""우리 교회에 오셨을 때 웨인 목사의 메시지는 새로운 신자나 믿음의 경륜이 높은 사람이건 간에 모두에게 감동을 주었습니다. 그와 그의 아내 메리-조 사모님이 우리와 함께 있을 때 우리 교회는 우리지역을 그리스도에게로 이끄는 새로운 열정과 힘을 갖게 되었습니다. 저는 신실한 마음으로 잃어버린 영혼을 위해 손을 뻗치며 성경을 설교하는 교회에게 웨인 목사를 높게 추천합니다."" ... ""우리교회에 두 분이 오셔서 새롭게 시작할 수 있도록 도와주신 것에 감사합니다. 지난 주일에는 4명의 새 교인이 등록을 해서 지난 3주 동안 이제 총 13명이 되었습니다."" - Rev. Joe Nott, Pastor Jackson Avenue Baptist Church - Point Pleasant, WV ""우리교회에 오셔서 능력의 말씀으로 복음을 전해 주셔서 감사합니다. 지난 주는 지난 9년간 우리 Newvill 에서 가졌던 어떤 부흥집회보다 가장 위대한 것이었습니다. 진정 제 생각에는 사람들의 마음에 감동을 주었다고 믿습니다. 저는 이제 앞으로 몇 달 동안 하나님께서 하실 일을 바라보며 흥분이 되고 있습니다. 하나님의 부르심에 신실하게 일하시는 목사님으로 인해 감사드립니다."" - Rev. Randy Howkins, Pastor Newville Baptist Church - Sussex, VA ""웨인 목사는 지역교회를 통하여 복음전도와 제자훈련에 열정을 가진 보수적이며 성경위주 설교자입니다. 그는 동료들 간에 명성이 높으며 논의 할 여지없이 정직하고 성실한 사람입니다. 저는 어떤 보류도 없이 웨인 목사를 추천합니다."" - Dr. H. Doyle Chauncey, Executive Director, SBC fo Virginia (1996-2008)",주보 (2010-04-04)
2010-04-11,2010,4,부흥회/집회,"봄철 부흥집회: 일시: 오늘, 7pm 강사: Dr. Wayne Hines Babysitting, 어린이/Youth 프로그램이 있음. 이 주간의 셀모임은 부흥집회로 대체함.",주보 (2010-04-11)
2010-04-11,2010,4,성례,병가: 박현오 목사 종합검사(부산 침례병원에서) 및 건강회복을 위해 한달간 한국방문.,주보 (2010-04-11)
2010-04-11,2010,4,기타행사,프레데릭 카운티와 건축사이트 플랜 조정을 위하여,주보 (2010-04-11)
2010-04-11,2010,4,부흥회/집회,이번 집회를 통한 온 교회 영성부흥을 위하여 ••••• 비전센터 건축 관련 설명 ••••• 그동안 성도님들의 건축 관련 궁금증을 간단하게 나마 질문과 답변 형태로 설명 드리고자 합니다.,주보 (2010-04-11)
2010-04-11,2010,4,선교,"학부모 회의(PTA)/단기선교 회의: 일시: 4/11(오늘), 1pm, 커버넌트 채플에서.",주보 (2010-04-11)
2010-04-11,2010,4,특별행사,축제: a. Higher Connection (영어회중) b. 영어 중고등부 (탈렌트 쇼) c. 영화 상영 d. 어린이 게임놀이 e. 음식 잔치 <바 자 품 목>,주보 (2010-04-11)
2010-04-17,2010,4,기타행사,"봄맞이 대청소: “교회를 내 몸과 같이 깨끗이 청소하길 원합니다.” 일시: 4/17(토), 8am~2pm 대상: 전교인(셀, 비셀, EC, 한어/영어 중고등부) 간단한 아침식사와 점심이 제공됨. 문의: 김용철 집사(301-674-5758), 신상철 집사(301-774-2499), 김길태 집사(240-383-8464)",주보 (2010-03-28)
2010-04-18,2010,4,기타행사,프레데릭 카운티와 건축사이트 플랜 조정을 위하여,주보 (2010-04-18)
2010-04-18,2010,4,특별행사,축제: a. Higher Connection (영어회중) b. 영어 중고등부 (탈렌트 쇼) c. 영화 상영 d. 어린이 게임놀이 e. 음식 잔치 <바 자 품 목>,주보 (2010-04-18)
2010-04-25,2010,4,기타행사,현재 진행 중인 프레데릭 카운티와 건축사이트 플랜 조정을 위하여,주보 (2010-04-25)
2010-05-01,2010,5,특별행사,"장애인을 위한 사랑의 음악회: 일시: 5/1(토), 5pm 장소: 지구촌교회 본당 문의: 유기장 집사(301-928-2790)",주보 (2010-04-04)
2010-05-01,2010,5,세미나,"자녀양육세미나: 강사: 정정숙 박사(Family Touch 원장: 상담 및 가정사역 전문강사) 주제: ‘10대 청소년을 향한 부모의 역활’ 일시: ① 5/1(토), 5pm~9pm ② 5/2(주일), 1:30pm~4:30pm 등록비: 10불 등록처/일시: 다목적대강당에서 오늘부터 받음. 장소: 커버넌트 채플 대상: 청소년 부모",주보 (2010-04-11)
2010-05-02,2010,5,세미나,"자녀양육세미나: 강사: 정정숙 박사(Family Touch 원장: 상담 및 가정사역 전문강사) 주제: ‘10대 청소년을 향한 부모의 역활’ 일시: 5/2(오늘), 1:30pm~4:30pm 장소: 커버넌트 채플 대상: 청소년 부모님/할머니, 할아버지/일반교우",주보 (2010-05-02)
2010-05-02,2010,5,기타행사,현재 진행 중인 프레데릭 카운티와 건축사이트 플랜 조정을 위하여,주보 (2010-05-02)
2010-05-07,2010,5,훈련/수련회,"제24기 사랑의 순례: 일시: 5/7(금)~5/8(토) 대상: 쉼과 회복이 필요한 분들을 위한 수련회 부장모임: 2/28(오늘), 1pm, 소망회실 안내자 전체모임: 3/7(주일), 1pm, 소망회실 문의: 김봉준 집사(301-442-6735), 이재호 집사(301-540-5621)",주보 (2010-02-28)
2010-05-09,2010,5,특별행사,"지구촌 청소년 오케스트라 정기음악회(GMCYO): 일시: 5/9(주일), 5pm 장소: 지구촌 교회 본당 문의: 조성희 집사(301-762-6082), www.gmcyo.org",주보 (2010-04-25)
2010-05-09,2010,5,훈련/수련회,"장년성경공부반: 5/9(오늘)까지 등록받음. 과 목 교 실 시 간 교 사 새교우반 102 10am - 11:10am 김성환 귀납법적 성경공부 145 11:30am - 12:40pm 권오빈 갈라디아서, 골로새서, 에베소서 142 8:40am - 9:40am 성명진 MET2010 팀원 교육일정 일 시 장 소 주 제 강 사 5/9(오늘), 11:30am 303호(선교원) 보안 김제환 교수 5/12(수), 8:45pm 303호(선교원) 문화적응 김만풍 목사 MET2010 파 송 현 황 사 역 지 팀 장 인 원 사역 기간 사역 내용 페루 (다녀옴) 신상철 14명 1/18-1/30 의료,미용,전도,어린이사역 니카라구아 (다녀옴) 홍정선 2명 2/3-2/8 안경사역 아시아P 한태수 2명 5/10-5/21 중국/GMCYO (신청 끝남) 김승복 49명 6/15-6/25 연주, 전도, 친구사귀기 Adventures in Missions 서보신 36명 6/27-7/2 (Western, PA) 노방전도 아시아B (신청 끝남) 이지영 11명 7/19-8/4 영어캠프 멕시코 (신청 끝남) 신지원 8명 7/9-7/24 영어캠프, 전도 브라질 (신청 끝남) 전혜민 10명 7/25-8/7 영어, 전도 알젠틴 권오빈 3명 8/30-9/10 전도 미국내 여름성경학교(VBS) World Changers 서보신 30명 7/12-7/17 (Neptune, NJ) 건축 한국(담양) 안철환 5명 10월 중순 전도훈련, 직장선교 2010년 4월~6월",주보 (2010-05-09)
2010-05-09,2010,5,기타행사,현재 진행 중인 프레데릭 카운티와 건축사이트 플랜 조정을 위하여,주보 (2010-05-09)
2010-05-10,2010,5,선교,Met2010 단기선교: 한태수/주연 집사 부부께서 단기선교 출발. 지역: 아시아P국 선교일시: 5/10(월)~5/21(금),주보 (2010-05-02)
2010-05-10,2010,5,기타행사,"어머니 특별새벽기도회: 일시: 5/10(월)~5/15(토), 5:30am 주제: ‘어머니의 기도’",주보 (2010-05-09)
2010-05-13,2010,5,훈련/수련회,"스데반사역: 제5기 훈련: 5/13(목), 7pm~10pm, 아가페 채플 헌신 수련회: 5/21(금)~ 5/22(토), New Windsor Conference Center 헌신예배: 5/23(주일), 각 예배시 문의: 강지영 집사(571-232-5462)",주보 (2010-05-09)
2010-05-16,2010,5,회의/의회,"정기제직회: 일시: 5/16(주일), 1:30pm 장소: 커버넌트 채플",주보 (2010-05-02)
2010-05-16,2010,5,기타행사,현재 진행 중인 프레데릭 카운티와 건축사이트 플랜 조정을 위하여,주보 (2010-05-16)
2010-05-20,2010,5,훈련/수련회,"스데반사역: 제5기 훈련: 5/20(목), 7pm~10pm, 아가페 채플 헌신 수련회: 5/21(금)~ 5/22(토), New Windsor Conference Center 헌신예배: 5/23(주일), 각 예배시 문의: 강지영 집사(571-232-5462)",주보 (2010-05-16)
2010-05-23,2010,5,세미나,"사회복지 세미나: 일시: 5/23(주일), 1pm 장소: 소망회실 주최: 이웃사랑팀/워싱턴 한인봉사센터 내용: 은퇴연금, 메디케어, 메디케이드, 어린이 건강보험, 기타 보조 프로그램(Energy Assistance, Property Tax, Credit, Rental Assistance 등) 강사: 한인 봉사센터 장정희 문의: 강동인 집사(571-232-5468), 최귀대 집사(301-675-1931)",주보 (2010-05-02)
2010-05-23,2010,5,기타행사,현재 진행 중인 프레데릭 카운티와 건축사이트 플랜 조정을 위하여,주보 (2010-05-23)
2010-05-26,2010,5,부흥회/집회,"마쓰오까 히로가즈 목사 초청집회: 일시: 5/26(수), 7:30pm, 한국말로 설교하심. 일본 승려가 한국에서 예수를 만나 목사가 됐음.",주보 (2010-05-02)
2010-05-30,2010,5,특별행사,"소망회 피크닉: 오늘, 3부예배 후 교회동산에서 소망회 피크닉이 있음. 모든 어르신들을 초대합니다.",주보 (2010-05-30)
2010-05-30,2010,5,기타행사,현재 진행 중인 프레데릭 카운티와 건축사이트 플랜 조정을 위하여,주보 (2010-05-30)
2010-06-06,2010,6,세미나,"장년성경공부반 안내: 6/6(주일) 개강. 과 목 교 실 시 간 교 사 기 간 사도행전 142 11:30am - 12:40pm 강동인 12주 중보기도 세미나 103 11:30am - 12:40pm 김희순 6주 MET2010 파 송 현 황 사 역 지 팀 장 인 원 사역 기간 사역 내용 페루 (다녀옴) 신상철 14명 1/18-1/30 의료,미용,전도,어린이사역 안경사역 니카라구아 (다녀옴) 홍정선 2명 2/3-2/8 안경사역 아시아P 한태수 2명 5/10-5/21 중국/GMCYO (신청 끝남) 김승복 49명 6/15-6/25 연주, 전도, 친구사귀기 Adventures in Missions 서보신 36명 6/27-7/2 (Western, PA) 전도, 운동, 여름성경학교(VBS) 아시아B (신청 끝남) 이지영 12명 7/19-8/4 영어캠프 멕시코 (신청 끝남) 신지원 8명 7/9-7/24 영어, 여름성경학교(VBS) 브라질 (신청 끝남) 전혜민 9명 8/8-8/19 영어, 여름성경학교(VBS) 알젠틴 (모집중) 권오빈 3명 8/30-9/10 전도폭발 미국내 VBS (모집중) 여름성경학교(VBS) World Changers 서보신 30명 7/12-7/17 (Neptune, NJ) 건축 한국(담양) (모집중) 안철환 5명 10월 중순 전도훈련, 직장선교 2010년 4월~6월",주보 (2010-05-23)
2010-06-06,2010,6,특별행사,"제47기 전도폭발: 수료식: 오늘, 3부예배 시 수료자: 김미정 김수진 김선훈 김정화 안상균 이영호 전체 피크닉: 일시: 6/6(주일), 1pm 장소: Needwood Park 대상: 전도폭발 훈련을 받은 모든 분들 문의: 나병현 집사(240-997-5979)",주보 (2010-05-30)
2010-06-06,2010,6,기타행사,현재 진행 중인 프레데릭 카운티와 건축사이트 플랜 조정을 위하여,주보 (2010-06-06)
2010-06-13,2010,6,기타행사,현재 진행 중인 프레데릭 카운티와 건축사이트 플랜 조정을 위하여,주보 (2010-06-13)
2010-06-20,2010,6,기타행사,현재 진행 중인 프레데릭 카운티와 건축사이트 플랜 조정을 위하여,주보 (2010-06-20)
2010-06-21,2010,6,기타행사,"아버지 주간 특별새벽기도: 일시: 6/21(월)~6/26(토), 5:30am 문의: 김학재 집사 (301-765-0310) 지구촌 아버지들이여 많은 참석바랍니다.",주보 (2010-06-06)
2010-06-27,2010,6,선교,"MET2010 (여름단기선교): ① Western PA: 6/27(주일)~7/2(금), 30명 모집",주보 (2010-03-14)
2010-06-27,2010,6,선교,"여름단기선교: Adventures in Missions Butler, PA: 일시: 6/27(주일)~7/2(금) 이날 교회에서 1:30pm 출발함.",주보 (2010-06-13)
2010-06-27,2010,6,기타행사,현재 진행 중인 프레데릭 카운티와 건축사이트 플랜 조정을 위하여,주보 (2010-06-27)
2010-07-06,2010,7,훈련/수련회,"지구촌 여름캠프(Global Summer Camp): 여름캠프에서 수고하실 헌신된 선생님과 자원봉사자들을 찾고 있습니다. 일시: 7/6(화)~7/30(금), 9am~3pm 교사자격: 미국 학사 학위 이상 소지자로써 교사 경험이 있으신 분 또는 교육에 관심이 있으신 분 이력서 제출/문의: tohannahkim@gmail.com",주보 (2010-04-25)
2010-07-11,2010,7,훈련/수련회,북미주 유학생 수련회(KOSTA) 사역을 위하여,주보 (2010-07-11)
2010-07-11,2010,7,기타행사,현재 진행 중인 프레데릭 카운티와 건축사이트 플랜 조정을 위하여,주보 (2010-07-11)
2010-07-12,2010,7,선교,"World Changers(Neptune NJ): 7/12(월)~7/17(토), 25명 모집 여름단기선교에 가는 학생은 반드시 단기선교훈련에 참석하여야 함. 이번 여름단기선교에 자녀를 보내고 싶으신 부모님들은 4/11(주일), 1pm에 있을 PTA(학부모회의) 모임에 꼭 참석바람. 등록마감/장소: 4/4(주일) 까지, 다목적대강당에서.",주보 (2010-03-28)
2010-07-12,2010,7,선교,"여름단기선교 훈련: World Changers Neptune, NJ: 일시: 7/12(월)~7/17(토) 선교훈련: 6/20(주일), 1pm, 커버넌트 채플에서.",주보 (2010-06-13)
2010-07-14,2010,7,훈련/수련회,", 12pm~1:30pm: Rally(장소: 미국 국회의사당 앞) 2:30pm~4:30pm: 연방 상하의원 사무실 방문 7:30pm~9:30pm: 횃불기도회(장소: 워싱턴중앙장로교회) 문의: www.kccnk.org MET2010 파 송 현 황 사 역 지 팀 장 인 원 사역 기간 사역 내용 페루 (다녀옴) 신상철 14명 1/18-1/30 의료,미용,전도,어린이사역 안경사역 니카라구아 (다녀옴) 홍정선 2명 2/3-2/8 안경사역 아시아P (다녀옴) 한태수 2명 5/10-5/21 한국/GMCYO (다녀옴) 김승복 49명 6/15-6/25 연주, 전도, 친구사귀기 Adventures in Missions (다녀옴) 서보신 36명 6/27-7/2 (Western, PA) 전도, 운동, 여름성경학교(VBS) 멕시코 (신청 끝남) 신지원 8명 7/10-7/24 영어, 여름성경학교(VBS) World Changers 서보신 30명 7/12-7/17 (Neptune, NJ) 건축 아시아B (신청 끝남) 이지영 12명 7/19-8/4 영어캠프 브라질 (신청 끝남) 전혜민 9명 8/8-8/19 영어, 여름성경학교(VBS) 알젠틴 (모집중) 권오빈 4명 8/30-9/10 전도폭발 미국내 VBS (모집중) 여름성경학교(VBS) 한국(담양) (모집중) 안철환 5명 10월 중순 전도훈련, 직장선교 2010년",주보 (2010-07-11)
2010-07-18,2010,7,회의/의회,"정기제직회: 일시: 오늘, 1:30pm 장소: 커버넌트 채플",주보 (2010-07-18)
2010-07-18,2010,7,기타행사,"시설관리팀 재정비 모임: 일시: 7/18(오늘), 12:40pm 장소: 소망회실 문의: 김길태 집사(240-383-8464) 점심이 제공되며 시설관리팀 소속했던 모든 분/봉사를 원하시는 분은 누구든지 환영합니다. 비전센터 건축 관련 소식",주보 (2010-07-18)
2010-07-18,2010,7,기타행사,현재 진행 중인 프레데릭 카운티와 건축사이트 플랜 조정을 위하여,주보 (2010-07-18)
2010-07-25,2010,7,특별행사,"년 1월에 있었던 재심공청회(Frederick County Board of Appeal) 결과, 지구촌교회 비전센터의 Site Plan에 대한 Frederick County Board of Planning의 부결을 무효화하고 Site Plan의 재검토를 지시하였지만 Frederick County Planning Commission과 Frederick County Commission이 초기 Site Plan의 부결에 대해 원심 유지를 위한 요청을 District Court of Frederick County에 한 상태로 아직 이를 위한 공청회의 일정은 잡혀 있지 않습니다. <문의> 건축전체현황: 김성환 집사(301-695-2651) 건축기술상황: 김만배 집사(443-454-3647) 건축재정: 부제니 집사(240-997-5033) 2010년",주보 (2010-07-18)
2010-07-25,2010,7,기타행사,현재 진행 중인 프레데릭 카운티와 건축사이트 플랜 조정을 위하여,주보 (2010-07-25)
2010-07-25,2010,7,기타행사,"바베큐 등 음식준비는 Shelter 별로 준비하며, 준비는 교회에서 전교인 함께 모여 8월 초 부터 준비하려 하오니 동참하여 주시기 바라오며 자세한 일정은 추후 광고 드리겠습니다. - 문의: 진동혁 집사 (301-946-4014) - Church Picnic In the midst of hot simmering summer days, one can hear the coming sound of the Fall in the appearance of early morning and evening. This Fall, 2010 Global Mission Church will hold its Cell Church Celebration in the Black Hill Regional Park through church-wide picnic. There, all members of the church will gather together for a time of celebration with the participants of Sunday School, Youth Group, Young Adults, Adults, EC, and Seniors. After the Outdoor Worship Service, we will have a variety of fun activities, such as: Talent Show, Recreation, Barbecued Party and Boating Race. This church picnic will help promote unity as a church as well as New Life Celebration with new members and those who are coming from our surrounding communities. Please join us in the planning and prayer for such as this worthy event. Tentative Schedule (Proposed) Date & Time: September 6 (Mon), 10am - 3pm Place: Black Hill Regional Park, Shelters A, B, C, J Shelter A: Seniors, #1 District Church Shelter B: EC Shelter C: #2 District Church, Young Adults Shelter J: #3 District Church, Non-Cell-church members Schedule: 10am: Opening Prayer by Deacon President 10:05-10:15: Praise by Youth Group 10:15-10:25: Combined Choirs 10:25-10:35: Message by Rev. Manpoong Kim 10:35-12:00: Talent Show & Recreation 12:00-13:00: Lunch 13:00-14:00: Boating Race 14:00-14:30: Recognition & Award Ceremony 14:30-15:00: Wrap-up 15:00: Closing Prayer by Rev. Kim",주보 (2010-07-25)
2010-07-31,2010,7,특별행사,"년 1월에 있었던 재심공청회(Frederick County Board of Appeal) 결과, 지구촌교회 비전센터의 Site Plan에 대한 Frederick County Board of Planning의 부결을 무효화하고 Site Plan의 재검토를 지시하였지만 Frederick County Planning Commission과 Frederick County Commission이 초기 Site Plan의 부결에 대해 원심 유지를 위한 요청을 District Court of Frederick County에 한 상태로 아직 이를 위한 공청회의 일정은 잡혀 있지 않습니다. <문의> 건축전체현황: 김성환 집사(301-509-7976) 건축기술상황: 김만배 집사(443-454-3647) 건축재정: 부제니 집사(240-997-5033) 2010년",주보 (2010-07-25)
2010-08-01,2010,8,특별행사,"물사용량을 하루 5,000 갤론 이하로 제한한 Frederick County Planning Commission(FCPC)의 행정적 결정에 대해 하루 5,000 갤론 이상 사용할 수 있도록 하는 수정된 Master Plan을 District Court of Frederick County(DCFC)에 제출하여 Review를 요청한 결과 DCFC가 FCPC의 5,000 갤론 이하 사용을 재확정하였습니다. <문의> 건축전체현황: 김성환 집사(301-509-7976) 건축기술상황: 김만배 집사(443-454-3647) 건축재정: 부제니 집사(240-997-5033) 2010년",주보 (2010-08-01)
2010-08-01,2010,8,기타행사,계속되는 프레데릭 카운티와 건축사이트 플랜 조정을 위하여,주보 (2010-08-01)
2010-08-01,2010,8,기타행사,"바베큐 등 음식준비는 Shelter 별로 준비하며, 준비는 교회에서 전교인 함께 모여 8월 초 부터 준비하려 하오니 동참하여 주시기 바라오며 자세한 일정은 추후 광고 드리겠습니다. Church Picnic In the midst of hot simmering summer days, one can hear the coming sound of the Fall in the appearance of early morning and evening. This Fall, 2010 Global Mission Church will hold its Cell Church Celebration in the Black Hill Regional Park through church-wide picnic. There, all members of the church will gather together for a time of celebration with the participants of Sunday School, Youth Group, Young Adults, Adults, EC, and Seniors. After the Outdoor Worship Service, we will have a variety of fun activities, such as: Talent Show, Recreation, Barbecued Party and Boating Race. This church picnic will help promote unity as a church as well as New Life Celebration with new members and those who are coming from our surrounding communities. Please join us in the planning and prayer for such as this worthy event. Tentative Schedule (Proposed) Date & Time: September 6 (Mon), 10am - 3pm Place: Black Hill Regional Park, Shelters A, B, C, J Shelter A: Seniors, #1 District Church Shelter B: EC Shelter C: #2 District Church, Young Adults Shelter J: #3 District Church, Non-Cell-church members Schedule: 10am: Opening Prayer by Deacon President 10:05-10:15: Praise by Youth Group 10:15-10:25: Combined Choirs 10:25-10:35: Message by Rev. Manpoong Kim 10:35-12:00: Talent Show & Recreation 12:00-13:00: Lunch 13:00-14:00: Boating Race 14:00-14:30: Recognition & Award Ceremony 14:30-15:00: Wrap-up 15:00: Closing Prayer by Rev. Kim",주보 (2010-08-01)
2010-08-08,2010,8,기타행사,계속되는 프레데릭 카운티와 건축사이트 플랜 조정을 위하여,주보 (2010-08-08)
2010-08-08,2010,8,기타행사,"바베큐 등 음식준비는 Shelter 별로 준비하며, 준비는 교회에서 전교인 함께 모여 8월 초 부터 준비하려 하오니 동참하여 주시기 바라오며 자세한 일정은 추후 광고 드리겠습니다. Church Picnic In the midst of hot simmering summer days, one can hear the coming sound of the Fall in the appearance of early morning and evening. This Fall, 2010 Global Mission Church will hold its Cell Church Celebration in the Black Hill Regional Park through church-wide picnic. There, all members of the church will gather together for a time of celebration with the participants of Sunday School, Youth Group, Young Adults, Adults, EC, and Seniors. After the Outdoor Worship Service, we will have a variety of fun activities, such as: Talent Show, Recreation, Barbecued Party and Boating Race. This church picnic will help promote unity as a church as well as New Life Celebration with new members and those who are coming from our surrounding communities. Please join us in the planning and prayer for such as this worthy event. Tentative Schedule (Proposed) Date & Time: September 6 (Mon), 10am - 3pm Place: Black Hill Regional Park, Shelters A, B, C, J Shelter A: Seniors, #1 District Church Shelter B: EC Shelter C: #2 District Church, Young Adults Shelter J: #3 District Church, Non-Cell-church members Schedule: 10am: Opening Prayer by Deacon President 10:05-10:15: Praise by Youth Group 10:15-10:25: Combined Choirs 10:25-10:35: Message by Rev. Manpoong Kim 10:35-12:00: Talent Show & Recreation 12:00-13:00: Lunch 13:00-14:00: Boating Race 14:00-14:30: Recognition & Award Ceremony 14:30-15:00: Wrap-up 15:00: Closing Prayer by Rev. Kim",주보 (2010-08-08)
2010-08-18,2010,8,창립,"월드비전 선명회 어린이 합창단 미주 공연: 일시: 8/18(수), 7:30pm 장소: 지구촌 교회 ‘천상의 소리’ 맑은 영혼의 몸짓으로 희망을 노래하는 그들과 함께 ‘새로 쓰는 사랑 이야기’에 여러분을 초대합니다. 월드비전 선명회 어린이 합창단은 월드비전 창립자, 밥 피얼스(Bob Pierce) 목사가 전쟁 고아들 가운데 음악적 재능을 갖고 있는 아동들을 선별해 1960년 8월에 창립했다. 이후 1978년 영국 BBC방송국 주최 세계 합창 경연 대회 우승, 88 서울 올림픽, IPU 서울 총회, 각국 정상 방한시 특별 공연과 수 천회에 이르는 국내외 연주를 통해 한국을 대표하는 최정상급 어린이 합창단으로 전세계의 찬사를 받아 왔다. 월드비전 선명회 어린이 합창단을 통해 소프라노 홍혜경, 카운터 테너 이동규 등 현재 국내외에서 활발한 연주 활동을 펼치는 성악가들이 배출되기도 하였다. www.wvkor.org 민박가정 모집: 일시: 8/17(화)~8/18(수) 문의: 김만배 집사(443-454-3647)",주보 (2010-08-01)
2010-08-24,2010,8,기타행사,"건축소식: Site Plan의 재조정을 위해 8월24일, 또는 25일에 Frederick County Health E Department(FCHD) 와의 면담을 갖을 예정입니다.",주보 (2010-08-15)
2010-08-26,2010,8,기타행사,"건축소식: Site Plan의 재조정을 위해 8월26일(목), 2pm에 Frederick County Health E Department(FCHD) 와의 면담을 갖을 예정입니다. 위해서 기도해 주시기 바랍니다.",주보 (2010-08-22)
2010-08-26,2010,8,기타행사,건축소식: 8월26일 Frederick County Health Department(FCHD)에 제출한 site plan의 검토 결과를 기다리고 있습니다.,주보 (2010-09-12)
2010-08-29,2010,8,특별행사,각 마을별로 음식 준비 및 피크닉시 바베큐를 위하여 해당 날짜에 2명 씩을 선발하여 명단을 8월29일 까지 셀리더팀 (강현옥 집사) 에게 연락해 주시기 바랍니다. (청년부와 EC도 2명씩의 명단을 보내 주시기 바라오며 셀에 속하지 않았거나 자발적 참여를 원하신 분들은 연락주시면 감사하겠습니다.),주보 (2010-08-22)
2010-09-06,2010,9,특별행사,"물사용량을 하루 5,000 갤론 이하로 제한한 Frederick County Planning Commission(FCPC)의 행정적 결정에 대해 하루 5,000 갤론 이상 사용할 수 있도록 하는 수정된 Master Plan을 District Court of Frederick County(DCFC)에 제출하여 Review를 요청한 결과 DCFC가 FCPC의 5,000 갤론 이하 사용을 재확정하였습니다. <문의> 건축전체현황: 김성환 집사(301-509-7976) 건축기술상황: 김만배 집사(443-454-3647) 건축재정: 부제니 집사(240-997-5033) 2010년",주보 (2010-08-08)
2010-09-06,2010,9,선교,담임목사 동정: 볼리비아 단기선교를 위하여 출타 (9/6~9/16),주보 (2010-09-12)
2010-09-06,2010,9,특별행사,감사: 지난 9월6일 전교인피크닉을 위해 기도와 섬김 및 참석해 주신 모든 분들께 감사 드리며 음식공급이 원활하게 진행되지 못한 점에 깊이 사과드립니다. -셀리더팀장-,주보 (2010-09-12)
2010-09-10,2010,9,세미나,"중보기도 세미나: 강사: 김종필 목사 일시: 9/10(금)~9/11(토), 8:30am 장소: 온누리 드림교회, 7100 Columbia Pike Annandale VA 22003 (571)213-9191 문의: 김학재 집사(240-994-8716)",주보 (2010-08-29)
2010-09-11,2010,9,특별행사,"제15회 장애인을 위한 사랑의 잔치(장애인선교부): 일시: 9/11(토), 4:30pm 장소: 다목적대강당",주보 (2010-08-29)
2010-09-19,2010,9,회의/의회,"정기제직회 및 임시사무총회: 일시: 9/19(오늘), 1:30pm 안건: 장창범 실행위원 후보 신임투표 및 부사역자 사례조정 건 장소: 커버넌트 채플",주보 (2010-08-29)
2010-09-19,2010,9,성례,침례식: 일시: 9/19(주일) 침례받기를 원하시는 분은 각 지역목사에게 신청바람. 문의: 이지인 목사(301-448-0355),주보 (2010-08-29)
2010-09-19,2010,9,기타행사,"이웃사랑팀: MJm 성장에 따른 구조적 적응을 위한 특별 회의 일시: 9/19(주일), 5pm 장소: 소망회실",주보 (2010-09-12)
2010-09-19,2010,9,훈련/수련회,"사랑의 순례: 안내자 가을수련회를 위한 부장모임: 일시: 9/19(오늘), 1pm 장소: 304호 문의: 김봉준 집사(301-442-6735)",주보 (2010-09-19)
2010-09-19,2010,9,기타행사,임명: 2부찬양대(영광찬양대) 바이올린 연주자로 권대설(Peter) 형제 임명.,주보 (2010-09-19)
2010-09-25,2010,9,세미나,"세미나‘복음주의의 과제: 복음의 능력의 회복’: 강사: 김현회 목사(질그릇교회 담임) 일시: 9/25(토), 3:30pm~5pm 장소: 지구촌교회 문의: 강동인 집사(dikang@gmail.com)",주보 (2010-09-05)
2010-10-01,2010,10,부흥회/집회,담임목사 동정: 필라델피아 연합장로교회(담임 김재성 목사) 부흥집회(10/1~3) 인도 위해 출타.,주보 (2010-10-03)
2010-10-22,2010,10,부흥회/집회,"가을부흥집회(Revival): 일시: 10/22(금)~10/24(주일) 강사: 서재생 목사(서울 대현교회 담임) 불교 승려생활에서 개종하여 목사가 되었고, 현대의학으로도 치료가 안되는 질병에서 회복된 생생한 간증, 두 번 죽음의 늪에서 헤어난 증언, 기독교와 불교-무엇이 다른가? 등을 간증해 주실 것임. www.usaamen.net",주보 (2010-09-26)
2010-10-29,2010,10,훈련/수련회,사랑의 순례: 안내자 가을수련회: 주제: ‘하나님의 임재 연습’ 일시: 10/29(금)~ 10/30(토) 등록처: 오늘부터 다목적대강당 문의: 김봉준 집사(301-442-6735),주보 (2010-09-26)
2010-10-31,2010,10,목회자 부임,사임/부임: 2부 찬양대 바이올린 안쥴리 자매 10월31일 부로 사임/2부 찬양대 비올라 정새롬 자매 11월1일 부로 부임.,주보 (2010-11-07)
2010-11-01,2010,11,기타행사,"감사절 특별새벽기도회: 일시: 11/1(월)~11/20(토), 5:30am 강사: 김만풍 목사",주보 (2010-10-24)
2010-11-06,2010,11,회의/의회,"사무총회록 팀별 사역보고/계획서(Annual Meeting Team Report/Planning): 각 사역팀에서는 2010년~2011년도 사역보고서/계획서를 임 광 목사(323-788-4138, xtnlim@hotmail.com)께 제출해 주시기 바람. 마감일: 11/6(토)",주보 (2010-10-10)
2010-11-07,2010,11,임직/안수,"주년 기념예배/안수식/은퇴식/음악회: 일시: 11/7(주일), 4pm",주보 (2010-10-24)
2010-11-07,2010,11,성례,"제직 추천자 수락서 제출: 지구촌 교회의 제직 대상자는 ①구원의 확신이 있는 분으로서 침례나 세례를 받은 분 ②지구촌교회 제자훈련 G1과정(새교우반, 셀가족반)을 다 이수하신 분이나 12월내에 마칠 예정인 분 ③우리 교회에 등록하고 1년 이상 경과된 분 (70세 이상인 분은 교회 헌장에 의해서 명예은퇴집사로 섬기게 됨.) 제직 헌신서약서를 오늘까지 교회 사무실에 제출해 주시기 바람. 문의: 임 광 목사(323-788-4138)",주보 (2010-11-07)
2010-11-07,2010,11,회의/의회,제직회(Deacon Meeting): 11월달 제직회는 없음.,주보 (2010-11-07)
2010-11-13,2010,11,기타행사,"전교인 가을 대청소(Cleaning Day): 일시: 11/13(토), 8am~12pm 대상: 전교인(셀, 비셀, EC, 한어/영어 중고등부) 문의: 김길태 집사(240-383-8464) 교회를 사랑하는 모든 분들의 도움이 필요하며 점심이 제공됨.",주보 (2010-10-31)
2010-11-13,2010,11,회의/의회,"사무총회록 팀별 사역보고/계획서(Annual Meeting Team Report/Planning): 각 사역팀에서는 2010년~2011년도 사역보고서/계획서를 임 광 목사(323-788-4138, xtnlim@hotmail.com)께 제출해 주시기 바람. 마감일: 11/13(토)",주보 (2010-11-07)
2010-11-14,2010,11,성례,"제직 추천자 수락서 제출: 지구촌 교회의 제직 대상자는 ①구원의 확신이 있는 분으로서 침례나 세례를 받은 분 ②지구촌교회 제자훈련 G1과정(새교우반, 셀가족반)을 다 이수하신 분이나 12월내에 마칠 예정인 분 ③우리 교회에 등록하고 1년 이상 경과된 분 (70세 이상인 분은 교회 헌장에 의해서 명예은퇴집사로 섬기게 됨.) 제직 추천서를 받으시면 제직 헌신 서약서를 11월14일 주일까지 교회 사무실로 제출해 주시기 바랍니다. 문의: 임 광 목사(323-788-4138)",주보 (2010-10-31)
2010-11-14,2010,11,특별행사,"GMCYO(지구촌 청소년 오케스트라): ①자선음악회(Community Outreach): 일시: 11/14(주일), 5:30pm 장소: The Children's Inn at NIH, Bethesda, MD 정기음악회(Concert): 일시: 11/21(주일), 5pm 장소: 지구촌 교회 본당 지휘자: 이민진, 이세라, David Kucharski, 김혜미 문의: 노승희(301-395-4741) www.gmcyo.org",주보 (2010-11-07)
2010-11-20,2010,11,회의/의회,"사무총회록 팀별 사역보고/계획서(Annual Meeting Team Report/Planning): 각 사역팀에서는 2010년~2011년도 사역보고서/계획서를 임 광 목사(323-788-4138, xtnlim@hotmail.com)께 제출해 주시기 바람. 마감일: 11/20(토)",주보 (2010-11-14)
2010-11-21,2010,11,특별행사,"GMCYO(지구촌 청소년 오케스트라): 정기음악회(Concert): 일시: 11/21(오늘), 5pm 장소: 지구촌 교회 본당 지휘자: 이민진, 이세라, David Kucharski, 김혜미 문의: 노승희(301-395-4741) www.gmcyo.org",주보 (2010-11-21)
2010-11-27,2010,11,회의/의회,"사무총회록 팀별 사역보고/계획서(Annual Meeting Team Report/Planning): 각 사역팀에서는 2010년~2011년도 사역보고서/계획서를 임 광 목사(323-788-4138, xtnlim@hotmail.com)께 제출해 주시기 바람. 마감일: 11/27(토)",주보 (2010-11-21)
2010-12-05,2010,12,기타행사,"Vision2010 설문조사 보고회(Survey Report): 일시: 12/5(주일), 1:30pm 장소: 커버넌트 채플 대상: 전교인",주보 (2010-11-28)
2010-12-12,2010,12,회의/의회,"연말 제직회(Deacon Meeting): 일시: 12/12(주일), 1:30pm 장소: 커버넌트 채플",주보 (2010-11-28)
2010-12-12,2010,12,목회자 부임,"영어 중등부 학부모 회의(PTA): 일시: 12/12(주일), 1pm 장소: 커버넌트채플 주관: 교육부 안건: 새로 부임하실 영어 중등부 전도사 건 영어 중등부 부모님들은 모두 참석하시기를 바람.",주보 (2010-12-05)
2010-12-16,2010,12,기타행사,"상록회 종강식(SangRok Senior Citizen Graduation): 일시: 12/16(목), 11am 장소: 다목적대강당 발표회: 합창, 고전무용, Line Dance, Worship Dance, 장구, 지구촌 교회 장년 특별연주 점심이 제공되며 모든 어르신들을 초대합니다.",주보 (2010-12-12)
2010-12-25,2010,12,성례,"침례식(Baptism): 일시: 12/25(토), 성탄예배시 침례받기를 원하시는 분은 각 지역 목사에게 신청바람. 문의: 이지인 목사(301-448-0355)",주보 (2010-11-28)
2010-12-25,2010,12,성례,"성탄예배(Christmas Service) 12월25일, 토, 10am: 침례식: 침례받기를 원하시는 분은 지역목사에게 신청바람. 문의: 이지인 목사(301-448-0355) 라티문 성탄헌금: 세계선교에 100% 사용되는 선교헌금이며 크리스마스 헌금과 함께 드림. 친교모임: 셀별로 케잌 1개씩 식당으로 가져와서(예배시간 전) 성탄예배 직후 다목적 대강당에서 친교 모임을 함.",주보 (2010-12-12)
2011-01-01,2011,1,기타행사,"전교인 통성기도의 날(Whole Congregation's Prayer Meeting): 협동으로 성취 하는 지구촌 사명을 위해 2011년을 기도로 무장합시다! 주관: 기도사역팀 일시: 1/1(토), 5:30am 말씀/인도: 임 광 목사",주보 (2010-12-19)
2011-01-01,2011,1,비전,"2011년 교회 표어 ""협동으로 성취하는 지구촌 사명!""",2011 주보
2011-01-06,2011,1,훈련/수련회,청년부 연합수련회(Young Adult Winter Retreat): 주제: Seeking After God's Heart 일시: 1/6(목)~1/9(주일) 장소: Skycroft Conference Center 강사: Jason 노 목사(토론토 큰빛교회),주보 (2010-12-26)
2011-01-16,2011,1,회의/의회,"정기사무총회(Annual Congregational Meeting): 일시: 1/16(주일), 1:30pm 장소: 커버넌트 채플 2010년 결산보고/2011년 예산통과",주보 (2011-01-09)
2011-01-16,2011,1,기타행사,"토요모임( SNL: Saturday Night LIFE): 일시: 5pm~8:30pm 장소: 커버넌트 채플 학생들이 모여 함께 찬양, 기도, 성경공부,특별활동을 함.",주보 (2011-01-16)
2011-01-16,2011,1,성례,침례식(Baptism): 오늘 4부예배 시 중고등부 침례식이 있음.,주보 (2011-01-16)
2011-01-16,2011,1,선교,"MET2012 페루 단기선교(Peru Mission): 사역지: 페루 리마 일시: 1/16(월)~ 1/28(토), 2012 사역내용: 의료(내과, 외과, 치과, 약사, 간호원), 전도(장년, 어린이) 미용(남자, 여자) 첫모임: 11/20(주일), 12pm, 110호실(아랫층 시설관리실) 문의: 윤여권 장로(301-983-0867, 301-779-3107) 신상철 집사(301-774-2499, 240-401-4964) 선교의 열정을 가지신 분은 누구나 참여할 수 있으며 전도폭발 이수하신 분들 환영합니다. (항공료/숙식/사역비는 본인 부담)",주보 (2011-11-13)
2011-01-16,2011,1,행정,정기사무총회,GMC_JooBo_2011 주보
2011-01-17,2011,1,선교,"선교사역팀(Mission): MET2011 페루 단기선교: 사역지: 페루 리마 일시: 1/17(월)~ 1/29(토), 2011 사역내용: 의료, 치과, 미용, 어린이사역, 전도사역 문의: 윤여권 장로 (301-983-0867), 신상철 집사(301-774-2499, 240-401-4964) 전도의 열정을 가지신 분은 누구나 참여할 수 있음.",주보 (2010-12-05)
2011-01-19,2011,1,선교,"천국입성(Deceased): 백보희 집사님께서 지난 1/19(수) 하나님의 부르심을 받음. 2011년 단기선교 팀별 기도안내 (MET2011) 지 역 기도인도자 기도장소 참가 예정자 기도 후원자 페루 (사역중) 신상철 110호 윤여권,신상철,손인자,김혜숙 정건호,김상곤,강형천,강혜경 박하나,Dr.Prophete(카나다:6명) 김규용,홍성권,이광재 정종분,이문자,변목자 볼리비아(1월) 홍정선 103호 노순애,김남영,유영숙,이병수 조철민,나병현,홍정선,홍영예 진태자,주문옥 최관영,최혜원,정종분 이문자,김명재,백혜영 이미옥 볼리비아(7월) 유미숙 316호 정성순,유기장 이수민,백혜영,전혜민 최유정,김명숙 GMCYO 이수연,강재형 Butler(영어중고등부) 김소희 유영철,변영균 멕시코 이권형 308호 이권형,전혜민,신지원,이지영 최유정,송기욱,김명숙 이기원,Brian Suh VBS (1팀) 장세진 313호 변영균,전혜민,김수진 김혜인 VBS (2팀) 이혜자 117호 World Changers 이 호,서보신,전형규 이기원,장새별,변연선 이민재,강은영,이종철 한국(진도/담양) 안철환 351호 전혜민 정근영,이종열,김훈진 이윤지,강현옥,강재형 아시아 이종숙 115호 최주연,배광열,이지영,최유정김명숙 김정화,박진우,배광열",주보 (2011-01-23)
2011-01-22,2011,1,선교,"천국입성(Deceased): 이복례 권사님께서 지난 1/22(토) 하나님의 부르심을 받음. 2011년 단기선교 팀별 기도안내 (MET2011) 지 역 기도인도자 기도장소 참가 예정자 기도 후원자 페루 신상철 110호 윤여권,신상철,손인자,김혜숙 정건호,김상곤,강형천,강혜경 박하나,Dr.Prophete(카나다:6명) 김규용,홍성권,이광재 정종분,이문자,변목자 볼리비아(1월) (사역중) 홍정선 103호 노순애,김남영,유영숙,이병수 조철민,나병현,홍정선,홍영예 진태자,주문옥 최관영,최혜원,정종분 이문자,김명재,백혜영 이미옥 볼리비아(7월) 유미숙 316호 정성순,유기장 이수민,백혜영,전혜민 최유정,김명숙 GMCYO 이수연,강재형 Butler(영어중고등부) 김소희 유영철,변영균 멕시코 이권형 308호 이권형,전혜민,신지원,이지영 최유정,송기욱,김명숙 이기원,Brian Suh VBS (1팀) 장세진 313호 변영균,전혜민,김수진 김혜인 VBS (2팀) 이혜자 117호 World Changers 이 호,서보신,전형규 이기원,장새별,변연선 이민재,강은영,이종철 한국(진도/담양) 안철환 351호 전혜민 정근영,이종열,김훈진 이윤지,강현옥,강재형 아시아 이종숙 115호 최주연,배광열,이지영,최유정김명숙 김정화,박진우,배광열",주보 (2011-01-30)
2011-01-23,2011,1,목회자 부임,"PTA(학부모회의) 특별모임: 일시: 1/23(오늘), 1pm~2pm 장소: 커버넌트 채플 부모님들을 위한 True Love Waits 광고와 새로 부임하신 Eli Choi 전도사 소개가 있음. 중등부 학부모님들은 모두 꼭 참여해 주시기 바람.",주보 (2011-01-23)
2011-01-29,2011,1,기타행사,토요모임( SNL: Saturday Night LIFE): 일시: 5pm~8:30pm 장소: 커버넌트 채플 1/29(토)에는 특별 Pray-Sing Night 으로 모입니다. 부모님께서는 자녀들을 꼭 보내 주시기 바람.,주보 (2011-01-23)
2011-02-05,2011,2,기타행사,"지구촌교회 한글학교: 한글학교 개강: 2/5(토), 9am~12:30pm 등록일시: ①1/23 (오늘), 11am~1:30pm, 대강당 ②1/30(주일), 11am~1:30pm, 대강당 ③2/5(토), 개학 당일 내용: 한글교육, 한국문화교육, 특별활동, 예배 등록금: 한학기 등록시: 220불 (첫째), 200불(둘째), 180불(셋째) 1년 등록시: 400불(첫째), 380불(둘째), 350불 (셋째) 대상: 4세 이상~12학년 문의: 박혜경 교장(253-882-6608), 전혜원 교감(443-824-4092)",주보 (2011-01-23)
2011-02-06,2011,2,기타행사,"장년 성경공부 개강(Sunday Bible Study): 개강일시: 2/6(주일), 7주간 과목: 필수반, 특별성경공부반, 공과성경공부반 문의: 장유선 집사(301-767-5837)",주보 (2011-01-16)
2011-02-06,2011,2,특별행사,"소망회 구정잔치(New Year Party): 일시: 2/6(주일), 11:10am~1pm 장소: 소망회실 문의: 이지인 목사(301-448-0355)",주보 (2011-01-30)
2011-02-12,2011,2,특별행사,"상록회(SangRok Senior): 총회/구정잔치: 일시: 2/12(토), 11am 장소: 다목적대강당 프로그램: 독창, 상록대합창, 라인댄스, 워십댄스, 한국무용, 장년악기팀, 트럼펫, 쎅스폰 상록회원, 소망회원, 모든 어르신들을 초대합니다. 가사보조원 모집: 한주 4시간 동안 3명의 가사보조원 구함. 시간당: $10.50 문의: 배은옥 권사(301-947-1659)",주보 (2011-01-30)
2011-02-13,2011,2,훈련/수련회,북미주 유학생 수련회(KOSTA) 사역을 위하여,주보 (2011-02-13)
2011-02-13,2011,2,부흥회/집회,집회: 에스라 성경 강좌: 창세기부터 요한 계시록 (성경 66권과 신구약 중간사),주보 (2011-02-13)
2011-02-20,2011,2,부흥회/집회,집회: 에스라 성경 강좌: 창세기부터 요한 계시록 (성경 66권과 신구약 중간사),주보 (2011-02-20)
2011-02-20,2011,2,성례,"천국입성(Deceased): 김위영 장로님(남 영/선향 집사 장인)께서 지난 2/20(주일), 한국에서 하나님의 부르심을 받음. MET2011 팀장 및 연락처 지 역 기 간 팀 장 연 락 처 모집인원 현 황 GMCYO(청소년오케스트라) 6/17~25 노승희 301-395-4741 35~40명 모집중 Butler, PA 6/27~7/2 James Choi 240-477-9678 30명 모집중 VBS-1팀 6월말 강민식 443-824-4092 7명 모집중 World Changers 7/11~16 Eli Choi 301-728-2321 30명 모집중 VBS-2팀 7월초 7명 모집중 아시아 7월 이지영 240-626-4566 5~6명 모집중 볼리비아 7월 김병묵 240-498-4346 10명 모집중 멕시코 7월 이태환 301-680-0068 7~10명 모집중 한국(진도/담양) 10월 안철환 301-796-6026 5명 모집중 팀 장 교 육 제 목 강 사 일 시 시 간 장 소 팀사역의 전략 이태호 집사 2/27(주일) 11:30am~12:30pm 306호 전도훈련 정해영 집사 3/6(주일) 11:30am~12:30pm 359호(침례준비실) 팀장의 역활 김만풍 목사 3/9(수) 8:45pm~10pm 새교우영접실 안전과 보안 김제환 목사 3/13(주일) 11:30am~12:30pm 359호(침례준비실)",주보 (2011-02-27)
2011-02-27,2011,2,부흥회/집회,집회: 에스라 성경 강좌: 창세기부터 요한 계시록 (성경 66권과 신구약 중간사),주보 (2011-02-27)
2011-03-01,2011,3,선교,"지구촌 평신도 성서대학(Global Layman Bible College-GLBC): 3월 개강 (주중반): 3/1 ~ 5/24 (12주) 과 목 교 실 시 간 교 수 등 록 처 쉽게 풀어본 조직신학 322 토, 10am(3/5~5/21) 김만풍 오늘, 본당 앞 복도 쉽게 보는 성경 322 화, 7pm(3/1~5/24) 임도균 4월 개강 (주일반): 4/3 ~ 6/19 (12주) 쉽게 풀어본 조직신학 322 11:30am 김만풍 오늘, 본당 앞 복도 선교폭발과 MET단기선교 142 10am 박현오 쉽게 보는 성경 322 8:30am 임도균",주보 (2011-02-06)
2011-03-04,2011,3,성례,"천국입성(Deceased): 양기창 성도님(부인: 임을순 권사)께서 지난 3/4(금), 하나님의 부르심을 받음. MET2011 팀장 및 연락처 지 역 기 간 팀 장 연 락 처 모집인원 현 황 GMCYO(청소년오케스트라) 6/17~25 노승희 301-395-4741 35~40명 모집중 Butler, PA 6/27~7/2 James Choi 240-477-9678 30명 모집중 VBS-1팀 6월말 강민식 443-824-4092 7명 모집중 World Changers 7/11~16 Eli Choi 301-728-2321 30명 모집중 VBS-2팀 7월초 7명 모집중 아시아 7월 이지영 240-626-4566 5~6명 모집중 볼리비아 7월 김병묵 240-498-4346 10명 모집중 멕시코 7월 이태환 301-680-0068 7~10명 모집중 한국(진도/담양) 10월 안철환 301-796-6026 5명 모집중 팀 장 교 육 제 목 강 사 일 시 시 간 장 소 전도훈련 정해영 집사 3/6(오늘) 11:30am~12:30pm 359호(침례준비실) 팀장의 역활 김만풍 목사 3/9(수) 8:45pm~10pm 새교우영접실 안전과 보안 김제환 목사 3/13(주일) 11:30am~12:30pm 359호(침례준비실)",주보 (2011-03-06)
2011-03-06,2011,3,성례,"취임예배(Installation Service): 정영길 목사 취임예배(담임목사)가 오늘, 5pm, 워싱턴 한인침례교회(310 Randolph Rd. Silver Spring, MD 20904, 301-622-5375) 에서 있습니다. 축하해 주시기 바랍니다.",주보 (2011-03-06)
2011-03-06,2011,3,부흥회/집회,집회: 에스라 성경 강좌: 창세기부터 요한 계시록 (성경 66권과 신구약 중간사),주보 (2011-03-06)
2011-03-06,2011,3,성례,"천국입성(Deceased): Grace Young 김 성도님(김훈진/규용 집사 따님)께서 지난 3/6 (주일), 하나님의 부르심을 받음. 고별예배: 3/14(월), 7pm, Hines-Rinaldi Funeral Home에서. 11800 New Hampshire Ave. Silver Spring, MD 20904 (301-622-2290) MET2011 팀장 및 연락처 지 역 기 간 팀 장 연 락 처 모집인원 현 황 GMCYO(청소년오케스트라) 6/17~25 노승희 301-395-4741 35~40명 모집중 Butler, PA 6/27~7/2 James Choi 240-477-9678 30명 모집중 VBS-1팀 6월말 강민식 443-824-4092 7명 모집중 World Changers 7/11~16 Eli Choi 301-728-2321 30명 모집중 VBS-2팀 7월초 7명 모집중 아시아 7월 이지영 240-626-4566 5~6명 모집중 볼리비아 7월 김병묵 240-498-4346 10명 모집중 멕시코 7월 이태환 301-680-0068 7~10명 모집중 한국(진도/담양) 10월 안철환 301-796-6026 5명 모집중 팀 장 교 육 제 목 강 사 일 시 시 간 장 소 안전과 보안 김제환 목사 3/13(오늘) 11:30am~12:30pm 359호(침례준비실)",주보 (2011-03-13)
2011-03-13,2011,3,기타행사,"교육사역팀 특별교사훈련(Education Department Teacher's Training): 일시: 3/13(주일), 8:30am~9:30am, 10주 동안 대상: 전 교사/앞으로 교사를 희망하시는 분 장소: 317호 문의: 김만배 집사(443-454-3647) 8명~10명 모집하며 교사에 가장 중요한 신학개념을 집중적으로 공부함.",주보 (2011-02-27)
2011-03-18,2011,3,부흥회/집회,"찬양집회 I(Pre Conference Rally I): ① 일시: 3/18(금), 7pm~10pm 장소: 본당",주보 (2011-03-13)
2011-03-20,2011,3,회의/의회,"정기제직회(Deacon's Meeting): 일시: 3/20(주일), 1:45pm 장소: 커버넌트 채플",주보 (2011-03-06)
2011-03-20,2011,3,기타행사,◆◆◆◆◆◆◆ 지구촌교회 비전센터 허가 진행 과정 보고 ◆◆◆◆◆◆◆◆ 지구촌교회 비전센터 허가 관련으로 기도해 주심에 감사드립니다. 이번 3월에 있었던 District Court of Frederick County의 판결에 대해 기쁨을 함께 나누고자 합니다. 그동안의 허가 과정을 간단하게 보고 드립니다. 2008년 12월: Frederick County에 지구촌교회 비전센터의 Site Plan 신청. 2009년 7월: Frederick County Staff Report 지구촌교회 비전센터의 Site Plan 조건부 승인을 Frederick County Planning Commission에 추천함. 2009년 7월: Frederick County Planning Commission은 Staff 보고를 무시하고 County Staff 들에게 교회 Site Plan을 재검토하라고 명령하고 Site Plan 공청회를 10월로 연기함. 2009년 10월: Frederick County Staff Report 정당한 물 사용량 계산방법을 사용하지 않고 지구촌교회 비전센터의 Site Plan 부결할 것을 추천함. 2009년 10월: Frederick County Planning Commission이 지구촌교회 비전센터의 Site Plan을 부결시킴. 2009년 11월: 지구촌교회 비전센터의 Site Plan에 대한 Frederick County Planning Commission 부결에 대해 최종적으로 재검토를 요청. 2010년 1월: 재심공청회 (Frederick County Board of Appeal) 결과 지구촌교회 비전센터의 Site Plan에 대한 Frederick County Planning Commission의 부결을 무효화 하고 Site Plan을 Frederick County Planning Commission에 되돌려 보냄. 2010년 3월: 2010년 1월에 있었던 재심공청회 결과에 대해 이의를 제기하며 Frederick County Planning Commission과 District Court of Frederick County에게 Appeals Board 의 결정을 부결하고 자신들이 결정한 Site Plan 부결결정을 확인해 달라고 신청함. 2011년 3월: District Court of Frederick County는 2010년 1월 지구촌교회 비전센터의 Site Plan에 대한 Frederick County Board of Planning의 부결을 무효화 하고 Site Plan의 재검토 지시를 내린 Frederick County Board of Appeal의 결정이 s 타당하며 Frederick County Planning Commission이 부당하게 지구촌교회의 권리를 부결시켰다고 판결을 내리고 앞으로 Frederick County Health Department는 지구촌교회 비전센터의 Site Plan 허가를 위하여 지구촌교회와 협력하라고 판결함. <문의>: 건축 전체현황: 김성환 집사 (301-695-2651) 건축 기술상황: 김만배 집사 (443-454-3647) 건축 재정: 부제니 집사 (240-997-5033),주보 (2011-03-20)
2011-03-21,2011,3,훈련,에스라 성경강좌 (3/21~27. 신구약 성경 66권),GMC_JooBo_2011 주보
2011-03-27,2011,3,선교,"제자훈련팀 클리닉(Discipleships Clinic): 패널 세미나: 일시: 3/27(주일), 11:15am 장소: 142호 주제: 선교적 삶(Missional Life) 발제자: 김제환/김인동/박정수 협찬: 선교사역팀 지구촌교회 파송선교사로 섬겼던 사람들이, 미래의 예비선교사들의 준비와 현재의 선교적 삶에 도움을 드리기 위해 발제, 질의응답을 갖습니다.",주보 (2011-03-20)
2011-03-27,2011,3,기타행사,◆◆◆◆◆◆◆ 지구촌교회 비전센터 허가 진행 과정 보고 ◆◆◆◆◆◆◆◆ 지구촌교회 비전센터 허가 관련으로 기도해 주심에 감사드립니다. 이번 3월에 있었던 District Court of Frederick County의 판결에 대해 기쁨을 함께 나누고자 합니다. 그동안의 허가 과정을 간단하게 보고 드립니다. 2008년 12월: Frederick County에 지구촌교회 비전센터의 Site Plan 신청. 2009년 7월: Frederick County Staff Report 지구촌교회 비전센터의 Site Plan 조건부 승인을 Frederick County Planning Commission에 추천함. 2009년 7월: Frederick County Planning Commission은 Staff 보고를 무시하고 County Staff 들에게 교회 Site Plan을 재검토하라고 명령하고 Site Plan 공청회를 10월로 연기함. 2009년 10월: Frederick County Staff Report 정당한 물 사용량 계산방법을 사용하지 않고 지구촌교회 비전센터의 Site Plan 부결할 것을 추천함. 2009년 10월: Frederick County Planning Commission이 지구촌교회 비전센터의 Site Plan을 부결시킴. 2009년 11월: 지구촌교회 비전센터의 Site Plan에 대한 Frederick County Planning Commission 부결에 대해 최종적으로 재검토를 요청. 2010년 1월: 재심공청회 (Frederick County Board of Appeal) 결과 지구촌교회 비전센터의 Site Plan에 대한 Frederick County Planning Commission의 부결을 무효화 하고 Site Plan을 Frederick County Planning Commission에 되돌려 보냄. 2010년 3월: 2010년 1월에 있었던 재심공청회 결과에 대해 이의를 제기하며 Frederick County Planning Commission과 District Court of Frederick County에게 Appeals Board 의 결정을 부결하고 자신들이 결정한 Site Plan 부결결정을 확인해 달라고 신청함. 2011년 3월: District Court of Frederick County는 2010년 1월 지구촌교회 비전센터의 Site Plan에 대한 Frederick County Board of Planning의 부결을 무효화 하고 Site Plan의 재검토 지시를 내린 Frederick County Board of Appeal의 결정이 s 타당하며 Frederick County Planning Commission이 부당하게 지구촌교회의 권리를 부결시켰다고 판결을 내리고 앞으로 Frederick County Health Department는 지구촌교회 비전센터의 Site Plan 허가를 위하여 지구촌교회와 협력하라고 판결함. <문의>: 건축 전체현황: 김성환 집사 (301-695-2651) 건축 기술상황: 김만배 집사 (443-454-3647) 건축 재정: 부제니 집사 (240-997-5033),주보 (2011-03-27)
2011-04-03,2011,4,선교,"지구촌 평신도 성서대학(Global Layman Bible College-GLBC): 4월 개강 (주일반): 4/3 ~ 6/19 (12주) 과 목 교 실 시 간 교 수 등 록 처 쉽게 풀어본 조직신학 (등록 마감됨) 322 11:30am 김만풍 오늘, 본당 앞 복도 선교폭발과 MET단기선교 142 10am 박현오 쉽게 보는 성경 322 8:30am 임도균",주보 (2011-03-13)
2011-04-03,2011,4,기타행사,일본 지진/쓰나미 헌금(Japan Tsunami Offering): 일본의 지진과 쓰나미 이재민 구호를 위하여 오는 4월3일 주일과 10일 주일에 특별헌금을 하게 됨. 적극 참여 요망.,주보 (2011-03-27)
2011-04-03,2011,4,기타행사,쉽게 풀어본 조직신학(교수: 김만풍): 추가등록 받고 있습니다.,주보 (2011-04-03)
2011-04-03,2011,4,기타행사,◆◆◆◆◆◆◆ 지구촌교회 비전센터 허가 진행 과정 보고 ◆◆◆◆◆◆◆◆ 지구촌교회 비전센터 허가 관련으로 기도해 주심에 감사드립니다. 이번 3월에 있었던 District Court of Frederick County의 판결에 대해 기쁨을 함께 나누고자 합니다. 그동안의 허가 과정을 간단하게 보고 드립니다. 2008년 12월: Frederick County에 지구촌교회 비전센터의 Site Plan 신청. 2009년 7월: Frederick County Staff Report 지구촌교회 비전센터의 Site Plan 조건부 승인을 Frederick County Planning Commission에 추천함. 2009년 7월: Frederick County Planning Commission은 Staff 보고를 무시하고 County Staff 들에게 교회 Site Plan을 재검토하라고 명령하고 Site Plan 공청회를 10월로 연기함. 2009년 10월: Frederick County Staff Report 정당한 물 사용량 계산방법을 사용하지 않고 지구촌교회 비전센터의 Site Plan 부결할 것을 추천함. 2009년 10월: Frederick County Planning Commission이 지구촌교회 비전센터의 Site Plan을 부결시킴. 2009년 11월: 지구촌교회 비전센터의 Site Plan에 대한 Frederick County Planning Commission 부결에 대해 최종적으로 재검토를 요청. 2010년 1월: 재심공청회 (Frederick County Board of Appeal) 결과 지구촌교회 비전센터의 Site Plan에 대한 Frederick County Planning Commission의 부결을 무효화 하고 Site Plan을 Frederick County Planning Commission에 되돌려 보냄. 2010년 3월: 2010년 1월에 있었던 재심공청회 결과에 대해 이의를 제기하며 Frederick County Planning Commission과 District Court of Frederick County에게 Appeals Board 의 결정을 부결하고 자신들이 결정한 Site Plan 부결결정을 확인해 달라고 신청함. 2011년 3월: District Court of Frederick County는 2010년 1월 지구촌교회 비전센터의 Site Plan에 대한 Frederick County Board of Planning의 부결을 무효화 하고 Site Plan의 재검토 지시를 내린 Frederick County Board of Appeal의 결정이 s 타당하며 Frederick County Planning Commission이 부당하게 지구촌교회의 권리를 부결시켰다고 판결을 내리고 앞으로 Frederick County Health Department는 지구촌교회 비전센터의 Site Plan 허가를 위하여 지구촌교회와 협력하라고 판결함. <문의>: 건축 전체현황: 김성환 집사 (301-695-2651) 건축 기술상황: 김만배 집사 (443-454-3647) 건축 재정: 부제니 집사 (240-997-5033),주보 (2011-04-03)
2011-04-10,2011,4,기타행사,일본 지진/쓰나미 헌금(Japan Tsunami Offering): 일본의 지진과 쓰나미 이재민 구호를 위하여 오늘과 4월10일 주일에 특별헌금을 하게 됨. 적극 참여 요망.,주보 (2011-04-03)
2011-04-10,2011,4,기타행사,쉽게 풀어본 조직신학(교수: 김만풍): 추가등록 받고 있습니다.,주보 (2011-04-10)
2011-04-10,2011,4,선교,선교폭발과 MET단기선교 등록 받고 있습니다. 2011년,주보 (2011-04-10)
2011-04-10,2011,4,선교,"선교사역팀(Mission): 선교사들을 위한 4월 기도모임: 일시: 4/10(오늘), 12:40pm~ 1:30pm 장소: 선교부 사무실(303호) 청년부 단기선교를 위한 기금마련: 일시: 4/17 (주일)부터 격주로 8/7(주일) 까지, 10am~1pm 장소: 다목적대강당 종목: 구두딱이, 냉모과차, 냉커피, 생과일 스무디 다민족 찬양축제: 일시: 4/17(주일), 5pm~7pm 장소: 지구촌교회 본당 축제후 다목적대강당에서 식사가 있음.",주보 (2011-04-10)
2011-04-15,2011,4,부흥회/집회,"찬양집회 I(Pre Conference Rally I): 일시: 4/15(금), 7pm~10pm 장소: 본당 5/27(금)~5/28(토)에 있을 Youth Conference를 위해 준비찬양/기도/예배 모임.",주보 (2011-03-20)
2011-04-16,2011,4,기타행사,"봄맞이 대청소(Spring Cleaning Day): “교회를 내 몸과 같이 깨끗이 청소하길 원합니다.” 일시: 4/16(토), 8am~1pm 대상: 전교인(셀, 비셀, EC, 한어/영어 중고등부) 간단한 아침식사와 점심이 제공됨. 문의: 김용철 집사(301-674-5758), 신상철 집사(301-774-2499), 김길태 집사(240-383-8464)",주보 (2011-03-27)
2011-04-16,2011,4,특별행사,"기 타: 꽃꽂이(실크꽃), 세차(Car Wash) 세차일정: 영어 중고등부: 4/16(토), 10am~3pm, Viersmill Rd. 신라제과 앞, Shell Gas Station 수 집 기 간: 4/27(수) 까지 수 집 장 소: 다목적 대강당 창고 바자 문의: 김용해 잔치장(703-628-1235) 송병재 집사(301-785-2432) 물품 담당: 손일섭 집사(301-910-9575) 바자후원/헌금: 김성환 집사(301-820-5728) 많은 손길이 필요하며 특히 일본어, 중국어, 영어, 스페인어 통역하시며 전도하실 분들이 필요합니다. 마을별 바자 지원 일정표 봉 사 내 용 4/27 (수) 4/28 (목) 4/29 (금) 4/30 (토) 의 류 은샘 마을: 천병덕 서부 마을: 이태호 향촌나무 마을: 송병재 은혜평강 마을: 홍명순 샬롬 마을: 정성자 동부 마을: 강현옥 풍성한 마을: 한명우 우리 마을: 황태호 음 식 평화 마을: 민요환 은혜평강 마을: 홍명순 풍성한 마을: 한명우 김성환 마을 서부 마을: 이태호 우리 마을: 황태호 터치 마을: 박명옥 다기도 마을: 임채현 순례자 마을: 정근영 백 화 점 다기도 마을: 임채현 터치 마을: 박명옥 순례자 마을: 정근영 동부 마을: 강현옥 평화 마을: 민요환 김성환 마을 향촌나무 마을: 송병재 은샘 마을: 천병덕 < 지구촌 바자 건강상담 및 검사 (GMC Health Fare) > <일 시>: 2011년 4월 30일 (토), 10am~1pm <장 소>: 워싱턴 지구촌 교회 <문 의>: 김응권 집사(301-580-7711), 이준영 집사(301-871-3361), 이순영 집사(301-983-3950) 상담/검진 종목 (Available Consultations) • 일반내과 (Internal Medicine): Dr. 윤여권 • 산부인과 (OB/GY): Dr. Christine Shon-Woo • 척추신경과 (Chiropractice): Dr. 김응권, Dr. 조진원 • 치과 (Dentistry): Dr. 이영재, Dr. 이준영 • 한의학 (Acupuncture/Oriental Medicine): Dr. 이영서 • 영양학 (Nutrition Diet): Mrs. Rachael Lee • 간호학 (Nursing): 이순영, 김인자, 김정화, 김희연, 장태은, 정성순, 주정현 <검사종목 (Available Services)> • 혈압 측정 (Blood Pressure) • 혈당 측정 (Blood Glucose Level) • 골다공증 (Bone Density) • 시력, 녹내장, 청력검사 (Vision, Glaucoma, Hearing Tests) <몽고메리 카운티 프로그램 안내 (Available County Programs)> • 암 예방 교육/저소득층을 위한 무료검사 안내 (Education for Cancer Prevention/ Free Exams for the Low Income Families) • 유방암 검사 안내 (Counseling for Mammogram) • 자궁암 검사 안내 (Counseling for PAP Smear • 전립선 암 검사 안내 (Counseling for Prostate Cancer Screening) • 간염 예방 교육 (Education for Prevention of Hepatitis • Carbon Monoxide Test",주보 (2011-04-10)
2011-04-17,2011,4,특별행사,수난주간 금요음악회/주의 만찬을 위하여,주보 (2011-04-17)
2011-04-18,2011,4,기타행사,"수난절 특별새벽기도회(Lent Special Early Morning Prayer): 일시: 4/18(월)~ 4/23(토), 5:30am 말씀: 김만풍 목사 누가복음, 사도행전 성경통독을 함.",주보 (2011-04-17)
2011-04-22,2011,4,기타행사,"건축소식(Building Project): 지난 4월22일 Frederick County Health Department 와의 회의 결과, Maryland Department of Environment의 기준에 의거한 물 사용량 계산 방법에 동의 합의하였고 이에 근거하여 다시 저희 교회의 물 사용량에 대하여 재검토한 후 Frederick County Health Department에 접수하기로 결정하였습니다. 2011년",주보 (2011-05-01)
2011-04-24,2011,4,성례,침례식(Baptism): 일시: 4/24(주일) 침례받기를 원하시는 분은 지역목사에게 신청 바람. 문의: 이지인 목사(301-448-0355),주보 (2011-04-03)
2011-04-24,2011,4,특별행사,지구촌 마당잔치 바자를 통해 협동과 나눔이 이뤄지도록,주보 (2011-04-24)
2011-04-30,2011,4,특별행사,"년 지구촌 마당잔치 바자(Bazaar): 주제: “화합과 나눔(Harmony & Sharing)” 일시: 4/30(토), 8am~3:30pm Car Wash (영어 중고등부): 일시: 4/16(토), 10am~3pm 장소: 신라제과점 앞 Shell Gas Station 물품수집: 의류, 장난감, 전자제품, 가구, 운동기구, 잡화 식당사역에서 김치병을 수집하고 있음. 문의: 김용해 잔치장(703-628-1235) 김성환 집사(301-695-2651) 손일섭 집사 (301-910-7540) 송병재 집사(301-785-2432)",주보 (2011-04-10)
2011-04-30,2011,4,특별행사,"지구촌 마당잔치 바자(4월30일,토)를 위하여",주보 (2011-04-10)
2011-05-01,2011,5,특별행사,"지구촌 청소년 오케스트라 정기음악회(GMCYO Spring Concert): 일시: 5/1 (주일), 6pm 장소: 지구촌 교회 본당 문의: David/노승희 Kucharski (301-809- 0270, 301-395-4741, davidkuch@gmail.com)",주보 (2011-04-10)
2011-05-01,2011,5,선교,"선교사역팀(Mission): 청년부 단기선교를 위한 기금마련: 일시: 5/1(주일)부터 격주로. 10am~1pm 장소: 다목적대강당 종목: 구두딲이, 냉모과차, 냉커피, 생과일 스무디 다민족 찬양축제: 일시: 4/17(오늘), 5pm~7pm 장소: 지구촌교회 본당 축제후 다목적대강당에서 식사가 있음.",주보 (2011-04-17)
2011-05-05,2011,5,특별행사,"상록회(SangRok Senior): 상록회에서는 어머니날을 맞이하여 한복 Fashion Show Festival과 경로잔치를 합니다. 상록회원님들과 관심있는 분들의 많은 참석을 바랍니다. 일시: 5/5(목), 11:30am 장소: 지구촌교회 다목적대강당",주보 (2011-04-24)
2011-05-07,2011,5,특별행사,"제16회 장애인을 위한 사랑의 음악회(Music Concert): 일시: 5/7(토), 5pm 장소: 지구촌교회 본당 문의: 유기장 집사(301-928-2790)",주보 (2011-04-17)
2011-05-15,2011,5,회의/의회,"정기제직회(Deacon's Meeting): 일시: 5/15(주일), 1:30pm 장소: 커버넌트 채플",주보 (2011-05-01)
2011-05-15,2011,5,기타행사,"건축소식(Building Project): 지난 4월22일 Frederick County Health Department 와의 회의 결과, Maryland Department of Environment의 기준에 의거한 물 사용량 계산 방법에 동의 합의하였고 이에 근거하여 다시 저희 교회의 물 사용량에 대하여 재검토한 후 Frederick County Health Department에 접수하기로 결정하였습니다. 2011년",주보 (2011-05-08)
2011-05-27,2011,5,세미나,"청소년 전도대회를 위한 중보기도자 모집(Prayer for Youth Evangelism Con- ference): 일시: 5/27(금)~5/28(토) 장소: 지구촌 교회 본당 강사: David 최 목사 (국제적인 명강사) 찬양인도/특별출연: Shane & Shane/Tedashii ""What is the Gospel? (복음이란 무엇인가?) 세미나 인도: Capitol Hill Baptist Church 목회팀 남침례교단 총회를 통해 메릴랜드/DC/버지니아 지역의 청소년들을 위한 대집회 이며 이 집회를 위한 중보기도자를 모집함. 문의: 장혜경 집사(301-519-1962)",주보 (2011-05-08)
2011-06-12,2011,6,기타행사,공원 운동장 주차안내(Parking): 성도님들의 적극적인 협조와 섬김으로 주차 안내가 원활하게 진행됨을 감사 드립니다. 계속해서 더블파킹과 카풀운전으로 주일 주차에 도움을 주시면 좋겠습니다. 특별히 더블파킹하신 성도님은 예배후 차량을 이동해 주시는 것을 잊지 마시기 바랍니다. 301-460-1656,주보 (2011-06-12)
2011-06-12,2011,6,기타행사,축하: ‘추사서화예술전국대전’에서 박일환 집사께서 영어 글씨 작품으로 특별상 수상.,주보 (2011-06-12)
2011-06-12,2011,6,기타행사,건축 사이트 플랜이 프레드릭 당국과 잘 협의 되도록,주보 (2011-06-12)
2011-06-17,2011,6,부흥회/집회,"청년전도집회(Revival Meeting): 주제: “부흥의 세대여, 일어나라!” 강사: 권 준 목사(시애틀 형제교회 담임) 일시: 6/17(금)~19(주일)",주보 (2011-06-05)
2011-06-19,2011,6,부흥회/집회,", 1부~4부예배: “행복한 교회로의 초대” (사도행전 2:42~47) 5부예배: “타오르라(Fire Up!)” (고린도전서 9:16~23) 모든 지구촌 성도님들의 중보기도를 부탁드리며, 모든 집회 시간에 성도님들도 참여하실 수 있습니다. 많은 기도와 참여 부탁드립니다.",주보 (2011-06-05)
2011-06-19,2011,6,기타행사,공원 운동장 주차안내(Parking): 성도님들의 적극적인 협조와 섬김으로 주차 안내가 원활하게 진행됨을 감사 드립니다. 계속해서 더블파킹과 카풀운전으로 주일 주차에 도움을 주시면 좋겠습니다. 특별히 더블파킹하신 성도님은 예배후 차량을 이동해 주시는 것을 잊지 마시기 바랍니다. 301-460-1656,주보 (2011-06-19)
2011-06-19,2011,6,기타행사,건축사이트 플랜이 프레드릭 당국과 잘 협의되도록,주보 (2011-06-19)
2011-06-20,2011,6,훈련/수련회,"교육부 주최 어린이 여름 탁구캠프(Table Tennis/Ping-Pong Summer Camp): 일시: 6/20(월)~7/1(금), 10am~3pm 등록비: 50불 정원: 50명 선착순 대상: 초등학교 3학년~중학교 3학년 코치: 황학성 목사(미안마 여자 국가대표 코치로 수고하실 예정) 등록일/장소: 6/5(주일), 6/12(주일), 2부예배 후, 다목적대강당 문의: 김만배 집사(443- 454-3647) 점심은 각자 준비함.",주보 (2011-05-01)
2011-06-20,2011,6,훈련/수련회,"스데반사역(Stephen Ministry): 6기 훈련: 6/20(월), 7pm, 아가페 채플 연장교육/ 슈퍼비젼: 6/27(월), 7pm 수련회: 7/15(금)~16(토), Windsor Conference Center 모든 스데반사역자 여러분들의 참여를 바랍니다. 문의: 강지영 집사(571-232-5462)",주보 (2011-06-19)
2011-06-26,2011,6,기타행사,"중고등부 만찬(Youth Banquet): 일시: 6/26(주일), 4pm~7pm 장소: 다목적대강당 졸업생/8학년 학생들을 위한 특별환영회가 있으며 모든 학생/학부모님들을 초대합니다. 저녁식사가 있습니다.",주보 (2011-06-19)
2011-06-26,2011,6,기타행사,공원 운동장 주차안내(Parking): 성도님들의 적극적인 협조와 섬김으로 주차 안내가 원활하게 진행됨을 감사 드립니다. 계속해서 더블파킹과 카풀운전으로 주일 주차에 도움을 주시면 좋겠습니다. 특별히 더블파킹하신 성도님은 예배후 차량을 이동해 주시는 것을 잊지 마시기 바랍니다. 301-460-1656,주보 (2011-06-26)
2011-06-26,2011,6,기타행사,건축사이트 플랜이 프레드릭 당국과 잘 협의되도록,주보 (2011-06-26)
2011-06-27,2011,6,선교,"단기선교(Summer Mission): ① Butler, PA: 6/27(월)~7/2(토) ② World Changers: 7/11(월)~7/16(토) ③ Youth Orchestra: Mexico: 6/17(금)~6/25(토) 문의: 서보신 집사(443-280-3661)",주보 (2011-02-13)
2011-06-27,2011,6,훈련/수련회,"스데반사역(Stephen Ministry): 연장교육/슈퍼비젼: 6/27(월), 7pm, 아가페 채플 수련회: 7/15(금)~16(토), Windsor Conference Center 모든 스데반사역자 여러분들의 참여를 바랍니다. 문의: 강지영 집사(571-232-5462)",주보 (2011-06-26)
2011-07-01,2011,7,목회자 부임,"전임 부사역자 부임(Assistant Pastor): 최인돈 전도사(The Southern Baptist Theological Seminary 졸업, M.Div.)께서 오는 7/1(금)부터 사역 시작.",주보 (2011-06-26)
2011-07-03,2011,7,기타행사,공원 운동장 주차안내(Parking): 성도님들의 적극적인 협조와 섬김으로 주차 안내가 원활하게 진행됨을 감사 드립니다. 계속해서 더블파킹과 카풀운전으로 주일 주차에 도움을 주시면 좋겠습니다. 특별히 더블파킹하신 성도님은 예배후 차량을 이동해 주시는 것을 잊지 마시기 바랍니다. 301-460-1656,주보 (2011-07-03)
2011-07-03,2011,7,기타행사,건축사이트 플랜이 프레드릭 당국과 잘 협의되도록,주보 (2011-07-03)
2011-07-10,2011,7,기타행사,공원 운동장 주차안내(Parking): 성도님들의 적극적인 협조와 섬김으로 주차 안내가 원활하게 진행됨을 감사 드립니다. 계속해서 더블파킹과 카풀운전으로 주일 주차에 도움을 주시면 좋겠습니다. 특별히 더블파킹하신 성도님은 예배후 차량을 이동해 주시는 것을 잊지 마시기 바랍니다. 301-460-1656,주보 (2011-07-10)
2011-07-10,2011,7,세미나,"박수웅 장로 초청 세미나(Seminar): 오늘, 5부예배는 박수웅 장로께서 ‘어떻게 살 것인가’ 란 주제로 설교하십니다. 세미나: 4pm: ‘그리스도인의 연애’ 5:30pm: ‘그리스도인의 결혼’",주보 (2011-07-10)
2011-07-10,2011,7,기타행사,건축사이트 플랜이 프레드릭 당국과 잘 협의되도록,주보 (2011-07-10)
2011-07-11,2011,7,훈련/수련회,"스데반사역(Stephen Ministry): 연장교육/슈퍼비젼: 7/11(월), 7pm, 아가페 채플 수련회: 7/15(금)~16(토), Windsor Conference Center 모든 스데반사역자 여러분들의 참여를 바랍니다. 문의: 강지영 집사(571-232-5462)",주보 (2011-07-03)
2011-07-11,2011,7,선교,"단기선교(Summer Mission): World Changers: 7/11(월)~7/16(토) 문의: 서보신 집사(443-280-3661) ▶여름수양회(Summer Retreat): 일시: 7/31(주일)~8/3(수) 장소: Camp Joy-El, PA 문의: 최진석 전도사(240-477-9678), Eli Choi 전도사(301-728-2321)",주보 (2011-07-03)
2011-07-17,2011,7,회의/의회,"정기제직회(Deacon's Meeting): 일시: 7/17(주일), 1:45pm 장소: 커버넌트 채플",주보 (2011-07-10)
2011-07-17,2011,7,기타행사,건축사이트 플랜이 프레드릭 당국과 잘 협의되도록,주보 (2011-07-17)
2011-07-29,2011,7,세미나,"워싱턴지역 복음화대성회(Rally): 일시: 7/29(금)~7/31(주일), 7:30pm 장소: 열린문 장로교회, VA 강사: 최삼경 목사(한국 남양주시 ‘빛과 소금의 교회’ 담임) 목회자 세미나(이단대책): 8/1(월), 10am, 열린문 장로교회, VA",주보 (2011-07-17)
2011-07-31,2011,7,목회자 부임,"사임(Resign): 박병만 목사께서 7월31일 자로 사임(큰사랑 침례교회 담임목사로 부임, Crestview, Florida) 하심.",주보 (2011-07-31)
2011-08-14,2011,8,세미나,"사회복지에 관련된 연방/주정부 프로그램 안내(Federal and State Level Social Benefits Seminar): 일시: 8/14(주일), 1:30pm 장소: 커버넌트 채플 주최: 이웃사랑팀 강사: 한인봉사센터 장정희 사회복지사 세미나 내용: 사회복지에 관련된 연방/주정부 프로그램 (은퇴연금, 장애인 연금, Medicare/Medicaid 신청, 처방약 보험, 기타 Medical Assistance, 어린이 건강 보험, 재산세 감면, 냉난방 지원, 임대료 보조 프로그램 등)",주보 (2011-07-24)
2011-08-27,2011,8,특별행사,"제16회 장애인을 위한 사랑의 잔치(Handicap Ministry): 일시: 8/27(토), 5pm 장소: 다목적대강당 프로그램: 게임, 만찬 문의: 유기장 집사(301-928-2790) 많은 참여와 기도 부탁드립니다.",주보 (2011-08-07)
2011-09-01,2011,9,특별행사,"메시야 음악회를 위한 준비 기도모임(Prayer Meeting): 일시: 9/1(목), 7:30pm 장소: 찬양대 연습실 대상: 1,2,3부 찬양대 임원 및 찬양대원 연습: 9/15(목)부터 문의: 이영재 집사(301-983-3950), 안세창 집사(301-802-4686), 이갑종 장로(301-906-4965), 구자신 집사(301-977-0431)",주보 (2011-08-21)
2011-09-11,2011,9,특별행사,"소망회(Senior Ministry) 추석잔치: 일시: 오늘, 11am-12:30pm 장소: 소망회실",주보 (2011-09-11)
2011-09-17,2011,9,특별행사,"감사(Appreciation): 지난 9/17(토)에 있었던 메시야 음악회 기금 모금 골프대회에서 4,500불이 모금되었습니다. 참석해 주시고 기도해 주신 성도님들께 감사드립니다.",주보 (2011-09-25)
2011-09-18,2011,9,회의/의회,"정기제직회/임시사무총회(Deacon's Meeting): 일시: 9/18(주일), 1:45pm 장소: 커버넌트 채플",주보 (2011-08-28)
2011-09-25,2011,9,성례,"침례식(Baptism): 일시: 9/25(주일), 4부예배 시 침례받기를 원하시는 분은 각 지역목사에게 신청바람. 문의: 이지인 목사(301-448-0355)",주보 (2011-08-28)
2011-09-25,2011,9,부흥회/집회,노완우 목사 초청 건강집회(Health Seminar): '몸 사랑 하나님 사랑’일시:,주보 (2011-09-25)
2011-10-02,2011,10,부흥회/집회,노완우 목사 초청 건강집회(Health Seminar): '몸 사랑 하나님 사랑’일시:,주보 (2011-10-02)
2011-10-09,2011,10,부흥회/집회,노완우 목사 초청 건강집회(Health Seminar): '몸 사랑 하나님 사랑’일시:,주보 (2011-10-09)
2011-10-09,2011,10,훈련/수련회,북미주 유학생 수련회(KOSTA) 사역을 위하여,주보 (2011-10-09)
2011-10-16,2011,10,부흥회/집회,노완우 목사 초청 건강집회(Health Seminar): '몸 사랑 하나님 사랑’일시:,주보 (2011-10-16)
2011-10-23,2011,10,부흥회/집회,": 1~5부설교: ‘용서와 사랑’ (마태복음 5:43~48) 노완우 목사 약력: 창원 기쁨의교회 담임목사, 국내외 많은 교회의 집회 경력",주보 (2011-09-25)
2011-10-23,2011,10,세미나,"선교사역팀(Mission): Go Mission 세미나: 일시: 10/23(주일), 1:45pm 장소: 커버넌트 채플 강사: 박현오 목사 부부 내용: 세계선교 현황 보고와 IMB 선교전략에 따른 선교사 허입과정 소개 및 선교적 부르심에 따른 소명의식과 간증 미용바자: 격주로 미용바자에 헌신하실 분을 찾습니다. 문의: 한명우 집사(443-618-2893)",주보 (2011-10-16)
2011-10-24,2011,10,기타행사,청년부 특별새벽기도(Young Adult Ministry): 청년부 2012년 리더쉽을 위한 특별새벽기도: 주제: ‘하나님이 찾으시는 리더쉽’ 일시: 10/24(월)~10/28(금),주보 (2011-10-23)
2011-10-25,2011,10,창립,천국입성(Deceased): 권 미찌오 성도님(권유진/분순 집사 모친)께서 지난 10/25(화) 하나님의 부르심을 받음.,주보 (2011-11-06)
2011-10-31,2011,10,기타행사,"감사절 특별새벽기도회(Early Morning Prayer): 일시: 10/31(월)~11/19(토), 5:30am 강사: 김만풍 목사",주보 (2011-10-23)
2011-10-31,2011,10,특별새벽기도,감사절 특별새벽기도회 (10/31~11/19),GMC_JooBo_2011 주보
2011-11-05,2011,11,특별행사,"워싱턴 밀알선교단(Milal Mission): 20주년 기념/이사장 취임: 일시: 11/5(토), 6pm 장소: 워싱턴 지구촌교회 프로그램: 김만풍 목사 이사장 취임식, 밀알의 밤(CCS 초청 음악회), 만찬",주보 (2011-10-16)
2011-11-06,2011,11,창립,"창립 37주년 기념예배/목사 안수식/선교사 파송식/은퇴식(37th Anniversary Service): 일시: 11/6(주일), 4pm 목사안수: 최진석 전도사 선교사 파송: 박현오 목사 은퇴: 김경언 집사, 강현옥 집사, 신상철 집사, 최영섭 집사",주보 (2011-10-23)
2011-11-06,2011,11,특별예배,창립 37주년 기념예배. ①목사안수식: 최진석 전도사 → 목사 안수. ②선교사 파송: 강한성/우슬초 선교사. ③집사 은퇴식: 김경언·강현옥·신상철·최영섭 집사,GMC_JooBo_2011 주보
2011-11-13,2011,11,선교,"선교사역팀(Mission): 선교사를 위한 기도모임: 일시: 11/13(주일) 12:40pm~1:30pm 장소: 선교사무실(303호) MET2012 페루 단기선교: 사역지: 페루 리마 일시: 1/16(월)~ 1/28(토), 2012 사역내용: 의료(내과, 외과, 치과, 약사, 간호원), 전도(장년, 어린이) 미용(남자, 여자) 첫모임: 11/20(주일), 12pm, 110호실(아랫층 시설관리실) 문의: 윤여권 장로(301-983-0867, 301-779-3107) 신상철 집사(301-774-2499, 240- 401-4964) 선교의 열정을 가지신 분은 누구나 참여할 수 있으며 전도폭발 이수하신 분들 환영합니다. (항공료/숙식/사역비는 본인 부담) 선교지 선물보내기: 이번 크리스마스 에는 지구촌 가족들이 각 곳에서 사역하시는 선교사님들께 크리스마스 선물을 보낼 예정 입니다. 기간: 11/6(주일)~11/27(주일) 수집장소: 다목적대강당 마을별로 선물을 접수 받습니다. 문의: 한명우 집사(443-618-2893)",주보 (2011-10-30)
2011-11-13,2011,11,성례,"제직 추천자 수락서 제출: 지구촌 교회의 제직 대상자는 ①구원의 확신이 있는 분으로서 침례나 세례를 받은 분 ②지구촌교회 제자훈련 필수반(새교우반, 셀가족반)을 다 이수하신 분 ③우리 교회에 등록하고 1년 이상 경과된 분 (70세 이상인 분은 교회 헌장에 의해서 명예은퇴집사로 섬기게 됨) 제직 추천서를 받으시면 제직 헌신 서약서를 11월13일 주일까지 교회 사무실로 제출해 주시기 바랍니다. 문의: 임도균 목사(240-780-1515)",주보 (2011-10-30)
2011-11-20,2011,11,특별행사,"GMCYO(지구촌 청소년 오케스트라): 정기음악회(Concert): 일시: 11/20(주일), 6pm 장소: 지구촌 교회 본당 문의: 노승희(301-395-4741) www.gmcyo.org",주보 (2011-11-06)
2011-11-20,2011,11,세미나,학부모님들을 위한 교육세미나: 몽고메리 카운티 교육청에 계신 이은정 선생님을 모시고 학부모님을 위한 유익한 학교 정보: ① 몽고메리 카운티 시스템과 교육과정,주보 (2011-11-20)
2011-11-26,2011,11,회의/의회,"사무총회록 팀별 사역보고/계획서(Annual Meeting Team Report/Planning): 각 사역팀에서는 2011년~2012년도 사역보고서/계획서를 임도균 목사(240-780-1515, dlimglobal@gmail.com)께 제출해 주시기 바람. 마감일: 11/26(토)",주보 (2011-10-30)
2011-11-26,2011,11,특별행사,"찬양대(Choir): 메시야 음악회 연습: 연습: 11/26(토), 7pm 장소: 본당 연합찬양대원의 많은 참석을 바람.",주보 (2011-11-20)
2011-11-27,2011,11,성례,"제직 추천자 수락서 제출: 지구촌 교회의 제직 대상자는 ①구원의 확신이 있는 분으로서 침례나 세례를 받은 분 ②지구촌교회 제자훈련 필수반(새교우반, 셀가족반)을 다 이수하신 분 ③우리 교회에 등록하고 1년 이상 경과된 분 (70세 이상인 분은 교회 헌장에 의해서 명예은퇴집사로 섬기게 됨) 제직 추천서를 받으시면 제직 헌신 서약서를 11월27일 주일까지 교회 사무실로 제출해 주시기 바랍니다. 문의: 임도균 목사(240-780-1515)",주보 (2011-11-06)
2011-11-27,2011,11,회의/의회,"사무총회록 팀별 사역보고/계획서(Annual Team Report/Planning): 각 사역팀에서는 2011년~2012년도 사역보고서/계획서를 임도균 목사(240-780-1515, dlimglobal@gmail.com)께 제출해 주시기 바람. 마감일: 11/27(오늘)",주보 (2011-11-27)
2011-11-27,2011,11,세미나,학부모님들을 위한 교육세미나: 몽고메리 카운티 교육청에 계신 이은정 선생님을 모시고 학부모님을 위한 유익한 학교 정보: ① 몽고메리 카운티 시스템과 교육과정,주보 (2011-11-27)
2011-11-30,2011,11,목회자 사임,사임: 박현오 목사님이 11월30일 자로 사임,주보 (2011-11-06)
2011-11-30,2011,11,목회자,박현오 목사 사임 및 선교사로 파송 (한어사역 담당 → 선교사),GMC_JooBo_2011 주보
2011-12-01,2011,12,특별행사,"찬양대(Choir): 메시야 음악회 연습: 연습: 12/1(목), 12/3(토), 7:30pm 장소: 성가대연습실 연합찬양대원의 많은 참석을 바람.",주보 (2011-11-27)
2011-12-04,2011,12,기타행사,모든 성도들의 간절한 기도 속에 건축싸이트 플랜이 잘 진행되도록,주보 (2011-12-04)
2011-12-04,2011,12,세미나,학부모님들을 위한 교육세미나: 몽고메리 카운티 교육청에 계신 이은정 선생님을 모시고 학부모님을 위한 유익한 학교 정보: ① 몽고메리 카운티 시스템과 교육과정,주보 (2011-12-04)
2011-12-05,2011,12,특별행사,"찬양대(Choir): 메시야 음악회 연습: 연습: ① 12/5(월), 6:30pm 강당에서 식사 후 7:30pm부터 연습 ② 12/8(목), 6:30pm 강당에서 식사 후 7:30pm부터 연습 12/10(토)에는 연습 없음.",주보 (2011-12-04)
2011-12-11,2011,12,회의/의회,"연말 제직회(Deacon Meeting): 일시: 12/11(주일), 1:30pm 장소: 커버넌트 채플",주보 (2011-11-27)
2011-12-11,2011,12,기타행사,모든 성도들의 간절한 기도 속에 건축싸이트 플랜이 잘 진행되도록,주보 (2011-12-11)
2011-12-12,2011,12,특별행사,"찬양대(Choir): 메시야 음악회 연습: 연습: ①12/12(월), 6:30pm 강당에서 식사 후 7:30pm부터 연습 ②12/15(목), 6:30pm 강당에서 식사 후 7:30pm부터 전체 리허설",주보 (2011-12-11)
2011-12-18,2011,12,성례,"년 비전과 감사의 밤/제직훈련(2011 Vision/Thanksgiving/Deacon's Orientation Night): 일시: 12/18(주일), 1:45pm~6pm (저녁식사 포함) 강사: 김제이 목사(버지니아 제일침례교회 담임) 장소: 다목적 대강당 참석대상: 2011년 교회 봉사자 모든 분들, 2012년 제직 헌신자",주보 (2011-11-27)
2011-12-18,2011,12,기타행사,모든 성도들의 간절한 기도 속에 건축싸이트 플랜이 잘 진행되도록,주보 (2011-12-18)
2011-12-25,2011,12,성례,"침례식(Baptism): 일시: 12/25(주일), 성탄예배시 침례받기를 원하시는 분은 각 지역목사에게 신청바람. 문의: 이지인 목사(301-448-0355)",주보 (2011-11-27)
2011-12-25,2011,12,성례,"성탄예배(Christmas Service) 12월25일, 주일: 침례식: 침례받기를 원하시는 분은 지역목사에게 신청바람. 문의: 이지인 목사(301-448-0355) 라티문 성탄헌금: 세계선교에 100% 사용되는 선교헌금이며 크리스마스 헌금과 함께 드림.",주보 (2011-12-04)
2011-12-25,2011,12,기타행사,모든 성도들의 간절한 기도 속에 건축싸이트 플랜이 잘 진행되도록,주보 (2011-12-25)
2011-12-25,2011,12,특별예배,성탄예배 및 침례식 (이원규·라티문),GMC_JooBo_2011 주보
2012-01-01,2012,1,기타행사,모든 성도들의 간절한 기도 속에 건축싸이트 플랜이 잘 진행되도록,주보 (2012-01-01)
2012-01-01,2012,1,비전,"2012년 교회 표어 ""큰 교회 작은 교회 함께 가는 교회""",2012 주보
2012-01-02,2012,1,기타행사,"신년특별새벽기도회(Early Morning Prayer Meeting): 일시: 1/2(월)~1/7(토), 5:30am 주제: 부르짖어 응답을 체험합시다! 인도: 김만풍 목사 1/2(월): ‘가정의 행복을 위해 기도합시다!’ (시 127:1~5) 1/3(화): ‘일터의 즐거움을 위해 기도합시다!’ (시 128:1~6) 1/4(수): ‘교회의 부흥을 위해 기도합시다!’ (행 2:37~47) 1/5(목): ‘나라의 평안을 위해 기도합시다!’ (딤전 2:1~4) 1/6(금): ‘자손들의 번영을 위해 기도합시다!’ (신 6:1~9) 1/7(토): ‘각자의 소원을 위해 기도합시다!’ (빌 2:13)",주보 (2012-01-01)
2012-01-02,2012,1,특별새벽기도,신년 특별새벽기도회 (1/2~7),GMC_JooBo_2012 주보
2012-01-05,2012,1,훈련/수련회,"청년부 연합겨울수련회(Winter Retreat): 일시: 1/5(목)~1/8(주일), 2012 장소: Skycroft 수양관 강사: Marc Choi 목사(뉴욕 IN2 교회) 문의: 장희철(301-326-6146), 방유경(443-939-8684)",주보 (2011-12-25)
2012-01-05,2012,1,목회자 부임,전임부목사 부임: 김우준 목사님이 1월5일(목) 본교회 장년사역 전임부목사로 부임함.,주보 (2012-01-08)
2012-01-08,2012,1,기타행사,모든 성도들의 간절한 기도 속에 건축싸이트 플랜이 잘 진행되도록,주보 (2012-01-08)
2012-01-15,2012,1,기타행사,모든 성도들의 간절한 기도 속에 건축싸이트 플랜이 잘 진행되도록,주보 (2012-01-15)
2012-01-16,2012,1,선교,"MET2012 페루 단기선교(Peru Mission): 사역지: 페루 리마 일시: 1/16(월)~ 1/28(토), 2012 사역내용: 의료(내과, 외과, 치과, 약사, 간호원), 전도(장년, 어린이) 미용(남자, 여자) 문의: 윤여권 장로(301-983-0867, 301-779-3107) 신상철 집사(301-774-2499, 240-401-4964) 선교의 열정을 가지신 분은 누구나 참여할 수 있으며 전도폭발 이수하신 분들 환영합니다. (항공료/숙식/사역비는 본인 부담)",주보 (2011-12-04)
2012-01-16,2012,1,선교,"선교사역팀(Mission) MET2012: 페루 단기선교: 일시: 1/16(월)~1/28(토) 사역지: 페루 리마 사역내용: 의료, 치과, 미용, 어린이사역, 전도사역 선교팀: 윤여권 신상철 손인자 강형천 강혜경 이정희 배은혜 배다혜 황 규 이동희 (10명) 에콰도르 단기선교: 일시: 1/23(월)~2/3(금) 사역지: 에콰도르 키토 사역내용: 안경, 전도, 치과, 사진, 집회 선교팀: 김만풍 홍정선 홍영예 노순애 장선영 이준영 (6명) 교우들의 중보기도 부탁드립니다.: ① 팀원들의 성령충만한 복음전도와 건강을 위해",주보 (2012-01-08)
2012-01-22,2012,1,회의/의회,"정기사무총회(Annual Congregational Meeting): 일시: 1/22(주일), 1:30pm 장소: 커버넌트 채플 2011년 결산보고/2012년 예산통과",주보 (2012-01-15)
2012-01-22,2012,1,성례,"침례식(Baptism): 오늘 4부예배 시 영어중고등부 침례식이 있습니다. 침례자: Samuel Lee, Celeste Chung, Sandy Lee, Tiffany Park (4명)",주보 (2012-01-22)
2012-01-22,2012,1,성례,이단대책 자료: 오늘 본당 앞 테이블에 이단대책 자료/침례교 신앙과 메시지가 준비되어 있습니다. 관심 있으신 교우는 1부씩 가지고 가시기 바랍니다. 내용: ① 내용 증명 질의서 ② 한기총은 ‘다락방+개혁’의 회원 자격을 박탈하라 ③ 한기총의 개혁과 회개를 촉구하는 전국 신학대학교 교수 성명서 ④ 한기총의 이단행보에 대한 세계한인기독언론협회의 입장 ⑤ 한기총 성명서에 대한 반박 성명서 ⑥ 최삼경 목사 편지 ⑦ 본인(최삼경)이 자칭 이단감별사라고 하였다는 말에 대하여-별지 참조 ⑧ 이단(옹호)언론에 대한 연구보고서,주보 (2012-01-22)
2012-01-22,2012,1,기타행사,모든 성도들의 간절한 기도 속에 건축싸이트 플랜이 잘 진행되도록,주보 (2012-01-22)
2012-01-22,2012,1,행정,정기사무총회,GMC_JooBo_2012 주보
2012-01-23,2012,1,선교,"선교사역팀(Mission) MET2012 에콰도르 단기선교: 일시: 1/23(월)~2/3(금) 사역지: 에콰도르 키토 및 정글지역 사역내용: 집회, 안경, 전도, 어린이사역, 치과, 사진 선교팀: 김만풍 홍정선 홍영예 노순애 이준영 장선영 (6명) 교우들의 중보기도 부탁드립니다.: ① 팀원들의 성령충만한 복음전도와 건강을 위해 ② 현지 동역자들과의 아름다운 사역을 위해 ③ 의료물품/안경들이 잘 통과되고 열매 맺는 사역을 위해 시니어 선교 세미나: 일시: 2/20(월)~2/22(수) 장소: 국제훈련원(International Learning Center, IMB) 등록비: 150불(숙식 포함) 프로그램: 다양한 선교현장, 사역 소개/시니어는 누구인가?/ILC tour/Senior IMB를 통한 시니어 선교기회/IMB 총재 만남/IMB 예배 참석 등록 마감: 1/31(화) 문의: 김우준 목사(817-793-1219, davidkim202@hotmail.com)",주보 (2012-01-22)
2012-01-27,2012,1,기타행사,"가족 스케이트 나이트(Family Ice Skating Night): 일시: 1/27(금), 8pm~10pm 장소: Rockville Ice Arena (50 Southlawn Ct. Rockville, MD) 대상: 전교인 스케이트 빌리는 값: $8.25 문의: 최진석 목사(240-477-9678)",주보 (2012-01-22)
2012-01-29,2012,1,기타행사,모든 성도들의 간절한 기도 속에 건축싸이트 플랜이 잘 진행되도록,주보 (2012-01-29)
2012-02-05,2012,2,기타행사,모든 성도들의 간절한 기도 속에 건축싸이트 플랜이 잘 진행되도록,주보 (2012-02-05)
2012-02-12,2012,2,선교,"지구촌 청소년 오케스트라(GMCYO): 학부모회의(PTA): 일시/장소: 2/12(주일), 7:45am, 아가페 채플 회의내용: 유스오케스트라 MET2012(여름단기선교) 선교일정: 6/16(금)~ 6/23(토) 선교지: 아르헨티나 사역: 한인연합청소년집회, 아르헨티나 현지인교회, 고아원, 학교/국영 TV연주 등 문의: 옥소연 집사(301-728-4568), 노승희 집사(301-395-4741)",주보 (2012-02-05)
2012-02-12,2012,2,목회자 부임,사임: 이지인 목사께서 2월12일(오늘) 부로 본교회를 사임하시고 한국에 있는 춘천침례교회 담임목사로 부임하심.,주보 (2012-02-12)
2012-02-12,2012,2,기타행사,모든 성도들의 간절한 기도 속에 건축싸이트 플랜이 잘 진행되도록,주보 (2012-02-12)
2012-02-16,2012,2,특별행사,"연합찬양대(임마누엘/영광/시온) 모임(Choir): 지난해 하나님의 은혜 중에 마친 메시야음악회의 감사와 돌아오는 4월6일 수난절음악회 준비를 위한 모임 일시: 2/16(목), 6:30pm 장소: 소망회실 대상: 1,2,3부 찬양대원 문의: 안세창 집사(301-802- 4686), 이권형 장로(301-661-5174), 구자신 집사(240-246-6935), 이영재 집사(301-806-4197) 저녁식사가 준비됨",주보 (2012-02-05)
2012-02-18,2012,2,특별행사,"상록회(SangRok Senior): 총회/대보름잔치: 일시: 2/18(토), 11am 장소: 다목적대강당 프로그램: 독창, 중창, 라인댄스, 워십댄스, 한국무용, 상록대학 키타팀, 트럼펫 상록회원, 소망회원, 모든 어르신들을 초대합니다.",주보 (2012-02-12)
2012-02-19,2012,2,기타행사,모든 성도들의 간절한 기도 속에 건축싸이트 플랜이 잘 진행되도록,주보 (2012-02-19)
2012-02-20,2012,2,세미나,"시니어 선교세미나(Senior Mission): 일시: 2/20(월)~2/22(수) 장소: 국제훈련원(International Learning Center, IMB) 등록비: 150불(숙식 포함), 등록비 150불 중 1인당 50불은 교회에서 지원함. 프로그램: 다양한 선교현장, 사역 소개/시니어는 누구인가?/ILC tour/Senior IMB를 통한 시니어 선교기회/IMB 총재 만남/IMB 예배 참석 등록 마감: 1/30(월) 문의: 김우준 목사(817- 793- 1219, davidkim202@hotmail.com) 모든 프로그램은 한국말로 진행되며 미국 강사인 경우 통역이 제공됩니다.",주보 (2012-01-29)
2012-02-26,2012,2,기타행사,모든 성도들의 간절한 기도 속에 건축싸이트 플랜이 잘 진행되도록,주보 (2012-02-26)
2012-03-04,2012,3,기타행사,모든 성도들의 간절한 기도 속에 건축싸이트 플랜이 잘 진행되도록,주보 (2012-03-04)
2012-03-04,2012,3,기타행사,"선거 참여 안내(Election): 우리 한인교포들과 우리 2세들의 권익을 위해서 여러분, 한분 한분의 선거 참여는 무척 중요합니다. 총선거(General Election)와 특별히 곧 있을 예비선거(Primary Election)에 많이 참여하시길 부탁드립니다. 문의: 박충기 집사(240-994- 4719)/이웃사랑팀",주보 (2012-03-04)
2012-03-08,2012,3,선교,"봄학기 평신도 성서대학/제자훈련(Spring Global Layman Bible College/Discipleship) 등록: 강의 일시: 3/8(목)~5/27(주일) 오늘, 복도에서 등록받습니다. 제자훈련/성서대학 봄학기 강의일정 (3/8 목 - 5/27 주일) 평신도 성서대학 주중 강의 3/10, 토, 10am 부모가 달라져야 아이가 달라진다 김만풍 목사 정원:40명 326호 3/9, 금, 7pm 쉽게 보는 성경 임도균 목사 마감 142호 주일 강의 3/11, 8am 목회상담학 김만풍 목사 정원:50명 142호 3/11, 11:30am 부모가 달라져야 아이가 달라진다 김만풍 목사 정원:50명 142호 3/11, 9:30am 말씀이 이끄는 영적 영향력 임도균 목사 마감 142호 3/11, 11:30am 선교폭발과 MET단기선교 김우준 목사 정원:40명 104호 필수반 주일 오늘, 10am 셀가족반 신상철 집사 326호 3/11, 11:30am 새교우반 김용오 집사 셀사무실 기본 프로그램 주중 강의 3/8, 목, 7pm 영어로 전하는 복음 최인돈 전도사 정원:10명 326호 3/10, 토, 9am 영어로 배우는 성경-요한복음 최인돈 전도사 정원:20명 104호 3/10, 토, 11am 스페니쉬로 전하는 복음-기초 김우준 목사 정원:30명 104호 주일 강의 3/11, 10am 영어로 듣는 성경-성경통독(신약) 홍명순 집사 셀사무실 3/11, 10am 부모/교사가 협동하는 성경적 자녀양육 김만배 집사/ 특별강사 정원:20명 115호 3/11, 11:30am 함께 듣는 성경-성경통독(모세오경) 김정화 집사 326호 여성 제자학교 주중강의 3/8, 목, 9:30am 말씀훈련,기도,나눔,특강-성경적 가정/자녀양육/교육세미나/특별활동 김만풍/임도균 목사 /특별강사 정원:20명 231호 장년 성경공부 주일 강의 8:05am 누가복음 이한일 집사 146호 8:15am 누가복음 이태설/권오빈 집사 104호 8:15am 누가복음 김권헌 권사 150호 8:45am 누가복음-영어 Ron Krams 316C 10am 누가복음 이자선/성명진 집사 104호 11:30am 누가복음 안철환/이준영 집사 303호 12:30pm 누가복음-신설 주혜선 집사 142호 ➼등록은 오늘, 복도에서 받습니다. (강의실은 차후에 변경이 있을 수 있음.)",주보 (2012-02-26)
2012-03-08,2012,3,목회자 부임,"봄학기 평신도 성서대학/제자훈련(Spring Global Layman Bible College/Discipleship) 등록: 강의 일시: 3/8(목)~5/27(주일) 오늘, 복도에서 등록받습니다. 제자훈련/성서대학 봄학기 강의일정 (3/8 목 - 5/27 주일) 평신도 성서대학 주중 강의 3/10, 토, 10am 부모가 달라져야 아이가 달라진다 김만풍 목사 정원:40명 326호 3/9, 금, 7pm 쉽게 보는 성경 임도균 목사 마감 142호 주일 강의 3/11, 8am 목회상담학 김만풍 목사 정원:50명 142호 3/11, 11:30am 부모가 달라져야 아이가 달라진다 김만풍 목사 마감 142호 3/11, 9:30am 말씀이 이끄는 영적 영향력 임도균 목사 마감 142호 3/11, 11:30am 선교폭발과 MET단기선교 김우준 목사 정원:40명 104호 필수반 주일 오늘, 10am 셀가족반 신상철 집사 326호 3/11, 11:30am 새교우반 김용오 집사 셀사무실 기본 프로그램 주중 강의 3/8, 목, 7pm 영어로 전하는 복음 최인돈 전도사 정원:10명 326호 3/10, 토, 9am 영어로 배우는 성경-요한복음 최인돈 전도사 정원:20명 104호 3/10, 토, 11am 스페니쉬로 전하는 복음-기초 김우준 목사 정원:30명 104호 주일 강의 3/11, 10am 영어로 듣는 성경-성경통독(신약) 홍명순 집사 셀사무실 3/11, 11:30am 함께 듣는 성경-성경통독(모세오경) 김정화 집사 326호 여성 제자학교 주중강의 3/8, 목, 9:30am 말씀훈련,기도,나눔,특강-성경적 가정/자녀양육/교육세미나/특별활동 김만풍/임도균 목사 /특별강사 마감 231호 장년 성경공부 주일 강의 8:05am 누가복음 이한일 집사 146호 8:15am 누가복음 이태설/권오빈 집사 104호 8:15am 누가복음 김권헌 권사 150호 8:45am 누가복음-영어 Ron Krams 316C 10am 누가복음 이자선/성명진 집사 104호 11:30am 누가복음 안철환/이준영 집사 303호 12:30pm 누가복음-신설 주혜선 집사 142호 ➼제자훈련팀 교사모임: 3/11(오늘), 1:30pm, 새교우영접실 ➼등록은 오늘, 복도에서 받습니다. (강의실은 차후에 변경이 있을 수 있음.) 2012년",주보 (2012-03-11)
2012-03-11,2012,3,기타행사,모든 성도들의 간절한 기도 속에 건축싸이트 플랜이 잘 진행되도록,주보 (2012-03-11)
2012-03-18,2012,3,회의/의회,"정기제직회(Deacon's Meeting): 일시: 3/18(주일), 1:45pm 장소: 커버넌트 채플",주보 (2012-03-04)
2012-03-18,2012,3,기타행사,모든 성도들의 간절한 기도 속에 건축싸이트 플랜이 잘 진행되도록,주보 (2012-03-18)
2012-03-25,2012,3,기타행사,모든 성도들의 간절한 기도 속에 건축싸이트 플랜이 잘 진행되도록,주보 (2012-03-25)
2012-03-31,2012,3,선교,"골프대회(Golf Tournament): 주최: 선교팀/교육팀 목적: 청소년 단기선교 (MET2012) 후원 일시: 3/31(토), 8am 장소: Westwinds Golf Course (New Market) 참가비: 100불 (아침/점심식사 포함) 등록: 2/26(오늘), 다목적대강당 문의: 김만배 집사(443-454-3647), 김봉준 집사(301-442-6735)",주보 (2012-02-26)
2012-04-01,2012,4,선교,"선교사역팀(Mission): MET2012 여름단기선교 추가등록 받습니다.: 오늘, 다목적대강당에서. 다민족 찬양축제: 일시: 4/1(주일), 5pm~7pm 장소: 지구촌교회 본당 축제 후 다목적대강당 에서 식사가 있음.",주보 (2012-03-18)
2012-04-01,2012,4,기타행사,모든 성도들의 간절한 기도 속에 건축싸이트 플랜이 잘 진행되도록,주보 (2012-04-01)
2012-04-01,2012,4,특별행사,고난주간 말씀사경회와 금요음악회에 성령의 은혜 충만하도록,주보 (2012-04-01)
2012-04-02,2012,4,기타행사,"수난절 특별새벽기도회(Lent Special Early Morning Prayer): 일시: 4/2(월)~4/7(토), 5:30am 말씀: 김만풍 목사",주보 (2012-03-18)
2012-04-02,2012,4,목회자 부임,"'말씀으로 세워지는 하나님 나라' 사경회(Rally): 일시: 4/2(월)~4/7(토), 7:30pm 강사: 김만풍 목사 주제: 모세오경 등록일시: 3/18(오늘) 4/6(금, Good Friday)에는 사경회가 없습니다. 2012년",주보 (2012-03-18)
2012-04-06,2012,4,특별행사,"연합찬양대 수난절 음악회(Easter Concert): 일시: 4/6(금), 8pm 장소: 지구촌교회 본당 음악회 연습: 연습: 4/3(화), 4/5(목), 7:30pm, 본당에서.",주보 (2012-04-01)
2012-04-08,2012,4,성례,침례식(Baptism): 일시: 4/8(주일) 침례받기를 원하시는 분은 지역목회자에게 신청 바람. 문의: 임도균 목사(240-780-1515),주보 (2012-03-11)
2012-04-08,2012,4,기타행사,모든 성도들의 간절한 기도 속에 건축싸이트 플랜이 잘 진행되도록,주보 (2012-04-08)
2012-04-08,2012,4,특별행사,지구촌 바자-“우리잔치 동네잔치!”를 통해 주님의 사랑이 전파되도록,주보 (2012-04-08)
2012-04-08,2012,4,특별예배,부활주일 특별예배,GMC_JooBo_2012 주보
2012-04-15,2012,4,기타행사,모든 성도들의 간절한 기도 속에 건축싸이트 플랜이 잘 진행되도록,주보 (2012-04-15)
2012-04-21,2012,4,기타행사,"봄맞이 대청소(Spring Cleaning Day): “교회를 내 몸과 같이 깨끗이 청소하길 원합니다.” 일시: 4/21(토), 8am~1pm 대상: 전교인(셀, 비셀, EC, 한어/영어 중고등부) 간단한 아침식사와 점심이 제공됨. 문의: 김학재 집사(240-994-8716), 김길태 집사(240-383- 8464)",주보 (2012-04-01)
2012-04-22,2012,4,기타행사,모든 성도들의 간절한 기도 속에 건축싸이트 플랜이 잘 진행되도록,주보 (2012-04-22)
2012-04-28,2012,4,특별행사,"년 지구촌 마당잔치 바자(Bazaar): 주제: “우리잔치, 동네잔치” 일시: 4/28(토), 8am~3pm 물품수집: 의류, 장난감, 전자제품, 가구, 운동기구, 잡화 식당사역에서 김치 병을 수집하고 있음. 문의: 이호 집사(240-417-8901), 손일섭 집사(301-910-9575), 최한규 집사(301-653-8019), 남연우 잔치장(443-280-0120) 2012년",주보 (2012-03-25)
2012-04-29,2012,4,특별행사,"감사(Appreciation): 2012년 지구촌바자 ""우리잔치, 동네잔치""에 수고하시고 참여하신 성도님 들께 감사합니다. 오늘 강당에서 바자 음식, 김치와 잡곡 판매합니다.",주보 (2012-04-29)
2012-04-29,2012,4,기타행사,모든 성도들의 간절한 기도 속에 건축싸이트 플랜이 잘 진행되도록,주보 (2012-04-29)
2012-05-06,2012,5,기타행사,모든 성도들의 간절한 기도 속에 건축싸이트 플랜이 잘 진행되도록,주보 (2012-05-06)
2012-05-20,2012,5,회의/의회,"정기제직회(Deacon's Meeting): 일시: 5/20(주일), 1:45pm 장소: 커버넌트 채플",주보 (2012-05-06)
2012-05-20,2012,5,목회자 부임,"정기제직회(Deacon's Meeting): 일시: 5/20(오늘), 1:45pm 장소: 커버넌트 채플 2012년",주보 (2012-05-20)
2012-05-20,2012,5,기타행사,모든 성도들의 간절한 기도 속에 건축싸이트 플랜이 잘 진행되도록,주보 (2012-05-20)
2012-05-27,2012,5,기타행사,모든 성도들의 간절한 기도 속에 건축싸이트 플랜이 잘 진행 되도록,주보 (2012-05-27)
2012-06-03,2012,6,훈련/수련회,북미주 유학생 수련회(KOSTA) 사역을 위하여,주보 (2012-06-03)
2012-06-03,2012,6,기타행사,모든 성도들의 간절한 기도 속에 건축싸이트 플랜이 잘 진행 되도록,주보 (2012-06-03)
2012-06-03,2012,6,목회,김만풍 담임목사 안식년 복귀 (Sabbatical 종료),GMC_JooBo_2012 주보
2012-06-10,2012,6,특별행사,"새교우 피크닉(Picnic): 일시/장소: 6/10(주일), 1pm, 교회동산",주보 (2012-06-03)
2012-06-10,2012,6,기타행사,모든 성도들의 간절한 기도 속에 건축싸이트 플랜이 잘 진행 되도록,주보 (2012-06-10)
2012-06-15,2012,6,부흥회/집회,"지구촌 청소년 오케스트라(GMCYO): 선교일정(MET2012): 선교기간: 6/15(금)~ 6/23(토) 선교지: 아르헨티나 사역: 한인연합청소년집회, 아르헨티나 현지인교회, 고아원, 학교/국영 TV연주 등 문의: 옥소연 집사(301-728-4568), 노승희 집사(301-395-4741)",주보 (2012-02-26)
2012-06-16,2012,6,부흥회/집회,"지구촌 청소년 오케스트라(GMCYO): 선교일정(MET2012): 선교기간: 6/16(금)~ 6/23(토) 선교지: 아르헨티나 사역: 한인연합청소년집회, 아르헨티나 현지인교회, 고아원, 학교/국영 TV연주 등 문의: 옥소연 집사(301-728-4568), 노승희 집사(301-395-4741)",주보 (2012-02-19)
2012-06-17,2012,6,기타행사,모든 성도들의 간절한 기도 속에 건축싸이트 플랜이 잘 진행 되도록,주보 (2012-06-17)
2012-06-17,2012,6,선교,MET2012 단기선교팀 파송,GMC_JooBo_2012 주보
2012-06-22,2012,6,훈련/수련회,"스데반사역(Stephen Ministry): 제7기 훈련/연장교육: 한인주총회 참석하셔야 하는 분들이 많은 관계로 취소됐습니다. 수련회: 일시/장소: 6/22(금)~6/23(토), 4H Club 수양관 (7100 Connecticut Ave. Chevy Chase, MD 20815 헌신예배: 일시: 6/24(주일), 1,2,3부 예배 시 문의: 강지영 집사(571-232-5462), 김우준 목사(817-793-1219)",주보 (2012-06-17)
2012-06-24,2012,6,기타행사,모든 성도들의 간절한 기도 속에 건축싸이트 플랜이 잘 진행 되도록,주보 (2012-06-24)
2012-06-30,2012,6,선교,"영어회중 여름단기선교 기금 모음(Higher Connection Church Roller-Skating Fundraiser): 일시: 6/30(토), 4:30pm~6:30pm 장소: 9890 Brewers Ct. Laurel, MD 비용: 1인당 15불(2시간 Roller-Skating 포함) ➪모든 이익금은 영어회중 여름단기선교 사역에 쓰여집니다.",주보 (2012-06-24)
2012-07-01,2012,7,기타행사,모든 성도들의 간절한 기도 속에 건축싸이트 플랜이 잘 진행 되도록,주보 (2012-07-01)
2012-07-07,2012,7,선교,"영어회중 여름단기선교 기금 모음(Higher Connection Church Roller-Skating Fundraiser): 일시: 7/7(토), 4:30pm~6:30pm 장소: Laurel 롤러스케이트장 (9890 Brewers Ct. Laurel, MD) 비용: 1인당 15불(2시간 Roller-Skating 포함) ➪모든 이익금은 영어회중 여름단기선교 사역에 쓰여집니다.",주보 (2012-07-01)
2012-07-08,2012,7,기타행사,모든 성도들의 간절한 기도 속에 건축싸이트 플랜이 잘 진행 되도록,주보 (2012-07-08)
2012-07-15,2012,7,회의/의회,"정기제직회(Deacon's Meeting): 일시: 7/15(주일), 1:45pm 장소: 커버넌트 채플",주보 (2012-07-01)
2012-07-15,2012,7,기타행사,모든 성도들의 간절한 기도 속에 건축싸이트 플랜이 잘 진행 되도록,주보 (2012-07-15)
2012-07-18,2012,7,기타행사,건축소식(Vision Center): 지난 1년여 동안 관련 기관과 여러 차례 협의를 거쳐 Frederick County의 요구 사항과 Maryland 환경법에 의거하여 Site Plan을 수정 완료하여 7월18일 최종 수정안을 Frederick County에 접수하였습니다. 그리고 조만간 이에 따른 공청회가 있을 예정 입니다. 어려운 경제상황에서도 기도와 물질로 헌신해 주신 교우님들께 감사드리며 계속적인 기도와 관심을 부탁드립니다. -건축위원장 김성환,주보 (2012-07-22)
2012-07-22,2012,7,훈련/수련회,"미주 밀알선교단 후원(Fund Raising): 밀알선교단 동부지역 여름캠프 후원금 마련을 위해 오늘, 다목적대강당에서 김을 판매합니다. 가격: 20불",주보 (2012-07-22)
2012-07-22,2012,7,훈련/수련회,건축소식(Vision Center): 지난 1년여 동안 관련 기관과 여러 차례 협의를 거쳐 Frederick County의 요구 사항과 Maryland 환경법에 의거하여 Site Plan을 수정 완료하여 7월18일 최종 수정안을 Frederick County에 접수하였습니다. 그리고 조만간 이에 따른 공청회가 있을 예정 입니다. 어려운 경제상황에서도 기도와 물질로 헌신해 주신 교우님들께 감사드리며 계속적인 기도와 관심을 부탁드립니다. -건축위원장 김성환 2012년,주보 (2012-07-29)
2012-07-22,2012,7,세미나,이재서 목사 (세계밀알연합 총재) 특강,GMC_JooBo_2012 주보
2012-07-29,2012,7,선교,"주의만찬(Communion Service): 일시: 7/29(1,2,3,4,5부예배 시) MET2012 단기선교 팀 일 시 사 역 지/기도제목 청소년 오케스트라(33명)-다녀왔음 6/15(금)~6/23(토) 아르헨티나/팀 안전,선교도전,복음전도 영어회중(8명)-다녀왔음 6/25(월)~7/4(수) 서아시아/안전,복음전도,성령충만 영어 고등부(32명)-다녀왔음 6/24(주일)~6/29(금) Butler, PA/국내전도/팀 안전,변화,믿음도전,복음전도 청년부(7명)-다녀왔음 7/14(토)~7/21(토) 플로리다 국내전도(박병만 목사 시무) VBS/ 안전,성령충만,지역교회 연합 영어 중등부(25명)-다녀왔음 7/16(월)~7/21(토) Neptune, NJ/국내전도/팀 안전,변화,믿음도전,복음전도 영어회중(8명) 7/16(월)~7/25(수) 볼리비아/안전,복음전도,성령충만 영어회중(7명) 7/30(월)~8/7(화) 인디아/안전,복음전도, 청년부(8명) 8/11(토)~8/22(수) 멕시코/건강,안전,복음전도 침례교 교역자 세미나 인도: 김만풍 목사 9/3(월)~9/14(금) 구소련 키리키즈스탄(김신환/인옥 선교사)/ 안전/건강/성령충만/변화",주보 (2012-07-22)
2012-08-06,2012,8,창립,"담임목사 동정(Senior Pastor): 세계 밀알연합 사랑의캠프, 시애틀 지구촌교회(김성수 목사 담임) 창립 10주년 기념주일 등을 위한 출장- 8/6(월)~8/23(목)",주보 (2012-08-05)
2012-08-26,2012,8,기타행사,건축소식(Vision Center): 최근 제출한 Site Plan(수정안)에 대해 Frederick County Staff 와의 기술적 검토를 위한 모임 결과 긍정적 평가를 받았으며 오는 10월이나 11월 중에 Planning Commission의 공청회가 있을 예정입니다. 공청회를 위하여 지속적인 기도를 부탁드립니다. 건축위원장 김성환,주보 (2012-08-26)
2012-08-26,2012,8,목회자 부임,"사임/부임(Resigned/Appointed): 4부예배 찬양인도자 최재종 목사 사임, 9월 첫째주 부터 서용길 전도사 부임.",주보 (2012-08-26)
2012-08-26,2012,8,기타행사,건축 Site Plan 관련 공청회에 하나님의 도우심의 손길이 함께 하시도록,주보 (2012-08-26)
2012-08-26,2012,8,건축,비전센터(Vision Center) 건축 진전 - Frederick County Staff 기술검토 긍정적 결과,GMC_JooBo_2012 주보
2012-09-02,2012,9,기타행사,건축소식(Vision Center): 최근 제출한 Site Plan(수정안)에 대해 Frederick County Staff 와의 기술적 검토를 위한 모임 결과 긍정적 평가를 받았으며 오는 10월이나 11월 중에 Planning Commission의 공청회가 있을 예정입니다. 공청회를 위하여 지속적인 기도를 부탁드립니다. 건축위원장 김성환,주보 (2012-09-02)
2012-09-02,2012,9,기타행사,건축 Site Plan 관련 공청회에 하나님의 도우심의 손길이 함께 하시도록,주보 (2012-09-02)
2012-09-03,2012,9,선교,담임목사 동정(Senior Pastor): 단기선교: 9/3(월)~9/14(금),주보 (2012-09-02)
2012-09-05,2012,9,부흥회/집회,"제18차 JAMA 중보기도 컨퍼런스(Intercessory Prayer Conference): 주제: ‘주여 이 땅을 고쳐주소서!’ 일시: 9/5(수), 4pm~9/8(토), 12pm 장소: 열린문 장로교회(Herndon, VA) 등록비/일시: 100불(교재, 식사비 포함), 8/20(월) 까지 등록 등록문의: JAMA 사무실 (323-933-4055), www.jamaprayer.com ➪금요일, 7:30pm에는 2세들을 위한 집회가 따로 있습니다.",주보 (2012-08-12)
2012-09-09,2012,9,선교,"가을학기 평신도 성서대학/제자훈련(Fall Global Layman Bible College/Discipleship) 등록: 강의 일시: 9/9(주일)~11/25(주일) 오늘, 복도에서 등록받습니다. 성서대학/제자훈련 가을학기 강의일정 (9/9,주일 ~ 11/25,주일) 평신도 성서대학 주중 강의 9/15(토), 10am 쉽게 듣는 한국교회사 이야기 김만풍 목사 정원:40명 326호 9/14(금), 7pm 말씀이 이끄는 영적 영향력 임도균 목사 정원:50명 142호 주일 강의 9/9, 8am 부모가 달라져야 아이가 달라진다 김만풍 목사 정원:50명 142호 9/9, 11:30am 쉽게 듣는 한국교회사 이야기 김만풍 목사 정원:50명 142호 9/9, 11:30am 쉽게 보는 성경 임도균 목사 정원:40명 104호 9/9, 9:30am 선교폭발과 MET단기선교 김우준 목사 정원:50명 142호 필수반 주일 9/9, 10am 셀가족반 이태호 집사 셀사무실 9/9, 11:30am 새교우반 김용오 집사 326호 기본 프로그램 주중 강의 9/13(목), 7pm 영어로 전하는 복음 최인돈 전도사 정원:10명 326호 9/15(토), 9am 영어로 배우는 성경-에베소서 최인돈 전도사 정원:40명 104호 9/15(토), 11am 스페니쉬로 전하는 복음 김우준 목사 정원:40명 104호 주일 강의 9/9, 10am 영어로 듣는 성경-성경통독(구약) 김정화 집사 정원:40명 326호 9/9, 10am 재미있는 성경공부-기초부터 차근차근 강동인 집사 정원:15명 115호 여성 제자학교 주중강의 9/13(목), 10am 말씀훈련,기도,나눔,특강- 성경적 자아상 찾기 김만풍/임도균 목사 정원:20명 231호 장년 성경공부 주일 강의 8:05am 베드로전후, 유다서 이한일 집사 146호 8:15am 베드로전후, 유다서 이태설/권오빈 집사 104호 8:15am 베드로전후, 유다서 김권헌 권사 150호 8:45am 베드로전후, 유다서-영어 Ron Krams 316C 10am 베드로전후, 유다서 이자선/성명진 집사 104호 11:15am 베드로전후, 유다서 안철환/이준영 집사 115호 12:45pm 베드로전후, 유다서 주혜선 집사 104호 ➼등록은 오늘, 복도에서 받습니다. (강의실은 차후에 변경이 있을 수 있음.) ➼가을학기 제자훈련팀 교사 오리엔테이션: 9/16(주일), 1:30pm, 새교우영접실 2012년",주보 (2012-08-26)
2012-09-16,2012,9,회의/의회,"정기제직회/임시사무총회(Deacon's Meeting): 일시: 9/16(오늘), 1:45pm 장소: 커버넌트 채플",주보 (2012-09-16)
2012-09-16,2012,9,성례,"볼티모어 네팔인 교회를 위한 의료선교: (Medical Block Party) 일시: 9/16(오늘), 12pm~4pm, 교회 출발 11:15am 장소: 네팔 침례교회(5210 York Rd. Baltimore MD 21212 봉사자: 미용사, 간호사, 의사, 전도팀 문의: 이준영 집사(301-871-3361)",주보 (2012-09-16)
2012-09-16,2012,9,기타행사,건축 Site Plan 관련 공청회에 하나님의 도우심의 손길이 함께 하시도록,주보 (2012-09-16)
2012-09-23,2012,9,세미나,"이웃사랑팀: 사회복지 세미나: 일시: 9/23(주일), 1:30pm 장소: 커버넌트 채플 강사: 워싱턴 한인복지센타 장정희 사회복지사 내용: 저소득층 복지 혜택, 은퇴준비 및 은퇴자 연금, 건강 보험, 기타 복지 관련 사항 문의: 이동호 집사(240-899-7331)",주보 (2012-09-16)
2012-09-23,2012,9,기타행사,건축 Site Plan 관련 공청회에 하나님의 도우심의 손길이 함께 하시도록,주보 (2012-09-23)
2012-09-28,2012,9,특별행사,"제17회 사랑의 잔치(성극 관람): 장애우 40명, 자원봉사자 15명 선착순: 일시: 9/28(금), 11am~9pm 장소: 랭캐스터 밀레니움 극장 문의: 홍재철 집사(240-475-9386)",주보 (2012-09-16)
2012-09-30,2012,9,기타행사,건축 Site Plan 관련 공청회에 하나님의 도우심의 손길이 함께 하시도록,주보 (2012-09-30)
2012-10-07,2012,10,기타행사,건축 Site Plan 관련 공청회에 하나님의 도우심의 손길이 함께 하시도록,주보 (2012-10-07)
2012-10-12,2012,10,선교,년 세계기독실업인협회 선교대회 단기선교 참가자 모집: 기간: 10/12(금)~ 10/19(금) 장소: 한국 문의: 이희민 집사(301-762-7211),주보 (2012-09-02)
2012-10-21,2012,10,세미나,"건축소식(Vision Center): 제출한 Site Plan (수정안)에 대해 Planning Commission의 공청회가 아래와 같이 11월14일(수), 오전 9시경에 있을 예정입니다. 당일 오전 8시20분에 교회에서 밴이 출발할 예정이오니 참석을 원하신 분들께서는 교회 사무실에 미리 연락해 주시면 감사하겠습니다. (공청회 장소: Winchester Hall, 12E. Church St. Frederick MD 21701) - 건축위원장 김성환 2012년",주보 (2012-10-14)
2012-10-21,2012,10,목회자 부임,"건축소식(Vision Center): 제출한 Site Plan (수정안)에 대해 Planning Commission의 공청회가 11월14일(수), 오전 9시경에 있을 예정입니다. 당일 오전 8시20분에 교회에서 밴이 출발할 예정 이오니 참석을 원하신 분들께서는 교회 사무실에 미리 연락해 주시면 감사하겠습니다. (공청회 장소: Winchester Hall, 12E. Church St. Frederick MD 21701) - 건축위원장 김성환 2012년",주보 (2012-10-21)
2012-10-28,2012,10,목회자 부임,"건축소식(Vision Center): ①제출한 Site Plan (수정안)에 대해 Planning Commission의 공청회가 11월14일(수), 오전 9시경에 있을 예정입니다. 당일 오전 8시20분에 교회에서 밴이 출발할 예정이오니 참석을 원하신 분들께서는 교회 사무실에 미리 연락해 주시면 감사하겠습니다. (공청회 장소: Winchester Hall, 12E. Church St. Frederick MD 21701) ②비전센터 1차 조경 사업의 일환으로 11월3일(토), 오전 9시30분 부터 약 6에이커의 부지에 은행나무, 밤나무, 매실 나무 등의 유실수를 심을 예정이오니 참여를 부탁드립니다. 참석을 원하시는 교우께서는 10월31일 (수)까지 연락해 주시면 감사하겠습니다. 연락처: 부제니 집사(240-997-5033) ➪조경 관련 구체적인 내용은 셀사무실 앞 게시판을 참조해 주시기 바랍니다. - 건축위원장 김성환 2012년",주보 (2012-10-28)
2012-10-28,2012,10,세미나,건강한 신앙세미나(정이철 목사) CD/강의노트 나왔습니다.(CD/Handout): 장소: 책방 문의: 장유선 집사(301-767-5837),주보 (2012-10-28)
2012-10-29,2012,10,기타행사,"감사절 특별새벽기도회: 일시: 10/29(월)~11/17(토), 5:30am 강사: 김만풍 목사",주보 (2012-10-14)
2012-10-29,2012,10,특별새벽기도,감사절 특별새벽기도회 (10/29~11/17),GMC_JooBo_2012 주보
2012-11-04,2012,11,창립,"창립 38주년 기념예배/목사 안수/집사 안수/안수집사 은퇴(38th Anniversary Service): 일시: 11/4(오늘), 4pm 목사안수: 김만배 집사 집사안수: 김봉준 집사, 황태호 집사 은퇴: 홍사현 집사, 정근영 집사",주보 (2012-11-04)
2012-11-04,2012,11,성례,"허리케인 샌디 구제헌금(Hurricane Sandy): 일시: 11/4(오늘), 11/11(주일) 주관: NAMB (남침례교 국내선교부/이웃사랑팀)",주보 (2012-11-04)
2012-11-04,2012,11,세미나,건강한 신앙세미나(정이철 목사) CD/강의노트 나왔습니다.(CD/Handout): 장소: 책방 문의: 장유선 집사(301-767-5837),주보 (2012-11-04)
2012-11-04,2012,11,특별예배,창립 38주년 기념예배. ①목사안수식: 김만배 집사 → 목사 안수. ②집사안수식. ③안수집사 은퇴식,GMC_JooBo_2012 주보
2012-11-11,2012,11,성례,"제직 추천자 수락서 제출: 지구촌 교회의 제직 대상자는 ①구원의 확신이 있는 분으로서 침례나 세례를 받은 분 ②지구촌교회 제자훈련 필수반(새교우반, 셀가족반)을 다 이수하신 분 ③우리 교회에 등록하고 1년 이상 경과된 분 (70세 이상인 분은 교회 헌장에 의해서 명예은퇴집사로 섬기게 됨) 제직 추천서를 받으시면 제직 헌신서약서를 11/11(주일) 까지 교회 사무실로 제출해 주시기 바랍니다. 문의: 김우준 목사(817-793-1219)",주보 (2012-10-28)
2012-11-11,2012,11,성례,허리케인 샌디 구제헌금(Hurricane Sandy): 일시: 11/11(오늘) 주관: NAMB(남침례교 국내선교부/이웃사랑팀),주보 (2012-11-11)
2012-11-14,2012,11,기타행사,월14일 있을 건축 Site Plan 관련 공청회에 하나님의 도우심의 손길이 함께 하시도록,주보 (2012-10-14)
2012-11-14,2012,11,기타행사,"건축소식(Vision Center): 제출한 Site Plan (수정안)에 대해 Planning Commission의 공청회가 11월14일(수), 오전 9시경에 있을 예정입니다. 당일 오전 8시20분에 교회에서 밴이 출발할 예정이오니 참석을 원하신 분들께서는 교회 사무실에 미리 연락해 주시면 감사하겠습니다. (공청회 장소: Winchester Hall, 12E. Church St. Frederick MD 21701) - 건축위원장 김성환",주보 (2012-11-04)
2012-11-14,2012,11,목회자 부임,"건축소식(Vision Center): 11/14(수) 있었던 건축Site Plan(수정안) 관련 공청회 결과, 건물면적 118, 530 sq.ft.는 수정안대로 하고 384 parking lot을 280 parking lot으로 조정하는 것과 emergency access road를 확보하는 것을 조건부로 하는 승인이 났습니다. 이 결정은 30일 안에 더 이상의 반대 항소가 없을 경우 최종 확정됩니다. 자세한 것은 셀사무실 앞의 게시판에 있는 Frederick County Planning Commission의 공청회 내용을 참조하시기 바랍니다. -건축 위원회 일동- 2012년",주보 (2012-11-25)
2012-11-17,2012,11,기타행사,"가을 대청소(Autumn Cleaning Day): “교회를 내 몸과 같이 깨끗이 청소하길 원합니다.” 일시: 11/17(토), 8am~1pm 대상: 전교인(셀, 비셀, EC, 한어/영어 중고등부) 간단한 아침식사와 점심이 제공됨. 문의: 김학재 집사(240-994-8716), 김길태 집사(240-383- 8464) 2012년",주보 (2012-11-11)
2012-11-18,2012,11,특별행사,"지구촌 청소년 오케스트라 정기음악회(GMCYO Fall Concert): 일시: 11/18(주일), 6pm 장소: 지구촌교회 본당 문의: 김정란(301-661-6523)",주보 (2012-11-11)
2012-11-18,2012,11,기타행사,건축 Site Plan 승인을 허락하신 주님께 감사와 영광을.,주보 (2012-11-18)
2012-11-24,2012,11,회의/의회,"사무총회록 팀별 사역보고/계획서(Annual Meeting Team Report/Planning): 각 사역팀에서는 2012년~2013년도 사역보고서/계획서를 김우준 목사(817-793-1219, davidkim202@hotmail.com)께 제출해 주시기 바람. 마감일: 11/24(토)",주보 (2012-10-28)
2012-11-25,2012,11,성례,"허리케인 샌디 구제헌금 결과 보고: $10,082이 NAMB(남침례교단 국내선교부)를 통하여 구호금으로 전달될 예정입니다.",주보 (2012-11-25)
2012-11-25,2012,11,기타행사,건축 Site Plan 승인을 허락하신 주님께 감사와 영광을,주보 (2012-11-25)
2012-12-08,2012,12,특별행사,"성탄음악회(Christmas Concert): 일시/장소: 12/8(토), 7:30pm, 본당 ➪지구촌교회 GMCYO, Bell Choir 그리고 연합찬양대원 150여명이 오랫동안 준비해온 음악회에 많은 성도님들이 참석하여 성탄을 축하해 주시기 바랍니다. Baby Sitting이 준비되고, 6pm 부터 강당에서 간단한 저녁식사가 준비됩니다. 성탄음악회 연습: ① 12/1(토), 6pm, 강당 에서 식사 후 리허설 ② 12/6(목), 6pm, 강당에서 식사 후 최종 리허설 연합찬양대원의 많은 참석을 바람. 문의: 이영재 집사(301-806-4197, yjleedds@yahoo.com), 구자신 집사 (240-246-6935), 안세창 집사 (301-802-4686), 이권형 장로(301-661-5174)",주보 (2012-11-25)
2012-12-09,2012,12,회의/의회,"연말 제직회(Deacons' Meeting): 일시: 12/9(주일), 1:30pm 장소: 커버넌트 채플",주보 (2012-12-02)
2012-12-15,2012,12,목회자 부임,"성탄예배(Christmas Service), 12월25일(화), 10am: 침례식: 침례받기를 원하시는 분은 지역목회자에게 신청바랍니다. 문의: 임도균 목사(240-780-1515) 라티문 성탄헌금: 세계선교에 100% 사용되는 선교헌금이며 크리스마스 헌금과 함께 드립니다. 친교모임: 셀별로 케잌 1개씩 식당으로 가져와서(예배시간 전) 성탄예배 직후 다목적대강당에서 친교모임을 함. 2012년",주보 (2012-12-09)
2012-12-25,2012,12,성례,침례식(Baptism): 일시: 12/25(화) 침례받기를 원하시는 분은 지역목사에게 신청바람. 문의: 임도균 목사(240-780-1515),주보 (2012-11-25)
2012-12-25,2012,12,성례,"성탄예배(Christmas Service), 12월25일(화), 10am: 침례식: 침례받기를 원하시는 분은 지역목사에게 신청바랍니다. 문의: 임도균 목사(240-780-1515) 라티문 성탄헌금: 세계선교에 100% 사용되는 선교헌금이며 크리스마스 헌금과 함께 드립니다. 친교모임: 셀별로 케잌 1개씩 식당으로 가져와서(예배시간 전) 성탄예배 직후 다목적대강당에서 친교모임을 함.",주보 (2012-12-02)
2013-01-01,2013,1,비전,"2013년 교회 표어 ""영혼을 건지는 지구촌가족""",2013 주보
2013-01-01,2013,1,훈련,집중전도훈련 실시 (1차 285명·2차 317명 참여),0519 주보 2013.pdf
2013-01-10,2013,1,훈련/수련회,"청년부 연합수련회(Young Adult Group Winter Retreat): 일시: 1/10(목)~1/13(주일) 장소: Skycroft 수양관 강사: 이상규 목사(시카고 베들레헴 교회 담임) 문의: 권혁구 (240-848-0369), 임광 목사(323-788-4138)",주보 (2013-01-06)
2013-01-20,2013,1,회의/의회,"정기사무총회(Annual Congregational Meeting): 일시: 1/20(주일), 1:30pm 장소: 커버넌트 채플 2012년 결산보고/2013년 예산통과",주보 (2013-01-06)
2013-01-20,2013,1,선교,"MET2014 페루 단기선교(Peru Mission): 사역지: 페루 리마 일시: 1/20(월)~ 2/1(토), 2014 사역내용: 의료(내과, 외과, 치과, 약사, 간호원), 전도(장년, 어린이), 컴퓨터, 사진, 안경, 음악, 미용(남자, 여자) 문의: 윤여권 장로(301-325-2216, 301-779-3107), 신상철 집사(301-774-2499, 240-401-4964) 첫모임: 11/10(주일), 12pm, 아래층 110호 (시설관리실) 선교의 열정을 가지신 분은 누구나 참여할 수 있습니다. (항공료/숙식/사역비는 본인 부담)",주보 (2013-10-27)
2013-01-21,2013,1,선교,"MET2013 페루 단기선교(Peru Mission): 사역지: 페루 리마 일시: 1/21(월)~ 2/2(토), 2013 사역내용: 의료(내과, 외과, 치과, 약사, 간호원), 전도(장년, 어린이), 컴퓨터, 사진, 음악, 미용(남자, 여자) 팀원: 노순애 배다혜 배은혜 석균범 석상진 손인자 송명자 윤여권 이정희 이창원 정건호 정득현 정미란 정성순 황규",주보 (2013-01-20)
2013-01-25,2013,1,부흥회/집회,"집중전도훈련 진행상황(Intensive Evangelism Training): '나는 지금 어디로 가고 있나?’ ➀ 강사: 김만풍 목사 ➁ 훈련이수자(교역자 4명, 전도폭발 본부직원 4명) ➂ 현재 훈련 진행중(실행위원 15명, 교회직원 4명) 2013년",주보 (2013-01-20)
2013-02-02,2013,2,특별행사,"상록회(SangRok Senior) 정기총회/구정잔치: 일시: 2/2(토), 10:30am 장소: 다목적 대강당 프로그램: 워십댄스, 고전무용, 라인댄스, 장년 밴드부 연주, 독창, 여성중창 상록회원, 소망회원, 모든 어르신들을 초대합니다.",주보 (2013-01-20)
2013-02-02,2013,2,기타행사,"선교사역팀 동정(Mission): 선교사역팀에서 2/2(토)~2/3(오늘)까지 김우준 목사, 이태호 집사, 예덕천 집사가 RTP 지구촌 교회(NC)를 방문하여 건축헌금 전달과 교제를 위해 현재 방문 중에 있습니다.",주보 (2013-02-03)
2013-02-03,2013,2,훈련/수련회,북미주 유학생 수련회(KOSTA) 사역을 위하여,주보 (2013-02-03)
2013-02-10,2013,2,특별행사,"소망회 구정잔치(Seniors Party): 일시: 2/10(주일), 11am 장소: 소망회실",주보 (2013-01-27)
2013-02-28,2013,2,기타행사,월28일에 있을 건축 Site Plan 관련 재심 공청회에 하나님의 도우심의 손길이 함께 하시도록,주보 (2013-02-17)
2013-03-03,2013,3,기타행사,건축 Site Plan의 반대 항소 공청회를 인도해 주신 하나님께 감사와 영광을,주보 (2013-03-03)
2013-03-09,2013,3,세미나,"세금보고 관련 세미나/일대일 상담(Tax Report Seminar): 주최: 이웃사랑팀, 워싱턴 한인복지센터(이사장 헤롤드 변) 세미나 일시/장소: 3/9(토), 1pm~2:30pm, 아가페채플 일대일 상담 일시/장소: 3/9(토), 2:30pm~5pm, 지정된 교실(사전 예약자에 한함) 강사: 길종언 회계사, 김운수 회계사 외 다수 세미나 내용: ① 해외자산 신고 관련 Update ② Visa 유형별 해외자산 보고 안내 및 세법상 거주자 룰에 대한 설명 ③ 장기 세금체납자 구제 방안 (Offer in Compromise) 설명 ④ 종업원 세금보고를 안했거나 잘못 분류해서 했을 경우, 커다란 벌금 없이 정정할 수 있는 Voluntary Classification Settlement Program 소개 예약 및 문의: 워싱턴 한인복지센터(703-354-6345) 일대일 상담은 예약 필수임.",주보 (2013-02-24)
2013-03-10,2013,3,선교,"봄학기 평신도 성서대학/제자훈련(Spring Global Layman Bible College/Discipleship) 등록: 강의 일시: 3/10(주일)~5/26(주일) 셀가족반은 3/3(오늘), 10am, 셀사무실에서 시작 합니다. 교사: 신상철 집사 봄학기 신청은 오늘, 복도에서 등록받습니다. 제자훈련/성서대학 봄학기 강의일정 (3/10 주일 - 5/26 주일) 평 신 도 성서대학 주중 3/16, 토, 10am 쉽게 전하는 복음 김만풍 목사 정원:40명 326호 주일 3/10, 8am 쉽게 듣는 한국 교회사 이야기 김만풍 목사 정원:50명 142호 3/10, 9:30am 예수님의 전도전략 김우준 목사 정원:50명 142호 3/10, 11:30am 쉽게 전하는 복음 김만풍 목사 정원:50명 142호 3/10, 11:30am 말씀이 이끄는 영적 영향력 임도균 목사 정원:40명 104호 필 수 반 주일 오늘, 10am 셀 가 족 반 신상철 집사 정원:12명 셀사무실 3/10, 11:30am 새 교 우 반 김용오 집사 정원:12명 셀사무실 기 본 프로그램 주중 강의 3/15, 금, 7pm 기도의 삶-중보기도 훈련/실습 최인돈 전도사 정원:40명 104호 3/16, 토, 11am 스페니쉬로 전하는 복음-기초 김우준 목사 정원:40명 104호 주일 강의 3/10, 10am 영어로 듣는 성경-성경통독(구약) 김정화 집사 정원:20명 115호 3/10, 10am 재미 있는 성경공부(시작반) 강동인 집사 정원:40명 326호 3/10, 10am 한절 한절 뜯어보는 히브리서 권순욱 집사 정원:20명 313A호 3/10, 11:30am 예수가 선택한 십자가 계영희 전도사 정원:40명 326호 지 구 촌 제자학교 주중강의 3/14, 목, 10am 여 성 제 자 학 교 김만풍/임도균 목사 정원:25명 231호 3/14, 목, 7pm 남 성 제 자 학 교 김만풍/임도균 목사 정원:12명 231호 장 년 성경공부 주일 강의 8:05am 디모데전후서, 디도서 이한일 집사 146호 8:15am 디모데전후서, 디도서 이태설/권오빈 집사 104호 8:15am 디모데전후서, 디도서 김권헌 권사 150호 8:45am 디모데전후서, 디도서-영어 Ron Krams 316C 10am 디모데전후서, 디도서 이자선/성명진 집사 104호 11:30am 디모데전후서, 디도서 안철환/이준영 집사 303호 12:30pm 디모데전후서, 디도서 주혜선 집사 142호 ➼제자훈련팀 교사/봉사자 모임: 3/24(주일), 1:30pm, 소망회실 ➼등록은 오늘, 복도에서 받습니다. (강의실은 차후에 변경이 있을 수 있음.) MET2013 단기선교 【전체모임/사역안내: 3/10(주일), 1:30pm, 다목적대강당 대상: 2013년 단기선교 헌신자】 팀 일 시 사 역 지/기도제목 태국(칭마이) 6/9(주일)~16(주일) (조상현 선교사) 교도소 전도, 영어 에콰도르 6/21(금)~28(금) (고등부/교사/부모) 주일학교, Community Service, 영어 Crestview, FL 1 6/23(주일)~28(금) (박병만 목사-참사랑 지구촌교회) 주일학교, 컴퓨터 Neptune, NJ 7/6(토)~13(토) (중등부/교사/부모) World Changers, 집수리, 전도 멕시코 7/22(월)~29(월) (추기성 선교사) 주일학교, 전도, 미용, 의료 Butler, PA 7월 (중고등부/교사/부모) 주일학교, 전도 Crestview, FL 2 7월 (박병만 목사-참사랑 지구촌교회) 전도 키르키즈스탄 7월 (김신환 선교사) 영어, 컴퓨터, 의료 한국(포천) 8월 (김인동 선교사) 주일학교, 전도, 영어 니카라과 9월 (한인침례해외선교부) 전도, 미용, 안경, 의료 필리핀 9월 (홍은선 선교사) 주일학교, 전도(종이접기 전도) Cary, NC 9월 (이철 목사-RTP 지구촌교회) 주일학교, 전도, 건축돕기",주보 (2013-03-03)
2013-03-10,2013,3,기타행사,건축 Site Plan의 반대 항소 공청회를 인도해 주신 하나님께 감사와 영광을,주보 (2013-03-10)
2013-03-17,2013,3,회의/의회,"정기제직회(Deacon's Meeting): 일시: 3/17(주일), 1:45pm 장소: 커버넌트 채플",주보 (2013-03-03)
2013-03-24,2013,3,특별행사,고난주간 특별새벽기도회/금요음악회/부활주일에 성령의 은혜 충만하도록,주보 (2013-03-24)
2013-03-25,2013,3,기타행사,"수난주간 특별새벽기도회(Early Morning Prayer): 일시: 3/25(월)~3/30(토), 5:30am 말씀: 김만풍 목사",주보 (2013-03-10)
2013-03-29,2013,3,특별행사,"연합찬양대 수난금요음악회(Easter Concert): 일시: 3/29(금), 8pm 장소: 지구촌교회 본당 ➪지구촌 연합찬양대와 오케스트라, 드라마팀이 부활절 뮤지컬(칸타페라 - ""Joy Comes in the Morning"" by David Danner- ‘기쁨의 아침’)을 준비했습니다. 주님의 사랑을 함께 나누는 자리에 모든 성도님들을 초대합니다. 음악회 연습: 연습: 화, 목요일(7:30pm), 찬양대 연습실 문의: 김준한 찬양부장(443-514-5207), 이권형 대장( 301- 661- 5174) ➪베이비씨팅이 준비되어 있습니다. ➪예수님 의상 중 여름용 샌달(갈색 또는 베이지, 싸이즈 10.5) 구합니다. 문의: 김순자 집사(240-393-8490)",주보 (2013-03-24)
2013-03-31,2013,3,성례,침례식(Baptism): 일시: 3/31(주일) 침례받기를 원하시는 분은 지역목회자에게 신청 바랍니다. 문의: 임도균 목사(240-780-1515),주보 (2013-02-24)
2013-04-20,2013,4,기타행사,"봄맞이 대청소(Spring Cleaning Day): “교회를 내 몸과 같이 깨끗이 청소하길 원합니다.” 일시: 4/20(토), 8am~1pm 대상: 전교인(셀, 비셀, EC, 한어/영어 중고등부) 간단한 아침식사와 점심이 제공됨. 문의: 김학재 집사(240-994-8716), 김길태 집사(240-383- 8464)",주보 (2013-03-31)
2013-04-27,2013,4,특별행사,"년 지구촌 마당잔치 바자(Bazaar): 주제: 영혼 구원과 복음 전도 “나누는 사랑, 자라는 믿음!” 일시: 4/27(토), 8am~3pm 물품 수집(담당: 이호 집사/240-417-8901, 손일섭 집사/301-910-9575): 의류, 장난감, 전자제품, 가구, 운동기구, 잡화 등 김치병 수집: 최한규 집사(301-653-8019) 안내/상담 부스 설치 문의: 이백규 잔치장(240-447-9909) 2013년",주보 (2013-03-17)
2013-05-09,2013,5,기타행사,"상록회(SangRok Senior) 한복축제: 일시: 5/9(목), 11am 장소: 다목적대강당 ➪어머니 날을 위한 제2차 상록회 한복축제, 상록회원들과 시니어 어르신 모두를 초청합니다. 떡과 음식, 다채로운 특별순서, 참가자들을 위한 푸짐한 상품이 준비되어 있습니다. 문의: 이신옥 회장(240-328-4867)",주보 (2013-05-05)
2013-05-12,2013,5,선교,"심방요청(Visitation): 자녀를 위한 심방이 필요하신 부모님은 최진석 목사(240-477 -9678), Eli Choi 전도사(301-728-2321)에게 연락바람. ▶학부모 회의(PTA): 일시: 5/12(주일), 1:15pm 장소: 커버넌트 채플 ▶MET2013 여름단기선교(Summer Mission): 등록을 받습니다. 등록정원: Butler: 30명, World Changers: 20명",주보 (2013-05-05)
2013-05-19,2013,5,회의/의회,"정기제직회(Deacon's Meeting): 일시: 5/19(오늘), 1:45pm 장소: 커버넌트 채플",주보 (2013-05-19)
2013-05-19,2013,5,선교,"MET2013 여름단기선교 후원금 마련 위한 봉사사역(Summer Mission): 일시: 봄/여름 기간, 금요일 오후, 토요일 봉사사역: 자녀교육 지도, 어린이 운동 가르치기, 아기/어린이 보기, 집청소, 페인팅, 잔디깎기/잡초제거/마당일, 차안팎 닦기/왁스 바르기, 이삿짐 나르기, 개 돌보기, 장 봐주기 문의: 최진석 목사(240-477-9678), 최대벽 전도사(301-728- 2321), Anne Kim(240-485-7760)",주보 (2013-05-19)
2013-05-19,2013,5,제직회,정기제직회,0519 주보 2013.pdf
2013-05-19,2013,5,특별행사,IMB(국제선교부) 총재 Dr. Clyde Meador 방문 설교,0519 주보 2013.pdf
2013-05-26,2013,5,선교,"심방요청(Visitation): 자녀를 위한 심방이 필요하신 부모님은 최진석 목사(240-477 -9678), Eli Choi 전도사(301-728-2321)에게 연락바람. ▶MET2013 여름단기선교(Summer Mission): 등록을 받습니다. 등록정원: Butler: 30명, World Changers: 20명 ▶MET2013 여름단기선교 후원금 마련 위한 봉사사역(Summer Mission): 일시: 봄/여름 기간, 금요일 오후, 토요일 봉사사역: 자녀교육 지도, 어린이 운동 가르치기, 아기/어린이 보기, 집청소, 페인팅, 잔디깎기/잡초제거/마당일, 차안팎 닦기/왁스 바르기, 이삿짐 나르기, 개 돌보기, 장 봐주기 문의: 최진석 목사(240-477-9678), 최대벽 전도사(301-728- 2321), Anne Kim(240-485-7760)",주보 (2013-05-26)
2013-05-31,2013,5,기타행사,"건축소식(Vision Center): Frederick County의 Planning & Development Review Department로 부터 2013년 5월31일자로 최종 승인된 Site Plan 허가증서(Site Plan Approval Letter)를 공식적으로 취득하였습니다. 이외에도 Frederick County로 부터 Forest Conservation Plan 허가(4월22일자), Montgomery County로 부터 다리공사를 위한 Sediment Control Permit (4월26일자)과 Floodplain District Permit Renewal(6월3일자)을 받았음을 보고드립니다. 이에 대한 각 사본들이 셀 사무실 맞은편 게시판에 있사오니 참조하시기 바랍니다. 교우 여러분들의 기도와 헌신에 감사드립니다. -건축위원회-",주보 (2013-06-23)
2013-06-02,2013,6,선교,"심방요청(Visitation): 자녀를 위한 심방이 필요하신 부모님은 최진석 목사(240-477 -9678), Eli Choi 전도사(301-728-2321)에게 연락바람. ▶MET2013 여름단기선교(Summer Mission): 등록을 받습니다. 등록정원: Butler: 30명, World Changers: 20명 ▶MET2013 여름단기선교 후원금 마련 위한 봉사사역(Summer Mission): 일시: 봄/여름 기간, 금요일 오후, 토요일 봉사사역: 자녀교육 지도, 어린이 운동 가르치기, 아기/어린이 보기, 집청소, 페인팅, 잔디깎기/잡초제거/마당일, 차안팎 닦기/왁스 바르기, 이삿짐 나르기, 개 돌보기, 장 봐주기 문의: 최진석 목사(240-477-9678), 최대벽 전도사(301-728- 2321), Anne Kim(240-485-7760)",주보 (2013-06-02)
2013-06-23,2013,6,선교,"심방요청(Visitation): 자녀를 위한 심방이 필요하신 부모님은 최진석 목사(240-477 -9678), Eli Choi 전도사(301-728-2321)에게 연락바람. ▶MET2013 여름단기선교 후원금 마련 위한 봉사사역(Summer Mission): 일시: 봄/여름 기간, 금요일 오후, 토요일 봉사사역: 자녀교육 지도, 어린이 운동 가르치기, 아기/어린이 보기, 집청소, 페인팅, 잔디깎기/잡초제거/마당일, 차안팎 닦기/왁스 바르기, 이삿짐 나르기, 개 돌보기, 장 봐주기 문의: 최진석 목사(240-477-9678), 최대벽 전도사(301-728- 2321), Anne Kim(240-485-7760)",주보 (2013-06-23)
2013-07-01,2013,7,선교,"코스타(KOSTA): 일시: 7/1(월)~7/5(금) 장소: 시카고 휘튼 칼리지 기도팀: 김정화, 박미셀, 이형숙, 김현화 ➪오늘, 3부예배 시간에 이 기도팀을 위한 파송기도가 있습니다.",주보 (2013-06-30)
2013-07-08,2013,7,훈련,여름캠프 (7/8~8/2),0519 주보 2013.pdf
2013-07-11,2013,7,성례,"선교사역팀(Mission): 한국 포천 중앙침례교회 청소년 민박후원가정 모집: 일시: 7/11 (목)~7/22(월) 대상: 남자 6명, 여자 10명 (인솔자: 어른 남,여 각 1명 포함) ➪교회에서 저녁에 데리고 가서 아침에 데리고 오는 숙박. 문의: 이태호 집사(301-230-2051) 한인 침례총회 후원 2013년 시니어 미션 컨퍼런스 참가자 모집: 일시: 9/27(금)~10/4(금) 장소: 코스타리카 San Jose(SJO) 경비: 1,300불 신청: 동부지역 정영길 목사 문의: 이태호 집사(301-230-2051)",주보 (2013-06-30)
2013-07-21,2013,7,회의/의회,"정기제직회(Deacon's Meeting): 일시: 7/21(주일), 1:45pm 장소: 커버넌트 채플",주보 (2013-07-14)
2013-07-24,2013,7,기타행사,건축소식(Vision Center): 7월24일(수)에 두번째 Access Road(Emergency)에 대한 민사소송 건으로 Court Hearing이 있었으며 양쪽에서 표명한 의견을 약 한달 동안 재검토 한 후 판결하기로 하였습니다. 계속해서 기도해주시면 감사하겠습니다 –건축위원회-,주보 (2013-07-28)
2013-07-28,2013,7,부흥회/집회,"탈북 농인 간증집회(Testimony): 주최: 워싱턴 농인교회 일시/장소: 7/28(오늘), 3pm, 커버넌트채플",주보 (2013-07-28)
2013-08-05,2013,8,교육,VBS (Vacation Bible School. 8/5~9),0519 주보 2013.pdf
2013-08-25,2013,8,기타행사,건축소식(Vision Center): 한달 전에 판결이 유보되었던 두번째 Access Road (Emergency 도로)에 관한 판결은 판사가 우리 교회 반대하는 측에 의견을 인정하여 두번째 Access Road (Emergency 도로) 허가신청이 기각되었습니다. 추후에 자세히 설명드리겠습니다. –건축위원회-,주보 (2013-08-25)
2013-09-01,2013,9,기타행사,건축소식(Vision Center): 한달 전에 판결이 유보되었던 두번째 Access Road (Emergency 도로)에 관한 판결은 판사가 우리 교회 반대하는 측에 의견을 인정하여 두번째 Access Road (Emergency 도로) 허가신청이 기각되었습니다. 추후에 자세히 설명드리겠습니다. –건축위원회-,주보 (2013-09-01)
2013-09-15,2013,9,회의/의회,"정기제직회/임시사무총회(Deacon's Meeting): 일시: 9/15(주일), 1:45pm 장소: 커버넌트 채플",주보 (2013-09-08)
2013-09-20,2013,9,선교,"담임목사 동정(Senior Pastor): MET2013 단기선교(니카라과/코스타리까, 9/20~10/4) 가셨습니다.",주보 (2013-09-22)
2013-09-26,2013,9,선교,"초청 주일: 20(주일), 각 예배 시 본당 각 셀별로 전도현황을 셀별 공개전도 보고서 양식에 따라 전도폭발 사무실 (조순애 간사: 301-648-3322)로 제출해 주시기 바랍니다. 2013년 청년집회 말씀/세미나 제목 일시 주제 강사 설교 (5부예배: 1:30pm) 세미나 (주일, 4pm) 오늘 제자 김요셉 목사 다시 배우는 제자도 -막 1:14~20 ‘복음서가 말하는 제자도’ MET2013 단기선교 (단기선교팀들의 안전과 열매 맺는 사역을 위해 기도해 주세요) 팀 일시 선교사/사역 완료: 페루, 태국, 에콰도르, Crestview, FL, Neptune, NJ, Butler, PA, 멕시코, 니카라과 키르키즈스탄 (진행중) 9/26(목)~10/10(목) (김신환 선교사) 영어, 컴퓨터, 의료 코스타리카 (진행중) 9/27(금)~10/4(금) (박준배 선교사) 시니어 선교 컨퍼런스 필리핀 11/4(월)~16(토) (홍은선 선교사) 주일학교, 전도(종이접기 전도)",주보 (2013-09-29)
2013-09-27,2013,9,성례,"선교사역팀(Mission): 한인 침례총회 후원 2013년 시니어 미션 컨퍼런스 참가자 모집: 일시: 9/27(금)~10/4(금) 장소: 코스타리카 San Jose(SJO) 경비: 1,300불 신청: 동부지역 정영길 목사 문의: 이태호 집사(301-230-2051)",주보 (2013-07-14)
2013-09-29,2013,9,훈련/수련회,북미주 유학생 수련회(KOSTA) 사역을 위하여,주보 (2013-09-29)
2013-10-06,2013,10,세미나,"사회복지/메디케어 세미나(Social Security & Medicare Seminars): 주최: 이웃사랑팀 일시: 10/6(주일), 1:30pm~3:30pm 장소: 커버넌트 채플 대상: 지구촌교인 & 지역사회 한인 누구나-65세 이상 뿐만 아니라 부모님을 모신 40,50대 자녀분들의 참석을 권장 문의: 이동호 집사(240-899-7331)",주보 (2013-09-22)
2013-10-27,2013,10,선교,"선교사역팀(Mission): 선교헌신주일: 10/27(주일), 1부예배~5부예배 시, 2014년 단기선교팀 파송지역 명단을 보시고 2주 동안 기도하면서 내년 단기선교에 헌신해 주시면 감사하겠습니다. 선교세미나: 일시: 10/27(주일), 5pm 장소: 새교우영접실 강사: 김요셉 목사(아시아 지역 선교 코디네이터) 문의: 이태호 집사(301-412-9869) 등록: 예덕천 집사(240-401-2394) 참석하실 분은 전화로 등록해 주세요. 중-장기선교에(2년 이상) 관심이 있으신 모든 분들을 위한 실질적인 정보와 가이드라인이 제공됩니다. 2014년 단기선교팀 파송지역 해외선교 선교지 기간 사역내용 페루 1/27~2/8 의료, 안경, 미용, 전도, 사진 니카라과 4월 의료, 안경, 미용, 전도, 사진, 태권도 태국 7~8월 영어, 교도소 사역, 상담, 전도 멕시코 8월 VBS, 안경, 미용, 전도, 사진 키르키즈스탄 9월 영어, 컴퓨터, 의료, 전도 필리핀 10월 VBS, 전도 도미니칸 공화국 10월 의료, 안경, 미용, 전도, 사진 국내선교 Butler, PA(중고등부) 6~7월 VBS, 전도(학부모/인솔교사) 워싱턴 D.C.(중고등부) 7/5~11월 World Changers 집수리, 전도(학부모/인솔교사) Crestview, FL 7~8월 VBS, 전도, 컴퓨터",주보 (2013-10-13)
2013-11-03,2013,11,창립,"창립 39주년 기념예배/집사 안수/안수집사 은퇴(39th GMC Anniversary Service): 일시: 11/3(주일), 4pm 집사안수: 김용해 집사, 이백규 집사 은퇴: 이동호 집사",주보 (2013-10-20)
2013-11-04,2013,11,기타행사,"감사절 특별새벽기도회: 일시: 11/4(월)~11/16(토), 5:30am 강사: 김만풍 목사",주보 (2013-10-20)
2013-11-10,2013,11,창립,"선교사역팀(Mission): 2014년 단기선교팀 전체 오리엔테이션: 일시: 11/10(주일), 4pm 장소: 다목적대강당 내년 단기선교에 헌신하신 모든 분들은 반드시 참석해 주세요. 단기선교 가이드라인이 제공되며 팀별 모임이 있습니다. 선교지 성탄선물 보내기: 지구촌교회 파송선교사 들께 성탄선물을 보내기 위한 헌금과 카드를 다음 주부터 2주간 강당에서 접수받습니다. 후원 셀 교회와 지구촌 가족들의 참여를 바랍니다. 문의: 예덕천 집사(240-401-2394) 단기선교 지원: 2014년 단기선교팀에 추가 지원하기 원하시는 분은 11월 말까지 교회사무실에서 헌신서를 작성하고 제출해 주세요. 2014년 단기선교팀 파송지역 해외선교 선교지 기간 사역내용 페루 1/20~2/1 의료, 안경, 미용, 전도, 사진 니카라과 4월 의료, 안경, 미용, 전도, 사진, 태권도 태국 7~8월 영어, 교도소 사역, 상담, 전도 멕시코 8월 VBS, 안경, 미용, 전도, 사진 키르키즈스탄 9월 영어, 컴퓨터, 의료, 전도 필리핀 10월 VBS, 전도 도미니칸 공화국 10월 의료, 안경, 미용, 전도, 사진 국내선교 Butler, PA(중고등부) 6~7월 VBS, 전도(학부모/인솔교사) 워싱턴 D.C.(중고등부) 7/5~11월 World Changers 집수리, 전도(학부모/인솔교사) Crestview, FL 7~8월 VBS, 전도, 컴퓨터",주보 (2013-11-03)
2013-11-14,2013,11,기타행사,건축소식(Vision Center): 11월 14일에 있었던 건축 관련 공청회에서 승인이 난 건축 Site Plan에 대해 반대 항소가 Frederick County Board of Appeals에 접수되어 이에 대한 재심 공청회가 있을 예정입니다. 함께 기도해 주시면 감사하겠습니다. -건축 위원회 일동-,주보 (2013-01-06)
2013-11-16,2013,11,회의/의회,"사무총회록 팀별 사역보고/계획서(Annual Meeting Team Report/Planning): 각 사역팀에서는 2013년~2014년도 사역보고서/계획서를 임광 목사(323-788-4138, xtnlim@hotmail.com)께 제출해 주시기 바람. 마감일: 11/16(토)",주보 (2013-11-03)
2013-11-16,2013,11,기타행사,"가을 대청소(Autumn Cleaning Day): “교회를 내 몸과 같이 깨끗이 청소하길 원합니다.” 일시: 11/16(토), 8am~1pm 대상: 전교인(셀, 비셀, EC, 한어/영어 중고등부) 간단한 아침식사와 점심이 제공됨. 문의: 김학재 집사(240-994-8716), 김길태 집사(240-383-8464)",주보 (2013-11-03)
2013-11-17,2013,11,성례,"제직 추천자 수락서 제출: 지구촌 교회의 제직 대상자는 ①구원의 확신이 있는 분으로서 침례나 세례를 받은 분 ②지구촌교회 제자훈련 필수반(새교우반, 셀가족반)을 다 이수하신 분 ③우리 교회에 등록하고 1년 이상 경과된 분 (70세 이상인 분은 교회 헌장에 의해서 명예은퇴집사로 섬기게 됨) 제직 추천서를 받으시면 제직 헌신서약서를 11/17(주일) 까지 교회 사무실로 제출해 주시기 바랍니다. 문의: 임광 목사(323-788-4138)",주보 (2013-11-03)
2013-11-17,2013,11,특별행사,"지구촌 청소년 오케스트라 정기음악회(GMCYO Fall Concert): 일시: 11/17(주일), 6:30pm 특별찬조: 아르헨티나 합창단 장소: 지구촌교회 본당 자라나는 청소년들의 찬양사역과 미션에 많은 관심 부탁드립니다.",주보 (2013-11-10)
2013-11-17,2013,11,성례,"지구촌 청소년 오케스트라 정기음악회(GMCYO Fall Concert): 일시: 11/17(오늘), 6:30pm 특별찬조: 아르헨티나 침례신학교 합창단 장소: 지구촌교회 본당 자라나는 청소년들의 찬양사역과 미션에 많은 관심 부탁드립니다.",주보 (2013-11-17)
2013-11-23,2013,11,회의/의회,"사무총회록 팀별 사역보고/계획서(Annual Meeting Team Report/Planning): 각 사역팀에서는 2013년~2014년도 사역보고서/계획서를 임광 목사(323-788-4138, xtnlim@hotmail.com)께 제출해 주시기 바람. 마감일: 11/23(토)",주보 (2013-11-17)
2013-11-24,2013,11,성례,"제직 추천자 수락서 제출: 지구촌 교회의 제직 대상자는 ①구원의 확신이 있는 분으로서 침례나 세례를 받은 분 ②지구촌교회 제자훈련 필수반(새교우반, 셀가족반)을 다 이수하신 분 ③우리 교회에 등록하고 1년 이상 경과된 분 (70세 이상인 분은 교회 헌장에 의해서 명예은퇴집사로 섬기게 됨) 제직 추천서를 받으시면 제직 헌신서약서를 11/24(주일) 까지 교회 사무실로 제출해 주시기 바랍니다. 문의: 임광 목사(323-788-4138)",주보 (2013-11-17)
2013-11-24,2013,11,선교,선교사역팀(Mission): 단기선교 지원: 2014년 단기선교팀에 추가 지원하기 원하시는 분은 오늘까지 교회사무실에서 헌신서를 작성하고 제출해 주세요.,주보 (2013-11-24)
2013-12-14,2013,12,특별행사,"성탄음악회(Christmas Concert): 일시/장소: 12/14(토), 7:30pm, 본당 ➪지구촌교회 Bell Choir, 어린이 찬양대 그리고 연합찬양대원 150여명이 오랫동안 준비해온 음악회에 많은 성도님들이 참석하여 성탄을 축하해 주시기 바랍니다. Baby Sitting이 준비되고, 6pm 부터 강당에서 간단한 저녁식사가 준비됩니다. 이 주간의 셀모임은 음악회 참석으로 대체합니다. 문의: 김준한 집사(443-514-5207, chun@girlslife.com), 안세창 집사(301-802- 4686, saec_ahn@yahoo.com)",주보 (2013-11-24)
2013-12-15,2013,12,회의/의회,"연말 제직회(Deacons' Meeting): 일시: 12/15(오늘), 1:30pm 장소: 커버넌트 채플",주보 (2013-12-15)
2013-12-21,2013,12,성례,"성탄예배(Christmas Service), 12월25일(수), 10am: 침례식: 침례받기를 원하시는 분은 지역목회자에게 신청바랍니다. 문의: 임도균 목사(240-780-1515) 침례반: 12/21(토), 11am, 새교우영접실 라티문 성탄헌금: 세계선교에 100% 사용되는 선교헌금이며 크리스마스 헌금과 함께 드립니다. 친교모임: 셀별로 케잌 1개씩 식당으로 가져와서(예배시간 전) 성탄예배 직후 다목적대강당에서 친교모임을 함.",주보 (2013-12-15)
2013-12-25,2013,12,성례,"침례식(Baptism): 일시: 12/25(수, 성탄예배 시), 10am 침례받기를 원하시는 분은 지역 목회자에게 신청 바람. 문의: 임도균 목사(240-780-1515)",주보 (2013-11-10)
2013-12-25,2013,12,성례,"성탄예배(Christmas Service), 12월25일(수), 10am: 침례식: 침례자: 손선영, 최명혜, 윤민자, 구본환, Wayne Packard, 이호준, 양현진, 김영미, 김영주, 김유림, Hannah Jo, Stephanie Park, Peter Son (13명) 라티문 성탄헌금: 세계선교에 100% 사용되는 선교헌금이며 크리스마스 헌금과 k 함께 드립니다. 친교모임: 셀별로 케잌 1개씩 식당으로 가져와서(예배시간 전) 성탄 예배 직후 다목적대강당에서 친교모임을 함.",주보 (2013-12-22)
2014-01-01,2014,1,비전,"2014년 교회 표어 ""가르치고 전파하고 치유하는 지구촌가족""",2014 주보
2014-01-05,2014,1,선교,"MET2014 단기선교팀 훈련(Mission Trainning): 대상: 페루, 도미니칸 공화국, 니까라과 단기선교팀원들 일시: 1/5(오늘), 1:30pm 장소: 104호",주보 (2014-01-05)
2014-01-09,2014,1,훈련/수련회,"청년부 겨울 연합수련회(Young Adult Group Winter Retreat): 일시: 1/9(목)~1/12 (주일) 장소: Summit Lake 수양관 강사: 김철민 목사 주제: ‘거룩한 열정을 태우라’ 문의: 권혁구(240-848-0369), 임광 목사(323-788-4138)",주보 (2014-01-05)
2014-01-19,2014,1,회의/의회,"정기사무총회(Annual Congregational Meeting): 일시: 1/19(주일), 1:30pm 장소: 커버넌트 채플 2013년 결산보고/2014년 예산통과",주보 (2014-01-05)
2014-01-19,2014,1,목회자 부임,"정기사무총회(Annual Congregational Meeting): 일시: 1/19(주일), 1:30pm 장소: 커버넌트 채플 2013년 결산보고/2014년 예산통과 2014년",주보 (2014-01-12)
2014-01-19,2014,1,성례,"미취학 아동(1.5세~2세) 파타임 전도사를 찾습니다.(Preschool): 자격: ① 어린이 사역에 분명한 소명/경험이 있으며, 영주권/시민권자 ② 신학교 재학/등록/졸업자 ③ 남침례교단 /신학교 배경 ④ 자녀가 있는 결혼하신 분 ⑤ 현 워싱턴 지구촌교회 멤버 구비서류: 이력서, 신앙고백서, 비전 Statement 문의: 황태호 집사(Tae.hwang@gmail.com)",주보 (2014-01-19)
2014-01-19,2014,1,선교,"MET2015 페루 단기선교(Peru Mission): 사역지: 페루 리마 일시: 1/19(월)~1/31(토), 2015 사역내용: 의료(내과, 외과, 치과, 약사, 간호사), 전도(장년, 어린이), 사진, 미용(남자, 여자), VBS 훈련시작: 11/9(오늘), 12:30pm, 110호 문의: 윤여권 장로(301-325-2216), 신상철 집사(240-401-4964), 함석호 집사(301-252-4320) 선교의 열정을 가지신 분은 누구나 참여할 수 있습니다. (항공료/숙식/사역비는 본인 부담)",주보 (2014-11-09)
2014-01-20,2014,1,선교,"MET2014 페루 단기선교(Peru Mission): 사역지: 페루 리마 일시: 1/20(월)~2/1(토), 2014 사역내용: 의료(내과, 외과, 치과, 약사, 간호사), 전도(장년, 어린이), 컴퓨터, 사진, 안경, 음악, 미용(남자, 여자) 문의: 윤여권 장로(301-325-2216, 301-779-3107), 신상철 집사(301-774- 2499, 240-401-4964) 선교의 열정을 가지신 분은 누구나 참여할 수 있습니다. (항공료/숙식/ 사역비는 본인 부담)",주보 (2013-12-01)
2014-01-26,2014,1,특별행사,"소망회 구정잔치(Seniors Party): 일시: 1/26(주일), 11:15am 장소: 소망회실",주보 (2014-01-19)
2014-01-26,2014,1,성례,"미취학 아동(1.5세~2세) 파트타임 전도사를 찾습니다.(Preschool): 자격: ① 어린이 사역에 분명한 소명/경험이 있으며, 영주권/시민권자 ② 신학교 재학/등록/졸업자 ③ 남침례교단 /신학교 배경 ④ 자녀가 있는 결혼하신 분 ⑤ 현 워싱턴 지구촌교회 멤버 구비서류: 이력서, 신앙고백서, 비전 Statement 문의: 황태호 집사(Tae.hwang@gmail.com)",주보 (2014-01-26)
2014-01-30,2014,1,선교,"MET2015 도미니칸 공화국 단기선교(Republic of Dominica Mission): 일시: 1/30(금) ~2/6(금) 문의: 홍정선 집사(410-430-0299) 어린이옷, 여름옷, 종합비타민, 소화제 등이 필요합니다. 수집장소는 다목적대강당입니다.",주보 (2014-11-16)
2014-02-02,2014,2,성례,"강사 소개-3,4부예배 설교자(Hamilton Gonsalez): 오늘, 3,4부예배 설교자는 해밀턴 곤잘레스 선교사(니까라과 선교사-침례교 한인총회 라틴아메리카 협력선교사)입니다.",주보 (2014-02-02)
2014-02-02,2014,2,목회자 부임,"건축소식(Vision Center): 2012년 11월14일 승인이 난 건축 Site Plan의 반대 항소 공청회 (2013년 2월28일) 결과, Frederick County Board of Appeals(FCBC)에서 반대 항소의 내용에 대해 기각이 되었으며 이에 다시 Sugarloaf Citizens Association가 Frederick County Circuit Court에 FCBC 기각 결정에 반대하는 항소를 접수한 바 2013년 12월16일 재판이 있었습니다. 이에 대해 이번 주에 FCBC의 건축 Site Plan 승인이 정당하다는 판결이 나왔습니다. 기도해 주시고 여러 모양으로 관심을 가져주신 교우 여러분들께 감사드립니다. –건축위원회 일동- 2014년",주보 (2014-02-02)
2014-02-02,2014,2,성례,"미취학 아동(1.5세~2세) 파트타임 전도사를 찾습니다.(Preschool): 자격: ① 어린이 사역에 분명한 소명/경험이 있으며, 영주권/시민권자 ② 신학교 재학/등록/졸업자 ③ 남침례교단 /신학교 배경 구비서류: 이력서, 신앙고백서, 비전 Statement 문의: 황태호 집사(Tae.hwang@gmail.com)",주보 (2014-02-02)
2014-02-03,2014,2,선교,담임목사 동정(Senior Pastor): 도미니카 공화국 단기선교팀 인솔: 2/3(월)~2/8(토),주보 (2014-02-02)
2014-02-04,2014,2,기타행사,"중등부/고등부 예배시간(Sunday Service): 중등부: 10am 고등부: 11:15am ▶심방요청(Visitation): 자녀를 위한 심방이 필요하신 부모님은 최진석 목사(240-477 -9678), Eli Choi 전도사(301-728-2321)에게 연락바랍니다. 2014년",주보 (2014-07-13)
2014-02-04,2014,2,목회자 부임,땅끝까지 가을호 발간: 지구촌 교회 전도지 ‘땅끝까지’ 가을호가 발간되었습니다. 가정 마다 넉넉히 가져 가셔서 이웃에게 그리스도의 사랑을 전하는 도구로 사용하시기 바랍니다. 2014년,주보 (2014-10-12)
2014-02-09,2014,2,목회자 부임,"건축소식(Vision Center): 2012년 11월14일 승인이 난 건축 Site Plan의 반대 항소 공청회 (2013년 2월28일) 결과, Frederick County Board of Appeals(FCBC)에서 반대 항소의 내용에 대해 기각이 되었으며 이에 다시 Sugarloaf Citizens Association가 Frederick County Circuit Court에 FCBC 기각 결정에 반대하는 항소를 접수한 바 2013년 12월16일 재판이 있었습니다. 이에 대해 이번 주에 FCBC의 건축 Site Plan 승인이 정당하다는 판결이 나왔습니다. 기도해 주시고 여러 모양으로 관심을 가져주신 교우 여러분들께 감사드립니다. –건축위원회 일동- 2014년",주보 (2014-02-09)
2014-02-09,2014,2,성례,"미취학 아동(1.5세~2세) 파트타임 전도사를 찾습니다.(Preschool): 자격: ① 어린이 사역에 분명한 소명/경험이 있으며, 영주권/시민권자 ② 신학교 재학/등록/졸업자 ③ 남침례교단 /신학교 배경 구비서류: 이력서, 신앙고백서, 비전 Statement 문의: 황태호 집사(Tae.hwang@gmail.com)",주보 (2014-02-09)
2014-02-12,2014,2,성례,"김영미 교수(소프라노) 음악회(Concert): 주최: 미주 한인침례교 총회(한인 침례교 세계 선교대회 기금모금 음악회) 일시: 2/12(수), 8pm~10pm 장소: 지구촌교회 본당",주보 (2014-01-26)
2014-02-16,2014,2,성례,"미취학 아동(1.5세~2세) 파트타임 전도사를 찾습니다.(Preschool): 자격: ① 어린이 사역에 분명한 소명/경험이 있으며, 영주권/시민권자 ② 신학교 재학/등록/졸업자 ③ 남침례교단 /신학교 배경 구비서류: 이력서, 신앙고백서, 비전 Statement 문의: 황태호 집사(Tae.hwang@gmail.com)",주보 (2014-02-16)
2014-02-23,2014,2,성례,"미취학 아동(1.5세~2세) 파트타임 전도사를 찾습니다.(Preschool): 자격: ① 어린이 사역에 분명한 소명/경험이 있으며, 영주권/시민권자 ② 신학교 재학/등록/졸업자 ③ 남침례교단 /신학교 배경 구비서류: 이력서, 신앙고백서, 비전 Statement 문의: 황태호 집사(Tae.hwang@gmail.com)",주보 (2014-02-23)
2014-03-02,2014,3,성례,"미취학 아동(1.5세~2세) 파트타임 전도사를 찾습니다.(Preschool): 자격: ① 어린이 사역에 분명한 소명/경험이 있으며, 영주권/시민권자 ② 신학교 재학/등록/졸업자 ③ 남침례교단 /신학교 배경 구비서류: 이력서, 신앙고백서, 비전 Statement 문의: 황태호 집사(Tae.hwang@gmail.com)",주보 (2014-03-02)
2014-03-09,2014,3,목회자 부임,"중등부/고등부 예배시간(Sunday Service): 중등부: 10am 고등부: 11:15am ▶심방요청(Visitation): 자녀를 위한 심방이 필요하신 부모님은 최진석 목사(240-477 -9678), Eli Choi 전도사(301-728-2321)에게 연락바랍니다. 2014년",주보 (2014-03-09)
2014-03-16,2014,3,회의/의회,"정기제직회(Deacon's Meeting): 일시: 3/16(주일), 1:45pm",주보 (2014-03-02)
2014-03-16,2014,3,선교,"선교사역팀(MET2014): 단기선교팀 훈련: 대상: 멕시코, 태국, 키르키즈스탄, 플로리다, 필리핀 단기선교에 헌신하신 모든 분들 1차 훈련 일시: 3/16(오늘), 12pm 장소: 146호 2차 훈련 일시: 3/23(주일), 12pm 장소: 146호 니까라과 단기선교를 위한 의사/치과의사 모집: 기간: 4/21(월)~4/30(수) *여름 옷/학용품 도네이션 받습니다. 문의: 홍명순 집사(301-219-3432)",주보 (2014-03-16)
2014-03-18,2014,3,기타행사,"중등부/고등부 예배시간(Sunday Service): 중등부: 10am 고등부: 11:15am ▶심방요청(Visitation): 자녀를 위한 심방이 필요하신 부모님은 최진석 목사(240-477 -9678), Eli Choi 전도사(301-728-2321)에게 연락바랍니다. 2014년",주보 (2014-03-16)
2014-03-19,2014,3,선교,"선교사역팀(MET2014): 단기선교팀 훈련: 대상: 멕시코, 태국, 키르키즈스탄, 플로리다, 필리핀 단기선교에 헌신하신 모든 분들 일시: 3/19(주일), 12pm 장소: 146호 니까라과 단기선교를 위한 의사/치과의사 모집: 기간: 4/21(월)~4/30(수) *여름 옷 도네이션 받습니다. 문의: 홍명순 집사(301-219-3432)",주보 (2014-03-02)
2014-03-23,2014,3,선교,"선교사역팀(MET2014): 단기선교팀 훈련: 대상: 멕시코, 태국, 키르키즈스탄, 플로리다, 필리핀 단기선교에 헌신하신 모든 분들 2차 훈련 일시: 3/23(오늘), 12pm 장소: 146호 니까라과 단기선교를 위한 의사/치과의사 모집: 기간: 4/21(월)~4/30(수) *여름 옷/학용품 도네이션 받습니다. 문의: 홍명순 집사(301-219-3432)",주보 (2014-03-23)
2014-04-04,2014,4,부흥회/집회,담임목사 동정(Senior Pastor): 안식년: 4/4(금)~4/9(수): 유타주 사역자 아노덴 전도훈련 및 베다니 침례교회 집회 인도,주보 (2014-04-06)
2014-04-05,2014,4,세미나,"대학진학/인터넷 안전교육 세미나(Seminar): 일시/장소: 4/5(토), 4pm~6:30pm, 213호 주체: 지구촌 한어중고등부/워싱턴 청소년재단 대학진학 세미나 강사: 조승숙(칼리지 플래닝 카운슬러, 시니어 아카데미 영어 강사) 인터넷 세이프티 강사: 김혜경(28년간 몽고메리카운티 공립학교 테크놀로지 서포트 수퍼바이저, 현 IT 컨설턴트) 간단한 저녁식사 제공됨. 문의: 권순욱 집사(soonwookkwon@gmail.com), 전수복 목사(shalom0211@gmail.com)",주보 (2014-03-30)
2014-04-06,2014,4,목회자 부임,"중등부/고등부 예배시간(Sunday Service): 중등부: 10am 고등부: 11:15am ▶심방요청(Visitation): 자녀를 위한 심방이 필요하신 부모님은 최진석 목사(240-477 -9678), Eli Choi 전도사(301-728-2321)에게 연락바랍니다. 2014년",주보 (2014-04-06)
2014-04-07,2014,4,선교,"선교사역팀(MET2014): 니까라과 단기선교팀원 추가 모집: 기간: 4/7(월)~4/16(수) 사역내용: 미용, 의료, 사진 문의: 이태호 집사(301-412-9869)",주보 (2014-01-19)
2014-04-13,2014,4,목회자 부임,"중등부/고등부 예배시간(Sunday Service): 중등부: 10am 고등부: 11:15am ▶심방요청(Visitation): 자녀를 위한 심방이 필요하신 부모님은 최진석 목사(240-477 -9678), Eli Choi 전도사(301-728-2321)에게 연락바랍니다. 2014년",주보 (2014-04-13)
2014-04-14,2014,4,기타행사,"수난주간 특별새벽기도회(Early Morning Prayer): 일시: 4/14(월)~4/19(토), 5:30am 말씀: 김만풍 목사",주보 (2014-03-30)
2014-04-20,2014,4,성례,부활주일(4월20일) 침례식: 침례받기를 원하시는 분은 지역목회자에게 신청바랍니다. 문의: 임도균 목사(240-780-1515),주보 (2014-03-23)
2014-04-20,2014,4,기타행사,"사랑과 나눔(Love & Sharing): 지난 3주간 밀알선교단 정택정 목사님 돕기 캠페인으로 12,689불이 모금되었음을 알려 드리며 기도와 관심 그리고 참여에 감사드립니다. -실행위원회 일동",주보 (2014-04-20)
2014-04-20,2014,4,특별행사,지구촌 마당잔치를 통해 주님의 복음과 사랑이 나눠지도록,주보 (2014-04-20)
2014-04-21,2014,4,선교,선교사역팀(MET2014): 니까라과 단기선교를 위한 의사/치과의사 모집: 기간: 4/21(월)~ 4/30(수) *다음 주일부터 여름 옷 도네이션 받습니다. 문의: 홍명순 집사(301-219-3432),주보 (2014-02-23)
2014-04-21,2014,4,성례,담임목사 동정(Senior Pastor): 4월21일(월)~26일(토) 기간에 세계한인침례선교대회 참석차 교단 출장.,주보 (2014-04-20)
2014-04-22,2014,4,선교,선교사역팀(MET2014) 니까라과 단기선교: 기간: 4/22(화)~4/30(수) 팀원:남 에스더 노순애 박미셸 송명자 이형숙 정복순 정성순 최경희 홍명순 (9명),주보 (2014-04-20)
2014-04-26,2014,4,목회자 부임,"년 지구촌 마당잔치 바자(Bazaar): 주제: 영혼 구원과 복음 전도 “좋은 소식 나누는 행복!” Share the Good News! 일시: 4/26(토), 8am~3pm 물품 수집(담당: 김명재 집사 /240-404-8206, 이덕한 집사/240-479-0796): 4/1(화)부터 의류, 장난감, 전자제품, 가구, 운동기구, 잡화 등을 수집합니다. 김치병 수집: 김선희 집사(301-828-8737) 안내/상담 부스 설치 문의: 지종훈 집사(241-328-5536), 안용환 집사(240-620-3746) * 최한규 잔치장(301-653-8019) 식당/음식 봉사와 물품정리를 도와 주실 분들을 강당에서 모집하고 있습니다. 2014년",주보 (2014-03-23)
2014-04-26,2014,4,특별행사,"년 지구촌 마당잔치 바자(Bazaar): 주제: 영혼 구원과 복음 전도 “좋은 소식 나누는 행복!” Share the Good News! 일시: 4/26(토), 8am~3pm 물품 수집(담당: 김명재 집사 /240-404-8206, 이덕한 집사/240-479-0796): 4/1(화)부터 의류, 장난감, 전자제품, 가구, 운동기구, 잡화 등을 수집합니다. 김치병 수집: 김선희 집사(301-828-8737) 안내/상담 부스 설치 문의: 지종훈 집사(241-328-5536), 안용환 집사(240-620-3746) 최한규 잔치장(301-653-8019) 식당/음식 봉사와 물품정리를 도와 주실 분들을 강당에서 모집하고 있습니다.",주보 (2014-04-06)
2014-04-27,2014,4,선교,"신생아부: 헌아례 Class: 4/27(주일), 12:45pm~1:15pm 장소: 326호 MET2014 단기선교 선교 선교지 기간 사역내용 해외선교 페루 1/20~2/1 (완료) 의료, 안경, 미용, 전도, 사진 도미니카 공화국 1 2/3~2/8 (완료) 의료, 안경, 미용, 전도, 사진 니카라과 4/22~4/30 의료, 미용, 전도, 사진 키르키즈스탄 6/16~6/30 영어, 전도 도미니카 공화국 2 6월 (GMCYO) 연주, 전도 태국 7/28~8/9 영어, 교도소 사역, 상담, 전도 멕시코 8/1~8/13 VBS, 미용, 전도, 사진 필리핀 10월 VBS, 전도 국내선교 Baltimore, Maryland 6/7~6/11 Community Outreach Washington D.C. 7/5~7/11 P2 - NAMB 교회 개척 프로젝트 Crestview, Florida 7/28~8/9 VBS, 전도, 컴퓨터",주보 (2014-04-20)
2014-05-18,2014,5,목회자 부임,"정기제직회(Deacon's Meeting): 일시: 5/18(주일), 1:45pm 장소: 커버넌트 채플 2014년",주보 (2014-05-04)
2014-05-18,2014,5,회의/의회,"정기제직회(Deacon's Meeting): 일시: 5/18(오늘), 1:45pm 장소: 커버넌트 채플",주보 (2014-05-18)
2014-05-18,2014,5,훈련/수련회,땅끝까지 봄호 발간: 지구촌 교회 전도지 ‘땅끝까지’ 봄호가 발간되었습니다. 가정마다 넉넉히 가져 가셔서 이웃에게 그리스도의 사랑을 전하는 도구로 사용하시기 바랍니다. 2014년,주보 (2014-05-18)
2014-06-07,2014,6,훈련/수련회,땅끝까지 봄호 발간: 지구촌 교회 전도지 ‘땅끝까지’ 봄호가 발간되었습니다. 가정마다 넉넉히 가져 가셔서 이웃에게 그리스도의 사랑을 전하는 도구로 사용하시기 바랍니다. 2014년,주보 (2014-05-25)
2014-06-08,2014,6,부흥회/집회,"장미경 집사 초청 찬양집회(Concert): 일시: 6/8(주일), 1:30pm(5부예배 시) 주제: 복음과 하나님 사랑 모든 성도님들을 초대합니다. 많이 오셔서 함께 하나님의 사랑을 누리는 귀한 시간을 가지세요.",주보 (2014-06-01)
2014-06-14,2014,6,부흥회/집회,"결혼 축하(Congratulations): 임한수 전도사(임헌묵 목사 아들) 결혼식 피로연이 6/14(토), 4pm, 다목적대강당에서 있습니다.",주보 (2014-06-08)
2014-06-27,2014,6,특별행사,제19회 사랑의 잔치-랑케스터 성극 관람(Disabled): 일시: 6/27(금) 제목: ‘모세’ 참가대상: 장애자녀를 두신 가정 신청마감: 2/23(주일) 문의: 홍재철 집사(240-475-9386) 성극 예약관계로 일찍 신청바랍니다.,주보 (2014-02-02)
2014-06-30,2014,6,선교,"코스타(KOSTA): 일시: 6/30(월)~7/4(금) 장소: 시카고 휘튼 칼리지 기도팀: 민현숙, 엄성혜, 김현화, 이은영, 배다혜, 배은혜 ➪오늘, 3부예배 시간에 이 기도팀을 위한 파송기도가 있습니다.",주보 (2014-06-29)
2014-07-05,2014,7,기타행사,"P2 Mission을 위한 자원봉사자 모집(P2 Mission): P2 Mission은 NAMB(North American Mission Board)에서 워싱턴 D.C.지역의 교회개척을 돕는 사역입니다. 이 협력사역을 위해 약 150명의 청소년들이 7/5(토)부터 7/11(금) 까지 저희 교회에서 숙박하며 워싱턴 에서 사역을 할 예정입니다. 이 학생들의 숙박과 안전을 위해 많은 자원봉사자들이 필요합니다. 교회 개척을 위한 귀한 사역에 동참해 주시면 감사하겠습니다. 봉 사 일 시 모집대상/인원 방청소 7/1(화)~7/2(수), 아침과 저녁 어른과 청소년 10명 식사준비 도우미/청소 7/5(토)~7/10(목), 7am~12:30pm 어른과 청소년 10명 장보기 7월 첫째 주와 둘째 주 (2번) 어른 2명 교회 Security 7/5(토)~7/10(목), 10pm~6am 남자 어른 6명 (하루에 한명) 뒷정리 7/11(금), 아침과 저녁 어른과 청소년 10명",주보 (2014-04-27)
2014-07-07,2014,7,훈련/수련회,"년 지구촌 여름캠프 디렉터 모집(Summer Camp Director): 지구촌 여름캠프 디렉터로 섬기실 분을 찾습니다. 여름캠프 일시: 7/7(월)~8/1(금) 자격: 어린이 사역에 대한 확신, 여름캠프 경험자 문의: 제리 송 전도사 (jsong3@gmail.com), 황태호 집사 (tae.hwang@gmail.com)",주보 (2014-03-16)
2014-07-11,2014,7,부흥회/집회,담임목사 동정(Senior Pastor): 일리노이 침례교 연합회 집회/전도훈련 인도(7/11~13),주보 (2014-07-13)
2014-07-13,2014,7,선교,"여름학기 제자훈련 등록(Summer Discipleship Training): 개강: 7/13(주일) 오늘 복도에서 등록받습니다. 제자훈련 여름학기 강의일정 (7/13-주일 ~ 8/7-목) 여 름 특 강 주일 10am 자녀들의 성가치관: 성경적/심리발달적 관점에서 실제적인 신앙적 성교육 7/13(주일) 조대운 목사 정원:50명 142호 11:30am 10am 성격과 스트레스: 다양한 성격(Personality) 분석, 불안과 스트레스 해소 7/20(주일) 김재덕 목사 11:30am 10am 사명발견과 행복의 길: 이민생활에서의 간증과 사명 발견,느헤미야를 모델로한 사명성취 7/27(주일), 8/3(주일) 심욱랑 장로 11:30am 필수반 주일 7/13, 10am 새교우반 -7주 김성환 집사 셀사무실 8/31, 10am 셀가족반 -7주 이태호 집사 셀사무실 기 본 프로그램 주일 7/6, 10am 영어로 듣는 성경 – 시가서 -8주 김정화/이태순 집사 115호 7/13, 10:10am 성경적 세계관의 이해 -7주 권순욱 집사 326호 셀별 셀모임 방문 하나님께 쓰임 받는 삶 -4주 조병서 집사 셀모임 셀지도자 주일 7/13, 11:30am 예비목자 훈련 -8주 김만풍/임도균 목사 셀사무실 교사훈련 목 8/7, 7:30pm 교사 훈련(현/예비 교사) -4주 김만풍/임도균 목사 새교우영접실 장 년 성경공부 주일 강의 8:15am 에스겔, 다니엘 이태설/권오빈 집사 104호 8:45am 에스겔, 다니엘(영어) Ron Krams 316C 10am 에스겔, 다니엘 이자선 집사 104호 11:15am 에스겔, 다니엘 안철환/부제니 집사 115호 12:45pm 에스겔, 다니엘 주혜선 집사 104호 ➼ 제자훈련팀 교사/봉사자 모임: 7/27(주일), 1:30pm, 소망회실 ➼등록은 오늘, 복도에서 받습니다. (강의실은 차후에 변경이 있을 수 있음.) 2014년",주보 (2014-07-06)
2014-07-14,2014,7,훈련/수련회,"지구촌 여름캠프 교사모집(Summer Camp): 캠프기간: 7/14(월)~8/1(금), 9am~3pm 교육대상: 3살~10살 문의: 전혜원, 강은정 (gmcsummercamp@gmail.com)",주보 (2014-05-04)
2014-07-14,2014,7,훈련/수련회,"지구촌 썸머캠프(Summer Camp): 캠프기간: 7/14(월)~8/1(금) 교회 홈페이지 gmcusa.org에서 온라인 등록 가능 유치부(4살): 9am~12pm, 300불(주/110불) 초등부(K~6학년): 9am~3pm, 400불(주/140불) 점심식사비 제외시 45불(주/15불)활인, 둘째 30불 활인, 셋째 100불 활인 문의: 전혜원, 강은정(gmcsummercamp@gmail.com) 학생 자원봉사자를 모집 합니다. (SSL Hours를 받을 수 있습니다.)",주보 (2014-06-29)
2014-07-20,2014,7,회의/의회,"정기제직회(Deacon's Meeting): 일시: 7/20(주일), 1:45pm 장소: 커버넌트채플",주보 (2014-07-06)
2014-07-25,2014,7,훈련/수련회,"청소년 영어캠프 봉사자 모집-한국(Youth Camp): 일시: 7/25(금)~8/9(토) 주최: 벧엘 청소년 선교회 장소: 한국(전남 무안, 해남, 영암 등 18곳) 특전: 캠프 후 8/9(토), 오후 부터 8/11(월) 까지 부산부터 판문점까지 투어(선교회부담), 118시간 해외봉사시간, 각자 항공료만 부담하며 체류기간 중 숙식비는 선교회가 부담합니다. 7/25(금)까지 전남 해남군 우수영 유스호스텔에서 집합해서 사역을 시작합니다. 문의: 예덕천 집사(240-401-2394)",주보 (2014-06-01)
2014-07-27,2014,7,선교,"제자훈련팀 교사/봉사자 모임(Teacher's Meeting): 일시: 7/27(주일), 1:30pm 장소: 소망회실 2014년",주보 (2014-07-20)
2014-08-03,2014,8,선교,"악기 도네이션(Donation): 8월 Belize 단기선교를 위해 드림선교회에서 악기(기타, 키보드, 탬버린)도네이션을 받습니다. 기간: 8/3(주일) 까지 문의: 함석호 집사(301-252-4320)",주보 (2014-06-29)
2014-08-07,2014,8,선교,"제자훈련팀 교사세미나(Teacher's Seminar): 일시: 8/7(목), 8/14(목), 8/21(목), 8/28(목), 7pm 강사: 김만풍/임도균 목사 주제: 주님께 인정받는 교사 장소: 새교우영접실 2014년",주보 (2014-07-27)
2014-08-10,2014,8,선교,"여름행사(수련회, 단기선교)와 가을학기 준비를 위하여 ••••• 2014년도 지역교회 구분 ••••• 지역/목회자 마을 셀 교 회 제1지역 (최인돈 전도사) 소망 소망회 터치 충만, 임마누엘, 한마음, 포토맥, 오직예수 샬롬 한사랑, 더욱사랑, 사랑, 아스펜힐, 에벤에셀 은샘 노아, 스톤게이트, 등대, 소리엘 함께 예은, 불기둥, 야베스, INCHRIST 증인 엘리야, 생수, 아브라함, 화목 비셀 (SS) 20814 20815 20817 20895 20901 20902 20903 20904 20905 20906 20910 21029 21042 21043 21044 21045 21046 21061 20075 20076 21113 21117 21128 21144 21163 21202 21204 21208 20228 제2지역 (임도균 목사) 순례자 씨뿌림, 에바다, 축복I, 헤브론, 고핫, 실로암, 다 은혜 동부 방주, 브니엘, 산상수훈, 여기있나이다, 모퉁이돌 우리 하나, 헷세드, 전신갑주, 일삼오(135), 약속, 나눔 찬양 할렐루야, 할렐루야I, 할렐루야II, 할렐루야III 서부 옥토마을, 돌단마을, 목장마을, 샘물마을, 세움, 솔츠베리예능, 영광, 반석마을 비셀 (VA/DC/ Gaithers- burg북쪽, Olney) 20001 20015 20017 20120 20147 20151 20171 20190 20832 20833 20841 20871 20872 20874 20876 20877 20878 20879 20882 20886 21704 21714 21737 21754 22003 22031 22033 22039 22101 22206 22903 24501 제3지역 (김우준 목사) 은혜평강 과원, 나침반, 로이스, 루디아, 서로사랑, GP(푸른초장), 새삶추 향촌나무 열매맺는나무, 생명나무, 서로돌봄, 가족, 사은, 생명, 백향나무 다기도 향기로운, 향기로운I, 예앎, The Spirit, 자유함, 주찬양 평화 기쁨, 위튼, 로뎀나무, 하은, 화평, 구원 풍성한 주바라기, 콜롬비아, 클락스빌, 토브, 주님사랑, 데일리 비셀 (PG, Rockville) 20705 20706 20708 20707 20715 20716 20720 20723 20724 20740 20759 20769 20770 20777 20782 20783 20850 20851 20852 20853 20854 20855 제4지역 (임도균 목사) 다메섹 예드림, Faith&Love, 라이프, 아하 I, 아하 II, 열매맺는 나무, 아가 안디옥 베데스다, 베들레헴, 단비, 비둘기, 예동 제5지역 (임광 목사) 그루터기 진짜?진짜!, 마음모아, SOWL(소울), 파도, 썸띵, 만나, 예닮 다드림 예인, 시선, 그린라이트, 배가, 예수님처럼, 양, Welcome, LTE, work/walking, FiG, 참, THE, Acts29, 대학캠퍼스 (임광 목사) UMCP셀 University of Maryland College Park Campus 모임 UMBC셀 University of Maryland Baltimore Campus 모임 MC셀 Montgomery College Campus 모임",주보 (2014-08-10)
2014-08-14,2014,8,선교,"제자훈련팀 교사세미나(Teacher's Seminar): 일시: 8/14(목), 8/21(목), 8/26(화), 7pm 강사: 김만풍/임도균 목사 주제: 주님께 인정받는 교사 장소: 새교우영접실 2014년",주보 (2014-08-10)
2014-08-17,2014,8,창립,개척교회를 위한 특별헌금(Special Offering): 일시: 9~10월 교회창립 40주년에 주총회와 국내선교부 협동사역으로 MD/DE 지역사회에 소수민족계 교회개척을 위해 단회적으로 특별헌금을 드리고자 합니다. 자원하여 적극적으로 동참해 주시기 바랍니다.,주보 (2014-08-17)
2014-08-21,2014,8,목회자 부임,"제자훈련팀 교사세미나(Teacher's Seminar): 일시: 8/21(목), 8/26(화), 7pm 강사: 김만풍/ 임도균 목사 주제: 주님께 인정받는 교사 장소: 새교우영접실 2014년",주보 (2014-08-17)
2014-08-24,2014,8,창립,개척교회를 위한 특별헌금(Special Offering): 일시: 9~10월 교회창립 40주년에 주총회와 국내선교부 협동사역으로 MD/DE 지역사회에 소수민족계 교회개척을 위해 단회적으로 특별헌금을 드리고자 합니다. 자원하여 적극적으로 동참해 주시기 바랍니다.,주보 (2014-08-24)
2014-08-24,2014,8,목회자 부임,"성서대학 기본/고급과정 수료식(Graduation): 일시: 8/24(오늘), 1~4부예배 시 수료자: <1부>:이원재 이종숙 이혜자 <2부>:김정애 조철민 <3부>:김영자 이삼례 변영균 <4부>: 김정화 문의: 임도균 목사(240-780-1515) 2014년",주보 (2014-08-24)
2014-08-24,2014,8,창립,"창립40주년에 주총회와 협동하여 소수민족계 교회를 개척하는 일을 위하여 ••••• 2014년도 지역교회 구분 ••••• 지역/목회자 마을 셀 교 회 제1지역 (최인돈 전도사) 소망 소망회 터치 충만, 임마누엘, 한마음, 포토맥, 오직예수 샬롬 한사랑, 더욱사랑, 사랑, 아스펜힐, 에벤에셀 은샘 노아, 스톤게이트, 등대, 소리엘 함께 예은, 불기둥, 야베스, INCHRIST 증인 엘리야, 생수, 아브라함, 화목 비셀 (SS) 20814 20815 20817 20895 20901 20902 20903 20904 20905 20906 20910 21029 21042 21043 21044 21045 21046 21061 20075 20076 21113 21117 21128 21144 21163 21202 21204 21208 20228 제2지역 (임도균 목사) 순례자 씨뿌림, 에바다, 축복I, 헤브론, 고핫, 실로암, 다 은혜 동부 방주, 브니엘, 산상수훈, 여기있나이다, 모퉁이돌 우리 하나, 헷세드, 전신갑주, 일삼오(135), 약속, 나눔 찬양 할렐루야, 할렐루야I, 할렐루야II, 할렐루야III 서부 옥토마을, 돌단마을, 목장마을, 샘물마을, 세움, 솔츠베리예능, 영광, 반석마을 비셀 (VA/DC/ Gaithers- burg북쪽, Olney) 20001 20015 20017 20120 20147 20151 20171 20190 20832 20833 20841 20871 20872 20874 20876 20877 20878 20879 20882 20886 21704 21714 21737 21754 22003 22031 22033 22039 22101 22206 22903 24501 제3지역 (김우준 목사) 은혜평강 과원, 나침반, 로이스, 루디아, 서로사랑, GP(푸른초장), 새삶추 향촌나무 열매맺는나무, 생명나무, 서로돌봄, 가족, 사은, 생명, 백향나무 다기도 향기로운, 향기로운I, 예앎, The Spirit, 자유함, 주찬양 평화 기쁨, 위튼, 로뎀나무, 하은, 화평, 구원 풍성한 주바라기, 콜롬비아, 클락스빌, 토브, 주님사랑, 데일리 비셀 (PG, Rockville) 20705 20706 20708 20707 20715 20716 20720 20723 20724 20740 20759 20769 20770 20777 20782 20783 20850 20851 20852 20853 20854 20855 제4지역 (임도균 목사) 다메섹 예드림, Faith&Love, 라이프, 아하 I, 아하 II, 열매맺는 나무, 아가 안디옥 베데스다, 베들레헴, 단비, 비둘기, 예동, 부활 제5지역 (임광 목사) 그루터기 진짜?진짜!, 마음모아, SOWL(소울), 파도, 썸띵, 만나, 예닮 다드림 예인, 시선, 그린라이트, 배가, 예수님처럼, 양, Welcome, LTE, work/walking, FiG, 참, THE, Acts29, 대학캠퍼스 (임광 목사) UMCP셀 University of Maryland College Park Campus 모임 UMBC셀 University of Maryland Baltimore Campus 모임 MC셀 Montgomery College Campus 모임",주보 (2014-08-24)
2014-08-31,2014,8,창립,개척교회를 위한 특별헌금(Special Offering): 일시: 9~10월 교회창립 40주년에 주총회와 국내선교부 협동사역으로 MD/DE 지역사회에 소수민족계 교회개척을 위해 단회적으로 특별헌금을 드리고자 합니다. 자원하여 적극적으로 동참해 주시기 바랍니다.,주보 (2014-08-31)
2014-09-07,2014,9,세미나,"제자훈련팀: 가을학기 개강/등록: 개강 일시: 9/7(주일) 등록: 오늘, 중앙 복도 교사세미나: 일시: 8/26(화), 7pm 강사: 김만풍/임도균 목사 주제: 주님께 인정받는 교사 장소: 새교우 영접실 교사/봉사자 모임: 일시: 9/7(주일), 1:30pm 장소: 소망회실",주보 (2014-08-24)
2014-09-07,2014,9,창립,개척교회를 위한 특별헌금(Special Offering): 일시: 9~10월 교회창립 40주년에 주총회와 국내선교부 협동사역으로 MD/DE 지역사회에 소수민족계 교회개척을 위해 단회적으로 특별헌금을 드리고자 합니다. 자원하여 적극적으로 동참해 주시기 바랍니다.,주보 (2014-09-07)
2014-09-07,2014,9,창립,"교회창립 40주년 교회개척과 4대제자 세우는 일에 성령께서 역사하시도록 ••••• 2014년도 지역교회 구분 ••••• 지역/목회자 마을 셀 교 회 제1지역 (최인돈 전도사) 소망 소망회 터치 충만, 임마누엘, 한마음, 포토맥, 오직예수 샬롬 한사랑, 더욱사랑, 사랑, 아스펜힐, 에벤에셀 은샘 노아, 스톤게이트, 등대, 소리엘 함께 예은, 불기둥, 야베스, INCHRIST 증인 엘리야, 생수, 아브라함, 화목 비셀 (SS) 20814 20815 20817 20895 20901 20902 20903 20904 20905 20906 20910 21029 21042 21043 21044 21045 21046 21061 20075 20076 21113 21117 21128 21144 21163 21202 21204 21208 20228 제2지역 (임도균 목사) 순례자 씨뿌림, 에바다, 축복I, 헤브론, 고핫, 실로암, 다 은혜 동부 방주, 브니엘, 산상수훈, 여기있나이다, 모퉁이돌 우리 하나, 헷세드, 전신갑주, 일삼오(135), 약속, 나눔 찬양 할렐루야, 할렐루야I, 할렐루야II, 할렐루야III 서부 옥토마을, 돌단마을, 목장마을, 샘물마을, 세움, 솔츠베리예능, 영광, 반석마을 비셀 (VA/DC/ Gaithers- burg북쪽, Olney) 20001 20015 20017 20120 20147 20151 20171 20190 20832 20833 20841 20871 20872 20874 20876 20877 20878 20879 20882 20886 21704 21714 21737 21754 22003 22031 22033 22039 22101 22206 22903 24501 제3지역 (김우준 목사) 은혜평강 과원, 나침반, 로이스, 루디아, 서로사랑, GP(푸른초장), 새삶추 향촌나무 열매맺는나무, 생명나무, 서로돌봄, 가족, 사은, 생명, 백향나무 다기도 향기로운, 향기로운I, 예앎, The Spirit, 자유함, 주찬양 평화 기쁨, 위튼, 로뎀나무, 하은, 화평, 구원 풍성한 주바라기, 콜롬비아, 클락스빌, 토브, 주님사랑, 데일리 비셀 (PG, Rockville) 20705 20706 20708 20707 20715 20716 20720 20723 20724 20740 20759 20769 20770 20777 20782 20783 20850 20851 20852 20853 20854 20855 제4지역 (임도균 목사) 다메섹 예드림, Faith&Love, 라이프, 아하 I, 아하 II, 열매맺는 나무, 아가 안디옥 베데스다, 베들레헴, 단비, 비둘기, 예동, 부활 제5지역 (임광 목사) 그루터기 진짜?진짜!, 마음모아, SOWL(소울), 파도, 썸띵, 만나, 예닮 다드림 예인, 시선, 그린라이트, 배가, 예수님처럼, 양, Welcome, LTE, work/walking, FiG, 참, THE, Acts29 대학캠퍼스 (임광 목사) UMCP셀 University of Maryland College Park Campus 모임 UMBC셀 University of Maryland Baltimore Campus 모임 MC셀 Montgomery College Campus 모임",주보 (2014-09-07)
2014-09-07,2014,9,성례,"아시아 교회 연합 기도회(Asian Concert of Prayer): 주최: 남침례교 주총회 장소: 한우리 교회(800 Randolph Rd, Silver Spring, MD 20904) 일시: 9/7일(오늘), 6pm 남침례교단 모든 아시아 교회들이 모여서 세계와 지역사회, 교회를 위해 함께 기도하는 모임이며, 관심 있으신 모든 분들을 초청합니다.",주보 (2014-09-07)
2014-09-14,2014,9,창립,개척교회를 위한 특별헌금(Special Offering): 일시: 9~10월 교회창립 40주년에 주총회와 국내선교부 협동사역으로 MD/DE 지역사회에 소수민족계 교회개척을 위해 단회적으로 특별헌금을 드리고자 합니다. 자원하여 적극적으로 동참해 주시기 바랍니다.,주보 (2014-09-14)
2014-09-14,2014,9,훈련/수련회,북미주 유학생 수련회(KOSTA) 사역을 위하여,주보 (2014-09-14)
2014-09-16,2014,9,세미나,"이슬람 선교 심포지엄(Symposium for Muslim Mission): 주최: 홍해 선교회 주제: 이슬람 세계와 기독교 선교 방향 일시: 9/16(화)~17(수), 9:30am~4pm 장소: 지구촌교회 본당 이슬람 세계의 이해와 미국에 거주하는 무슬림들을 주님께로 인도하는 전도/선교 전략에 대한 세미나. 관심있으신 모든 분들을 초청하며 자세한 프로그램은 사무실에 비치되어 있습니다.",주보 (2014-09-07)
2014-09-21,2014,9,회의/의회,"정기제직회/임시사무총회(General Congregational Meeting): 안건: 실행위원 후보 신임투표/교회운영규정 수정/최대벽 전도사 목사시취 인준 일시: 9/21(주일), 1:45pm 장소: 커버넌트 채플",주보 (2014-09-07)
2014-09-21,2014,9,창립,개척교회를 위한 특별헌금(Special Offering): 일시: 9~10월 교회창립 40주년에 주총회와 국내선교부 협동사역으로 MD/DE 지역사회에 소수민족계 교회개척을 위해 단회적으로 특별헌금을 드리고 있습니다. 자원하여 적극적으로 동참해 주시기 바랍니다. 현재 헌금액: 780불,주보 (2014-09-21)
2014-09-21,2014,9,창립,"교회창립 40주년을 맞으며 4대 제자 세우는 일과 교회 개척을 위하여 ••••• 2014년도 지역교회 구분 ••••• 지역/목회자 마을 셀 교 회 제1지역 (최인돈 전도사) 소망 소망회 터치 충만, 임마누엘, 한마음, 포토맥, 오직예수 샬롬 한사랑, 더욱사랑, 사랑, 아스펜힐, 에벤에셀 은샘 노아, 스톤게이트, 등대, 소리엘 함께 예은, 불기둥, 야베스, INCHRIST 증인 엘리야, 생수, 아브라함, 화목 비셀 (SS) 20814 20815 20817 20895 20901 20902 20903 20904 20905 20906 20910 21029 21042 21043 21044 21045 21046 21061 20075 20076 21113 21117 21128 21144 21163 21202 21204 21208 20228 제2지역 (임도균 목사) 순례자 씨뿌림, 에바다, 축복I, 헤브론, 고핫, 실로암, 다 은혜 동부 방주, 브니엘, 산상수훈, 여기있나이다, 모퉁이돌 우리 하나, 헷세드, 전신갑주, 일삼오(135), 약속, 나눔 찬양 할렐루야, 할렐루야I, 할렐루야II, 할렐루야III 서부 옥토마을, 돌단마을, 목장마을, 샘물마을, 세움, 솔츠베리예능, 영광, 반석마을 비셀 (VA/DC/ Gaithers- burg북쪽, Olney) 20001 20015 20017 20120 20147 20151 20171 20190 20832 20833 20841 20871 20872 20874 20876 20877 20878 20879 20882 20886 21704 21714 21737 21754 22003 22031 22033 22039 22101 22206 22903 24501 제3지역 (김우준 목사) 은혜평강 과원, 나침반, 로이스, 루디아, 서로사랑, GP(푸른초장), 새삶추 향촌나무 열매맺는나무, 생명나무, 서로돌봄, 가족, 사은, 생명, 백향나무 다기도 향기로운, 향기로운I, 예앎, The Spirit, 자유함, 주찬양 평화 기쁨, 위튼, 로뎀나무, 하은, 화평, 구원 풍성한 주바라기, 콜롬비아, 클락스빌, 토브, 주님사랑, 데일리 비셀 (PG, Rockville) 20705 20706 20708 20707 20715 20716 20720 20723 20724 20740 20759 20769 20770 20777 20782 20783 20850 20851 20852 20853 20854 20855 제4지역 (임도균 목사) 다메섹 예드림, Faith&Love, 라이프, 아하 I, 아하 II, 열매맺는 나무, 아가 안디옥 베데스다, 베들레헴, 단비, 비둘기, 예동, 부활 제5지역 (임광 목사) 그루터기 진짜?진짜!, 마음모아, SOWL(소울), 파도, 썸띵, 만나, 예닮 다드림 예인, 시선, 그린라이트, 배가, 예수님처럼, 양, Welcome, LTE, work/walking, FiG, 참, THE, Acts29 대학캠퍼스 (임광 목사) UMCP셀 University of Maryland College Park Campus 모임 UMBC셀 University of Maryland Baltimore Campus 모임 MC셀 Montgomery College Campus 모임",주보 (2014-09-21)
2014-09-28,2014,9,창립,"개척교회를 위한 특별헌금(Special Offering): 일시: 9~10월 교회창립 40주년에 주총회와 국내선교부 협동사역으로 MD/DE 지역사회에 소수민족계 교회개척을 위해 단회적으로 특별헌금을 드리고 있습니다. 자원하여 적극적으로 동참해 주시기 바랍니다. 현재 헌금액: 12,000불",주보 (2014-09-28)
2014-09-29,2014,9,부흥회/집회,"이 시대 영분별을 위한 집회(Spiritual Discernment Rally): 일시: 9/29(월)~10/1(수), 7:30pm 장소: 본당 강사: 최삼경 목사(빛과소금 교회 담임목사, 현 인터넷신문 교회와신앙 상임이사, 예장 통합 총회 이단사이비 대책위원회 위원장, 예장 통합 이단 사이비 상담소장, 한기총 이단 사이비 상담소장) ① 9/29(월), 7:30pm: 제목: ‘세월호 사건과 구원파의 이단 사상’ -마 6:12 ② 9/30(화), 7:30pm: 제목: ‘신사도 운동과 문제점’-마 12:39 ③ 10/1(수), 7:30pm: 제목: ‘한국교회와 이단’(신천지, 하나님의 교회를 중심으로)-마 13:34~35",주보 (2014-09-21)
2014-10-03,2014,10,부흥회/집회,담임목사 동정(Senior Pastor): 덴버 교회연합 집회 인도 및 아노덴 전도훈련(10/3~10/5),주보 (2014-10-05)
2014-10-05,2014,10,선교,"선교사역팀(Mission): 선교헌신주일: 10/5(주일), 1부예배~5부예배 시, 2015년 단기선교팀 파송지역 명단을 보시고 한주 동안 기도하면서 내년 단기선교에 헌신해 주시면 감사하겠습니다. 문의: 예덕천 집사(240-401-2394) 선교사 성탄카드: 일시: 10/12(주일), 10/19(주일) 장소: 다목적대강당 지구촌교회 파송선교사님들을 위한 성탄 카드와 헌금에 기도하는 마음으로 동참해 주시면 감사하겠습니다. 2015년 단기선교팀 파송지역 해외선교 선교지 기간 사역내용 페루 1/19(월)~2/2(월) 의료, 미용, 전도, 사진 니까라과 1/26(월)~2/5(목) 의료, 안경, 미용, 전도, 사진 과테말라 5월 의료, 미용, 전도, 사진 도미니카 공화국 6월 VBS, 전도 키르키즈스탄 6월 VBS, 전도, 아노덴 훈련 에콰도르 (중고등부) 7월 International World Changers, 봉사, 전도 국내선교 Butler, PA(중고등부) 7월 VBS, 전도(학부모/인솔교사) 워싱턴 D.C.(중고등부) 7월 P2 미션, 전도 (학부모, 자원봉사자) Seattle, WA 7월 VBS, 전도",주보 (2014-09-28)
2014-10-05,2014,10,창립,"개척교회를 위한 특별헌금(Special Offering): 일시: 9~10월 교회창립 40주년에 주총회와 국내선교부 협동사역으로 MD/DE 지역사회에 소수민족계 교회개척을 위해 단회적으로 특별헌금을 드리고 있습니다. 자원하여 적극적으로 동참해 주시기 바랍니다. 현재 헌금액: 15,258불",주보 (2014-10-05)
2014-10-05,2014,10,기타행사,"대 제자를 세우고 교회를 개척하는 사역을 위하여 ••••• 2014년도 지역교회 구분 ••••• 지역/목회자 마을 셀 교 회 제1지역 (최인돈 전도사) 소망 소망회 터치 충만, 임마누엘, 한마음, 포토맥, 오직예수 샬롬 한사랑, 더욱사랑, 사랑, 아스펜힐, 에벤에셀 은샘 노아, 스톤게이트, 등대, 소리엘 함께 예은, 불기둥, 야베스, INCHRIST 증인 엘리야, 생수, 아브라함, 화목 비셀 (SS) 20814 20815 20817 20895 20901 20902 20903 20904 20905 20906 20910 21029 21042 21043 21044 21045 21046 21061 20075 20076 21113 21117 21128 21144 21163 21202 21204 21208 20228 제2지역 (임도균 목사) 순례자 씨뿌림, 에바다, 축복I, 헤브론, 고핫, 실로암, 다 은혜 동부 방주, 브니엘, 산상수훈, 여기있나이다, 모퉁이돌 우리 하나, 헷세드, 전신갑주, 일삼오(135), 약속, 나눔 찬양 할렐루야, 할렐루야I, 할렐루야II, 할렐루야III 서부 옥토마을, 돌단마을, 목장마을, 샘물마을, 세움, 솔츠베리예능, 영광, 반석마을 비셀 (VA/DC/ Gaithers- burg북쪽, Olney) 20001 20015 20017 20120 20147 20151 20171 20190 20832 20833 20841 20871 20872 20874 20876 20877 20878 20879 20882 20886 21704 21714 21737 21754 22003 22031 22033 22039 22101 22206 22903 24501 제3지역 (김우준 목사) 은혜평강 과원, 나침반, 로이스, 루디아, 서로사랑, GP(푸른초장), 새삶추 향촌나무 열매맺는나무, 생명나무, 서로돌봄, 가족, 사은, 생명, 백향나무 다기도 향기로운, 향기로운I, 예앎, The Spirit, 자유함, 주찬양 평화 기쁨, 위튼, 로뎀나무, 하은, 화평, 구원 풍성한 주바라기, 콜롬비아, 클락스빌, 토브, 주님사랑, 데일리 비셀 (PG, Rockville) 20705 20706 20708 20707 20715 20716 20720 20723 20724 20740 20759 20769 20770 20777 20782 20783 20850 20851 20852 20853 20854 20855 제4지역 (임도균 목사) 다메섹 예드림, Faith&Love, 라이프, 아하 I, 아하 II, 열매맺는 나무, 아가 안디옥 베데스다, 베들레헴, 단비, 비둘기, 예동, 부활 제5지역 (임광 목사) 그루터기 진짜?진짜!, 마음모아, SOWL(소울), 파도, 썸띵, 만나, 예닮 다드림 예인, 시선, 그린라이트, 배가, 예수님처럼, 양, Welcome, LTE, work/walking, FiG, 참, THE, Acts29 대학캠퍼스 (임광 목사) UMCP셀 University of Maryland College Park Campus 모임 UMBC셀 University of Maryland Baltimore Campus 모임 MC셀 Montgomery College Campus 모임",주보 (2014-10-05)
2014-10-12,2014,10,목회자 부임,"침례식(Baptism): 일시: 10/12(주일), 3부예배 시 침례받기를 원하시는 분은 지역목회자 에게 신청바랍니다. 문의: 임도균 목사(240-780-1515) 2014년",주보 (2014-10-05)
2014-10-12,2014,10,창립,"개척교회를 위한 특별헌금(Special Offering): 일시: 9~10월 교회창립 40주년에 주총회와 국내선교부 협동사역으로 MD/DE 지역사회에 소수민족계 교회개척을 위해 단회적으로 특별헌금을 드리고 있습니다. 자원하여 적극적으로 동참해 주시기 바랍니다. 현재 헌금액: 26,453불",주보 (2014-10-12)
2014-10-12,2014,10,성례,"침례식(Baptism): 일시: 10/12(오늘), 3부예배 시 침례자: Andy Woo, Christine Park",주보 (2014-10-12)
2014-10-12,2014,10,선교,"선교사역팀(Mission): ① 2015년 선교에 동참하기 원하시는 분은 교회 사무실에 비치되어 있는 헌신카드를 작성하셔서 사무실로 제출해 주시기를 바랍니다. ② 선교사 성탄카드: 일시: 10/12(오늘), 10/19(주일) 장소: 다목적대강당 지구촌교회 파송선교사님들을 위한 성탄 카드와 헌금에 기도하는 마음으로 동참해 주시면 감사하겠습니다. ③ 2015년 단기선교팀 전체 기도 모임: 일시/장소: 10/26(주일), 3:30pm, 다목적대강당 2015년 단기선교에 헌신해 주신 분들 모두 참석해 주시기를 바랍니다. 2015년 단기선교팀 파송지역 해외선교 선교지 기간 사역내용 페루 1/19(월)~1/31(토) 의료, 미용, 전도, 사진 니까라과 4월 의료, 미용, 전도, 사진 과테말라 5월 의료, 미용, 전도, 사진 도미니카 공화국 6월 VBS, 전도, 사진, 의료 키르키즈스탄 6월 VBS, 전도, 아노덴 훈련 에콰도르 (중고등부) 7월 International World Changers, 봉사, 전도 국내선교 Butler, PA(중고등부) 7월 VBS, 전도(학부모, 인솔교사) 워싱턴 D.C.(중고등부) 7월 P2 미션, 전도 (학부모, 자원봉사자) Seattle, WA 7월~8월 VBS, 전도",주보 (2014-10-12)
2014-10-17,2014,10,세미나,담임목사 동정(Senior Pastor): 시애틀 한인교회 연합성회/선한목자 선교회 열방성회 인도/ 목회자 세미나(10/17~10/19),주보 (2014-10-19)
2014-10-19,2014,10,창립,알림: 최근 교우 여러분들께 보내진 발신자의 신원을 확인할 수 없는 편지들로 인해 우려의 목소리가 높아지고 있습니다. 발신처가 없이 배달된 익명의 우편물에 대해선 교회사무실로 보 내주시면 감사하겠습니다. 지구촌교회가 창립 40주년을 맞이하여 하나님의 비전을 따라 도약 하며 나갈 수 있도록 격려하며 기도해 주시면 감사하겠습니다. 담임목사 김만풍/집사장 부제니,주보 (2014-10-19)
2014-10-19,2014,10,창립,"개척교회를 위한 특별헌금(Special Offering): 일시: 9~10월 교회창립 40주년에 주총회와 국내선교부 협동사역으로 MD/DE 지역사회에 소수민족계 교회개척을 위해 단회적으로 특별헌금을 드리고 있습니다. 자원하여 적극적으로 동참해 주시기 바랍니다. 현재 헌금액: 30,743불",주보 (2014-10-19)
2014-10-19,2014,10,목회자 부임,땅끝까지 가을호 발간: 지구촌 교회 전도지 ‘땅끝까지’ 가을호가 발간되었습니다. 가정 마다 넉넉히 가져 가셔서 이웃에게 그리스도의 사랑을 전하는 도구로 사용하시기 바랍니다. 2014년,주보 (2014-10-19)
2014-10-19,2014,10,선교,"선교사역팀(Mission): ① 2015년 선교에 동참하기 원하시는 분은 교회 사무실에 비치되어 있는 헌신카드를 작성하셔서 사무실로 제출해 주시기를 바랍니다. ② 선교사 성탄카드: 일시: 10/19(오늘) 장소: 다목적대강당 지구촌교회 파송선교사님들을 위한 성탄 카드와 헌금에 기도 하는 마음으로 동참해 주시면 감사하겠습니다. ③ 2015년 단기선교팀 전체 기도모임: 일시/ 장소: 10/26(주일), 3:30pm, 다목적대강당 2015년 단기선교에 헌신해 주신 분들 모두 참석해 주시기를 바랍니다. 2015년 단기선교팀 파송지역 해외선교 선교지 기간 사역내용 페루 1/19(월)~1/31(토) 의료, 미용, 전도, 사진 니까라과 4월 의료, 미용, 전도, 사진 과테말라 5월 의료, 미용, 전도, 사진 도미니카 공화국 6월 VBS, 전도, 사진, 의료 키르키즈스탄 6월 VBS, 전도, 아노덴 훈련 에콰도르 (중고등부) 7월 International World Changers, 봉사, 전도 국내선교 Butler, PA(중고등부) 7월 VBS, 전도(학부모, 인솔교사) 워싱턴 D.C.(중고등부) 7월 P2 미션, 전도 (학부모, 자원봉사자) Seattle, WA 7월~8월 VBS, 전도",주보 (2014-10-19)
2014-10-19,2014,10,창립,"교회창립 40주년을 주님 영광 위한 기념주일로 드릴 수 있도록 ••••• 2014년도 지역교회 구분 ••••• 지역/목회자 마을 셀 교 회 제1지역 (최인돈 전도사) 소망 소망회 터치 충만, 임마누엘, 한마음, 포토맥, 오직예수 샬롬 한사랑, 더욱사랑, 사랑, 아스펜힐, 에벤에셀 은샘 노아, 스톤게이트, 등대, 소리엘 함께 예은, 불기둥, 야베스, INCHRIST 증인 엘리야, 생수, 아브라함, 화목 비셀 (SS) 20814 20815 20817 20895 20901 20902 20903 20904 20905 20906 20910 21029 21042 21043 21044 21045 21046 21061 20075 20076 21113 21117 21128 21144 21163 21202 21204 21208 20228 제2지역 (임도균 목사) 순례자 씨뿌림, 에바다, 축복I, 헤브론, 고핫, 실로암, 다 은혜 동부 방주, 브니엘, 산상수훈, 여기있나이다, 모퉁이돌 우리 하나, 헷세드, 전신갑주, 일삼오(135), 약속, 나눔 찬양 할렐루야, 할렐루야I, 할렐루야II, 할렐루야III 서부 옥토마을, 돌단마을, 목장마을, 샘물마을, 세움, 솔츠베리예능, 영광, 반석마을 비셀 (VA/DC/ Gaithers- burg북쪽, Olney) 20001 20015 20017 20120 20147 20151 20171 20190 20832 20833 20841 20871 20872 20874 20876 20877 20878 20879 20882 20886 21704 21714 21737 21754 22003 22031 22033 22039 22101 22206 22903 24501 제3지역 (김우준 목사) 은혜평강 과원, 나침반, 로이스, 루디아, 서로사랑, GP(푸른초장), 새삶추 향촌나무 열매맺는나무, 생명나무, 서로돌봄, 가족, 사은, 생명, 백향나무 다기도 향기로운, 향기로운I, 예앎, The Spirit, 자유함, 주찬양 평화 기쁨, 위튼, 로뎀나무, 하은, 화평, 구원 풍성한 주바라기, 콜롬비아, 클락스빌, 토브, 주님사랑, 데일리 비셀 (PG, Rockville) 20705 20706 20708 20707 20715 20716 20720 20723 20724 20740 20759 20769 20770 20777 20782 20783 20850 20851 20852 20853 20854 20855 제4지역 (임도균 목사) 다메섹 예드림, Faith&Love, 라이프, 아하 I, 아하 II, 열매맺는 나무, 아가 안디옥 베데스다, 베들레헴, 단비, 비둘기, 예동, 부활 제5지역 (임광 목사) 그루터기 진짜?진짜!, 마음모아, SOWL(소울), 파도, 썸띵, 만나, 예닮 다드림 예인, 시선, 그린라이트, 배가, 예수님처럼, 양, Welcome, LTE, work/walking, FiG, 참, THE, Acts29 대학캠퍼스 (임광 목사) UMCP셀 University of Maryland College Park Campus 모임 UMBC셀 University of Maryland Baltimore Campus 모임 MC셀 Montgomery College Campus 모임",주보 (2014-10-19)
2014-10-26,2014,10,창립,알림: 최근교우여러분들께보내진발신자의신원을확인할수없는편지들로인해우려의목소리가높아지고있습니다.발신처가없이배달된익명의우편물에대해선교회사무실로보내주시면감사하겠습니다.지구촌교회가창립40주년을맞이하여하나님의비전을따라도약하며나갈수있도록격려하며기도해주시면감사하겠습니다.담임목사김만풍/집사장부제니,주보 (2014-10-26)
2014-10-26,2014,10,창립,땅끝까지 가을호 발간: 지구촌 교회 전도지 ‘땅끝까지’ 가을호가 발간되었습니다. 가정마다 넉넉히 가져 가셔서 이웃에게 그리스도의 사랑을 전하는 도구로 사용하시기 바랍니다. 2014년,주보 (2014-10-26)
2014-10-26,2014,10,선교,"년 단기선교팀 전체 기도모임(Mission Prayer Meeting): 일시/장소: 10/26(오늘), 3:30pm, 다목적대강당 2015년 단기선교에 헌신해 주신 분들 모두 참석해 주시기를 바랍니다.",주보 (2014-10-26)
2014-11-02,2014,11,창립,"개척교회를 위한 특별헌금(Special Offering): 기한: 11/2(주일) 까지 교회창립 40주년에 주총회와 국내선교부 협동사역으로 MD/DE 지역사회에 소수민족계 교회개척을 위해 단회적으로 특별헌금을 드리고 있습니다. 자원하여 적극적으로 동참해 주시기 바랍니다. 현재 헌금액: 32,904불",주보 (2014-10-26)
2014-11-02,2014,11,창립,땅끝까지 가을호 발간: 지구촌 교회 전도지 ‘땅끝까지’ 가을호가 발간되었습니다. 가정마다 넉넉히 가져 가셔서 이웃에게 그리스도의 사랑을 전하는 도구로 사용하시기 바랍니다. 2014년,주보 (2014-11-02)
2014-11-02,2014,11,성례,구원의 확신이 있는 분으로서 침례나 세례를 받은 분,주보 (2014-11-02)
2014-11-03,2014,11,기타행사,"감사절 특별새벽기도회: 일시: 11/3(월)~11/22(토), 5:30am 강사: 김만풍 목사",주보 (2014-10-26)
2014-11-08,2014,11,창립,"창립 40주년 셀축제(Cell Festival): 일시: 11/8(토), 6pm 장소: 다목적대강당/본당 프로그램: 찬양/4대제자 간증 대상: 전교인 저녁식사가 6pm에 제공되며 Child Care가 있습니다.",주보 (2014-10-26)
2014-11-09,2014,11,창립,"창립 40주년 기념예배/목사안수/집사안수(40th GMC Anniversary Service): 일시: 11/9(주일), 4pm 목사안수: 최대벽 전도사 집사안수: 최한규 집사",주보 (2014-10-26)
2014-11-09,2014,11,성례,구원의 확신이 있는 분으로서 침례나 세례를 받은 분,주보 (2014-11-09)
2014-11-09,2014,11,창립,"식당사역에서 헌신할 봉사자를 찾습니다.(Kitchen Ministry): 문의: 김봉준 집사(301- 442-6735), 김선희 집사(301-828-8737)",주보 (2014-11-09)
2014-11-14,2014,11,기타행사,"건축소식(Vision Center): 2012년 11월14일 승인이 난 건축 Site Plan의 반대 항소 공청회 (2013년 2월28일) 결과, Frederick County Board of Appeals(FCBC)에서 반대 항소의 내용에 대해 기각이 되었으며 이에 Sugarloaf Citizens Association(SCA)가 Frederick County Circuit Court에 FCBC 기각 결정에 반대하는 항소를 하였지만 2014년 2월 FCBC의 건축 Site Plan 승인이 정당하다는 판결이 나왔고 다시 SCA가 Special Court에 최종 항소를 하여 12월5일(금) 재판이 있을 예정입니다. 또한 12월10일(수)에 2nd Access Road(Emergency)에 대한 최종 항소재판이 Special Court에서 있을 예정입니다. 계속해서 기도해주시면 감사하겠습니다. -건축위원회-",주보 (2014-11-30)
2014-11-16,2014,11,회의/의회,"사무총회록 팀별 사역보고/계획서(Annual Meeting Team Report/Planning): 각 사역팀에서는 2014년~2015년도 사역보고서/계획서를 임도균 목사(240-780-1515, dlimglobal@gmail.com)께 제출해 주시기 바랍니다. 마감일: 11/16(주일)",주보 (2014-11-02)
2014-11-16,2014,11,은퇴,우리 교회에 등록하고 1년 이상 경과된 분 (70세 이상인 분은 교회 헌장에 의해서 명예은퇴집사로 섬기게 됨) 제직 추천서를 받으시면 제직 헌신서약서를 11/16(주일)까지 교회 사무실로 제출해 주시기 바랍니다. 문의: 임광 목사(323-788-4138),주보 (2014-11-02)
2014-11-16,2014,11,성례,구원의 확신이 있는 분으로서 침례나 세례를 받은 분,주보 (2014-11-16)
2014-11-23,2014,11,성례,구원의 확신이 있는 분으로서 침례나 세례를 받은 분,주보 (2014-11-23)
2014-11-30,2014,11,회의/의회,"사무총회록 팀별 사역보고/계획서(Annual Meeting Team Report/Planning): 각 사역팀에서는 2014년~2015년도 사역보고서/계획서를 임도균 목사(240-780-1515, dlimglobal@gmail.com)께 제출해 주시기 바랍니다. 마감일: 11/30(주일)",주보 (2014-11-16)
2014-11-30,2014,11,은퇴,우리 교회에 등록하고 1년 이상 경과된 분 (70세 이상인 분은 교회 헌장에 의해서 명예은퇴집사로 섬기게 됨) 제직 추천서를 받으시면 제직 헌신서약서를 11/30(주일)까지 교회 사무실로 제출해 주시기 바랍니다. 문의: 임광 목사(323-788-4138),주보 (2014-11-16)
2014-11-30,2014,11,성례,구원의 확신이 있는 분으로서 침례나 세례를 받은 분,주보 (2014-11-30)
2014-12-05,2014,12,기타행사,"건축소식(Vision Center): 최종 항소 공청회가 지난 12월5일(금), 12월10일(수), 두차례에 걸쳐 Annapolis Special Court에서 진행되었습니다. 앞으로 3~6개월 사이에 판사의 결과가 나올 예정입니다. 계속해서 기도해 주시면 감사하겠습니다. -건축위원회-",주보 (2014-12-14)
2014-12-13,2014,12,목회자 부임,"성탄음악회-메시야(Christmas Concert): 일시/장소: 12/13(토), 7:30pm, 본당 ➪지구촌 교회 Bell Choir, 어린이 찬양대 그리고 연합찬양대원이 오랫동안 준비해온 음악회에 많은 성도님들이 참석하여 성탄을 축하해 주시기 바랍니다. Baby Sitting이 준비되고, 6pm 부터 강당에서 간단한 저녁식사가 준비됩니다. 이 주간의 셀모임은 음악회 참석으로 대체합니다. 문의: 이권형 장로(301-661-5174), 송병재 집사(240-672-8278) 2014년",주보 (2014-11-30)
2014-12-14,2014,12,목회자 부임,"주일학교 전도사를 청빙합니다.(Children's Ministry Pastor): 남침례교단(SBC)에서 인정하는 신학교를 졸업한 자, 영주권이 있으신 분, 영어가 유창한 분, 어린이 사역에 마음과 재능이 있는 1분을 찾습니다. 구비서류:이력서,신앙간증문,추천서2통",주보 (2014-12-14)
2014-12-21,2014,12,목회자 부임,"주일학교 전도사를 청빙합니다.(Children's Ministry Pastor): 남침례교단(SBC)에서 인정하는 신학교를 졸업한 자, 영주권이 있으신 분, 영어가 유창한 분, 어린이 사역에 마음과 재능이 있는 1분을 찾습니다. 구비서류:이력서,신앙간증문,추천서2통문의: 임광 목사(323-788-4138, xtnlim@hotmail.com)",주보 (2014-12-21)
2014-12-25,2014,12,성례,"침례식(Baptism): 일시: 12/25(목, 성탄예배 시), 10am 침례받기를 원하시는 분은 지역목회자에게 신청 바랍니다. 문의: 임도균 목사(240-780-1515) 2014년",주보 (2014-11-16)
2014-12-25,2014,12,목회자 부임,"침례식(Baptism): 일시: 12/25(목, 성탄예배 시), 10am 침례받기를 원하시는 분은 지역목회자에게 신청 바랍니다. 문의: 임도균 목사(240-780-1515) 2014년",주보 (2014-11-23)
2014-12-25,2014,12,성례,"/25(목, 성 탄 예 배) 라 티 문 헌 금 은 남침례교단을 통해 전액 세계선교에 사용됩니다. 기도하며 세계선교에 동참해주시면 감사하겠습니다.",주보 (2014-12-21)
2014-12-28,2014,12,회의/의회,"연말 제직회(Deacons' Meeting): 일시: 12/28(주일), 1:45pm 장소: 커버넌트 채플",주보 (2014-12-14)
2014-12-28,2014,12,목회자 부임,"주일학교 전도사를 청빙합니다.(Children's Ministry Pastor): 남침례교단(SBC)에서 인정하는 신학교를 졸업한 자, 영주권이 있으신 분, 영어가 유창한 분, 어린이 사역에 마음과 재능이 있는 1분을 찾습니다. 구비서류:이력서,신앙간증문,추천서2통문의: 임광 목사(323-788-4138, xtnlim@hotmail.com)",주보 (2014-12-28)
2014-12-29,2014,12,기타행사,"신년특별새벽기도회(Early Morning Prayer Meeting): 일시: 12/29(월)~1/3(토), 5:30am 인도: 김만풍 목사 1/1(목), 새벽기도 없습니다.",주보 (2014-12-21)
2014-12-31,2014,12,목회자 사임,사임(Resignation): 최제리 전도사님께서 12월31일(수) 자로 사임.,주보 (2014-12-28)
2015-01-01,2015,1,비전,"2015년 교회 표어 ""가서 제자 삼으라""",2015 주보
2015-01-04,2015,1,목회자 부임,부임(Appointment): 이명근 지휘자(3부 시온찬양대) 2015년 1월4일(오늘) 부임.,주보 (2015-01-04)
2015-01-04,2015,1,목회자 부임,"주일학교 전도사를 청빙합니다.(Children's Ministry Pastor): 남침례교단(SBC)에서 인정하는 신학교를 졸업한 자, 영주권이 있으신 분, 영어가 유창한 분, 어린이 사역에 마음과 재능이 있는 1분을 찾습니다. 구비서류: 이력서, 신앙간증문, 추천서 2통 문의: 임광 목사 (323-788-4138, xtnlim@hotmail.com)",주보 (2015-01-04)
2015-01-11,2015,1,회의/의회,"임시 제직회(Deacon's Meeting): 안건: 2015년 예산안 일시: 1/11(주일), 1:45pm 장소: 커버넌트채플",주보 (2015-01-04)
2015-01-11,2015,1,목회자 부임,"주일학교 전도사를 청빙합니다.(Children's Ministry Pastor): 남침례교단(SBC)에서 인정하는 신학교를 졸업한 자, 영주권이 있으신 분, 영어가 유창한 분, 어린이 사역에 마음과 재능이 있는 1분을 찾습니다. 구비서류: 이력서, 신앙간증문, 추천서 2통 문의: 임광 목사 (323-788-4138, xtnlim@hotmail.com)",주보 (2015-01-11)
2015-01-15,2015,1,훈련/수련회,"청년부 연합수련회(Winter Retreat): 주제: ‘복음으로 다시 시작하라’ (begin again) 일시: 1/15(목)~1/18(주일), 2015 강사: 노진산 목사(뉴욕 믿음이 자라는 교회) 문의: 이재선 형제(301-605-4265), 이태양 형제(240-688-7322)",주보 (2014-12-28)
2015-01-18,2015,1,목회자 부임,"주일학교 전도사를 청빙합니다.(Children's Ministry Pastor): 남침례교단(SBC)에서 인정하는 신학교를 졸업한 자, 영주권이 있으신 분, 영어가 유창한 분, 어린이 사역에 마음과 재능이 있는 1분을 찾습니다. 구비서류: 이력서, 신앙간증문, 추천서 2통 문의: 임광 목사 (323-788-4138, xtnlim@hotmail.com)",주보 (2015-01-18)
2015-01-19,2015,1,선교,"MET2015 페루 단기선교(Peru Mission): 사역지: 페루 리마 일시: 1/19(월)~1/31(토), 2015 사역내용: 의료(내과, 외과, 치과, 약사, 간호사), 전도(장년, 어린이), 사진, 미용(남자, 여자), VBS 사역에 필요한 여름옷과 여행용 가방을 다목적대강당에서 수집합니다.",주보 (2014-12-07)
2015-01-25,2015,1,기타행사,"김두화 목사님을 위한 특별헌금(Special Offering): 우리 교회 초창기부터 헌신적으로 사역하시고, 현재 뉴욕지구촌교회 담임목사님으로 섬기시는 김두화 목사님께서 대장암(3기)으로 투병중이십니다. 이를 위하여 온 성도가 기도하며, 정성을 모아 사랑을 전하길 소망합니다. 특별헌금기간: 1/25(주일) 까지",주보 (2014-12-14)
2015-01-25,2015,1,회의/의회,"정기사무총회(Annual Congregational Meeting): 일시: 1/25(주일), 1:30pm 장소: 커버넌트 채플 2014년 결산보고/2015년 예산통과",주보 (2015-01-18)
2015-01-25,2015,1,목회자 부임,"주일학교 전도사를 청빙합니다.(Children's Ministry Pastor): 남침례교단(SBC)에서 인정하는 신학교를 졸업한 자, 영주권이 있으신 분, 영어가 유창한 분, 어린이 사역에 마음과 재능이 있는 1분을 찾습니다. 구비서류: 이력서, 신앙간증문, 추천서 2통 문의: 임광 목사 (323-788-4138, xtnlim@hotmail.com)",주보 (2015-01-25)
2015-01-30,2015,1,선교,"MET2015 도미니칸 공화국 단기선교(Republic of Dominica Mission): 일시: 1/30 (금)~2/6(금) 문의: 유기장 집사(410-430-0299) 어린이옷, 여름옷, 종합비타민, 상비약 등이 필요합니다. 수집장소는 다목적대강당입니다",주보 (2015-01-04)
2015-02-01,2015,2,목회자 부임,"주일학교 전도사를 청빙합니다.(Children's Ministry Pastor): 남침례교단(SBC)에서 인정하는 신학교를 졸업한 자, 영주권이 있으신 분, 영어가 유창한 분, 어린이 사역에 마음과 재능이 있는 1분을 찾습니다. 구비서류: 이력서, 신앙간증문, 추천서 2통 문의: 임광 목사 (323-788-4138, xtnlim@hotmail.com)",주보 (2015-02-01)
2015-02-08,2015,2,기타행사,"참사랑은 기다리는 것(True Love Waits Campaign) 캠페인: 순결서약식: 2/8(오늘), 4부예배 시 문의: Eli Choi 목사(301-728-2321)",주보 (2015-02-08)
2015-02-08,2015,2,목회자 부임,"주일학교 전도사를 청빙합니다.(Children's Ministry Pastor): 남침례교단(SBC)에서 인정하는 신학교를 졸업한 자, 영주권이 있으신 분, 영어가 유창한 분, 어린이 사역에 마음과 재능이 있는 1분을 찾습니다. 구비서류: 이력서, 신앙간증문, 추천서 2통 문의: 임광 목사 (323-788-4138, xtnlim@hotmail.com)",주보 (2015-02-08)
2015-02-08,2015,2,선교,"MET2016 페루 단기선교 팀원 모집(Peru Mission): 사역지: 페루 리마 일시: 2/8 (월)~2/20(토), 2016 사역내용: 의료(내과, 치과, 한방), 전도(장년, 어린이), 사진, 미용(남자, 여자), 안경, VBS 훈련시작: 11/22(주일), 12:30pm, 110호 문의: 신상철 집사(240-401- 4964), 함석호 집사(301-252-4320) 선교의 열정을 가지신 분은 누구나 참여할 수 있습니다. (항공료/숙식/사역비는 본인 부담) 2015년",주보 (2015-10-18)
2015-02-08,2015,2,선교,"선교헌신(Mission Dedication): 지난 주일(11월15일)에 선교헌신을 하시지 못한 분들은 사무실에 있는 선교헌신카드를 작성하셔서 사무실에 제출해주시기를 바랍니다.2016년 단기선교팀 파송지역선교지일시/기간사역내용 페루2/8(월)~2/20(토) 의료, 미용, 전도, 사진, 안경, VBS 멕시코2월 전도, 사진 코스타리카5월 전도, 의료, 미용, 사진 도미니카 공화국5월말 VBS, 전도, 미용 니카라과6월 전도, 의료, 미용, 사진 카작스탄7월 (HCC와 협력선교) 전도, 봉사 터키7월 (10일) 영어교육, 봉사 네팔 1 7월 (10일) (IMB 사역) 영어교육, 봉사, 이재민 구호 네팔 2 8월 (10일) 영어교육, 봉사, 이재민 구호 요르단 1 7월 (10일) 영어교육, 성지순례, 난민선교 요르단 2 9월 (10일) (IMB 사역) 영어교육, 봉사, 전도, 난민선교",주보 (2015-11-22)
2015-02-15,2015,2,성례,"전도폭발 특강(Evangelism Explosion): 제목: 한국 초대 침례교회 이야기 강사: 황재진 목사(한국 초대교회 역사연구소 소장/삭개오 선교회 대표) 일시: 2/15(주일), 2:30pm 장소: 아가페 채플 모든 성도님들을 초대합니다!",주보 (2015-02-01)
2015-02-15,2015,2,목회자 부임,"주일학교 전도사를 청빙합니다.(Children's Ministry Pastor): 남침례교단(SBC)에서 인정하는 신학교를 졸업한 자, 영주권이 있으신 분, 영어가 유창한 분, 어린이 사역에 마음과 재능이 있는 1분을 찾습니다. 구비서류: 이력서, 신앙간증문, 추천서 2통 문의: 임광 목사 (323-788-4138, xtnlim@hotmail.com)",주보 (2015-02-15)
2015-02-20,2015,2,성례,담임목사 동정(Senior Pastor): NAMB/한인침례교 선교대회: 2/20(금)~2/27(금),주보 (2015-02-22)
2015-02-22,2015,2,목회자 부임,"주일학교 전도사를 청빙합니다.(Children's Ministry Pastor): 남침례교단(SBC)에서 인정하는 신학교를 졸업한 자, 영주권이 있으신 분, 영어가 유창한 분, 어린이 사역에 마음과 재능이 있는 1분을 찾습니다. 구비서류: 이력서, 신앙간증문, 추천서 2통 문의: 임광 목사 (323-788-4138, xtnlim@hotmail.com)",주보 (2015-02-22)
2015-03-01,2015,3,목회자 부임,"주일학교 전도사를 청빙합니다.(Children's Ministry Pastor): 남침례교단(SBC)에서 인정하는 신학교를 졸업한 자, 영주권이 있으신 분, 영어가 유창한 분, 어린이 사역에 마음과 재능이 있는 1분을 찾습니다. 구비서류: 이력서, 신앙간증문, 추천서 2통 문의: 임광 목사 (323-788-4138, xtnlim@hotmail.com)",주보 (2015-03-01)
2015-03-02,2015,3,부흥회/집회,담임목사 동정(Senior Pastor): 전도훈련/집회인도/목회연구차 한국방문: 3/2(월)~3/19(목),주보 (2015-03-01)
2015-03-04,2015,3,특별행사,땅끝까지 봄호 발간: 지구촌 교회 전도지 ‘땅끝까지’ 봄호가 발간되었습니다. 가정 마다 넉넉히 가져 가셔서 이웃에게 그리스도의 사랑을 전하는 도구로 사용하시기 바랍니다. 2015년,주보 (2015-03-29)
2015-03-05,2015,3,목회자 부임,교역자 사임(Resignation): 임도균 목사께서 한국침례신학대학 설교학 교수로 부임/봄학기 강의 시작으로 3월5일(목) 날짜로 사임하시게 되었습니다.,주보 (2015-03-01)
2015-03-08,2015,3,특별행사,"셀가족반 개강(Cell Class): 일시/장소: 3/8(주일), 10am, 셀사무실 교사: 이태호 집사 2015년",주보 (2015-03-01)
2015-03-08,2015,3,목회자 부임,"주일학교 전도사를 청빙합니다.(Children's Ministry Pastor): 남침례교단(SBC)에서 인정하는 신학교를 졸업한 자, 영주권이 있으신 분, 영어가 유창한 분, 어린이 사역에 마음과 재능이 있는 1분을 찾습니다. 구비서류: 이력서, 신앙간증문, 추천서 2통 문의: 임광 목사 (323-788-4138, xtnlim@hotmail.com)",주보 (2015-03-08)
2015-03-15,2015,3,특별행사,"봄학기 평신도 성서대학/제자훈련(Spring Global Layman Bible College/Discipleship): 2015년 봄학기 성서대학/제자훈련이 3/15일(주일) 부터 시작됩니다. 봄학기 등록: 3/8(오늘), 복도에서 문의: 김성주 집사(410-693-8707) 2015년",주보 (2015-03-08)
2015-03-15,2015,3,성례,"부활절에 침례 받을 성도들을 위하여 ••••• 2015년도 지역교회 구분 ••••• 지역/목회자 마을 셀 교 회 제1지역 (최인돈 전도사) 소망 소망회 터치 충만, 임마누엘, 한마음, 포토맥, 오직예수 샬롬 한사랑, 더욱사랑, 사랑, 아스펜힐, 에벤에셀 은샘 노아, 스톤게이트, 등대, 소리엘 함께 예은, 불기둥, 야베스, INCHRIST, 영광 증인 엘리야, 생수, 아브라함, 화목, 헤브론 비셀 (SS) 20814 20815 20817 20895 20901 20902 20903 20904 20905 20906 20910 21029 21042 21043 21044 21045 21046 21061 20075 20076 21113 21117 21128 21144 21163 21202 21204 21208 20228 제2지역 순례자 씨뿌림, 에바다, 축복I, 고핫, 실로암, 다 은혜 동부 방주, 브니엘, 산상수훈, 여기있나이다, 모퉁이돌 우리 헷세드, 전신갑주, 일삼오(135), 약속, 나눔 찬양 할렐루야, 할렐루야I, 할렐루야II, 할렐루야III 서부 옥토마을, 돌단마을, 목장마을, 샘물마을, 세움, 솔츠베리예능, 반석마을 비셀 (VA/DC/ Gaithers- burg북쪽, Olney) 20001 20015 20017 20120 20147 20151 20171 20190 20832 20833 20841 20871 20872 20874 20876 20877 20878 20879 20882 20886 21704 21714 21737 21754 22003 22031 22033 22039 22101 22206 22903 24501 제3지역 (김우준 목사) 은혜평강 과원, 나침반, 로이스, 루디아, 서로사랑, GP(푸른초장), 새삶추 향촌나무 열매맺는나무, 생명나무, 서로돌봄, 가족, 사은, 생명, 백향나무 다기도 향기로운, 향기로운I, 예앎, The Spirit, 자유함, 주찬양 평화 기쁨, 위튼, 로뎀나무, 하은, 화평, 구원 풍성한 주바라기, The Present, 클락스빌, 토브, 주님사랑, 데일리 비셀 (PG, Rockville) 20705 20706 20708 20707 20715 20716 20720 20723 20724 20740 20759 20769 20770 20777 20782 20783 20850 20851 20852 20853 20854 20855 제4지역 다메섹 예드림, 라이프, 아하 II, 아가 안디옥 베데스다, 베들레헴, 단비, 비둘기, 예동, 부활, Faith&Love 제5지역 (임광 목사) 그루터기 진짜?진짜!, 마음모아, SOWL(소울), 파도, 썸띵, 만나, 예닮 다드림 예인, 시선, 그린라이트, 배가, 예수님처럼, 양, Welcome, LTE, work/walking, FiG, 참, THE, Acts29 대학캠퍼스 (임광 목사) UMCP셀 University of Maryland College Park Campus 모임 UMBC셀 University of Maryland Baltimore Campus 모임 MC셀 Montgomery College Campus 모임",주보 (2015-03-15)
2015-03-15,2015,3,목회자 부임,"주일학교 전도사를 청빙합니다.(Children's Ministry Pastor): 남침례교단(SBC)에서 인정하는 신학교를 졸업한 자, 영주권이 있으신 분, 영어가 유창한 분, 어린이 사역에 마음과 재능이 있는 1분을 찾습니다. 구비서류: 이력서, 신앙간증문, 추천서 2통 문의: 임광 목사 (323-788-4138, xtnlim@hotmail.com)",주보 (2015-03-15)
2015-03-22,2015,3,회의/의회,"제직회(Deacon's Meeting): 일시: 3/22(주일), 1:45pm 장소: 커버넌트채플",주보 (2015-03-08)
2015-03-22,2015,3,목회자 부임,"주일학교 전도사를 청빙합니다.(Children's Ministry Pastor): 남침례교단(SBC)에서 인정하는 신학교를 졸업한 자, 영주권이 있으신 분, 영어가 유창한 분, 어린이 사역에 마음과 재능이 있는 1분을 찾습니다. 구비서류: 이력서, 신앙간증문, 추천서 2통 문의: 임광 목사 (323-788-4138, xtnlim@hotmail.com)",주보 (2015-03-22)
2015-03-24,2015,3,기타행사,"김두화 목사 돕기 특별헌금 보고(Special Offering): 지난 2개월 동안 김두화 목사님 돕기 캠페인을 위해 기도와 마음과 정성으로 참여해 주신 모든 분들께 감사드리며 10,100불이 모금 되었으며 지구촌교회의 마음과 정성을 모아 3월24일(화) 자택을 방문하여 전달해 드렸습니다.",주보 (2015-03-29)
2015-03-29,2015,3,목회자 부임,"주일학교 전도사를 청빙합니다.(Children's Ministry Pastor): 남침례교단(SBC)에서 인정하는 신학교를 졸업한 자, 영주권이 있으신 분, 영어가 유창한 분, 어린이 사역에 마음과 재능이 있는 1분을 찾습니다. 구비서류: 이력서, 신앙간증문, 추천서 2통 문의: 임광 목사 (323-788-4138, xtnlim@hotmail.com)",주보 (2015-03-29)
2015-03-30,2015,3,기타행사,"수난주간 특별새벽기도회(Early Morning Prayer): 일시: 3/30(월)~4/4(토), 5:30am 말씀: 김만풍 목사",주보 (2015-03-15)
2015-04-03,2015,4,특별행사,"연합찬양대 수난금요음악회-‘레퀴엠’(Requiem)-영원한 안식: 일시: 4/3(금), 7:30pm 장소: 지구촌교회 본당",주보 (2015-03-22)
2015-04-05,2015,4,성례,영어회중 부활주일(오늘) 예배/침례식(HCC Easter Sunday Service/Baptism): 영어 회중(HCC) 부활주일(오늘) 예배는 오후 3시30분에 지구촌교회 본당에서 있습니다.,주보 (2015-04-05)
2015-04-05,2015,4,목회자 부임,"주일학교 전도사를 청빙합니다.(Children's Ministry Pastor): 남침례교단(SBC)에서 인정하는 신학교를 졸업한 자, 영주권이 있으신 분, 영어가 유창한 분, 어린이 사역에 마음과 재능이 있는 1분을 찾습니다. 구비서류: 이력서, 신앙간증문, 추천서 2통 문의: 임광 목사 (323-788-4138, xtnlim@hotmail.com)",주보 (2015-04-05)
2015-04-12,2015,4,목회자 부임,"주일학교 전도사를 청빙합니다.(Children's Ministry Pastor): 남침례교단(SBC)에서 인정하는 신학교를 졸업한 자, 영주권이 있으신 분, 영어가 유창한 분, 어린이 사역에 마음과 재능이 있는 1분을 찾습니다. 구비서류: 이력서, 신앙간증문, 추천서 2통 문의: 임광 목사 (323-788-4138, xtnlim@hotmail.com)",주보 (2015-04-12)
2015-04-13,2015,4,선교,"니까라과 단기선교팀(Nicaragua Mission): 일시: 4/13(월)~4/16(목) 팀원: 김만풍 목사, 김쥴리, 강형천, 강혜경 (4명)",주보 (2015-04-12)
2015-04-19,2015,4,목회자 부임,영어회중(HCC) 담당사역자 부임: 유철희 목사님께서 6월 첫째주에 영어회중(HCC) 담당 사역자로 부임하십니다. 2015년,주보 (2015-04-12)
2015-04-19,2015,4,성례,"중등부/고등부 예배시간(Sunday Service): 중등부: 10am 고등부: 11:15am ▶심방요청(Visitation): 자녀를 위한 심방이 필요하신 부모님은 Eli Choi 목사(301-728- 2321)에게 연락바랍니다. ▶중고등부 학부모 회의(PTA): 일시: 4/19(주일), 1pm 장소: 커버넌트 채플 부모님들 모두 참석해 주시기 바랍니다. ▶P2 미션(P2 Mission): 일시: 7/18(토)~7/24(금) 모집인원: 40명(침례 받은 크리스챤/등록교인) 등록비: 300불 장소: 지구촌교회 중고등부 여름 미션은 P2 미션으로 하며, 정원이 정해져 있어서 선착순으로 등록받습니다. 문의: http://www.lifeway.com/p2missions/ ▶여름수양회(Summer Retreat): 일시: 8/16(주일)~8/18(화) 장소: Camp Joy El ▶중등부 친교모임(Junior School Fellowship Night): 일시: 4/18(토), 5pm~8pm 장소: Caleb Yoon 가정(10708 Enfield Dr. Woodstock MD 21163) 저녁제공, 한가정당 한가지 음식을 가져오시길 부탁드립니다.",주보 (2015-04-12)
2015-04-19,2015,4,목회자 부임,년 바자관련 안내(2015 Bazaar): 4월말에 예정된 바자일정을 여러 사항들을 고려하여 GMC와 HCC가 함께 하는 9월 추계 바자로 진행하려 하오니 양해해 주시고 기도해 주시면 감사하겠습니다. 2015년,주보 (2015-04-19)
2015-04-19,2015,4,목회자 부임,"주일학교 전도사를 청빙합니다.(Children's Ministry Pastor): 남침례교단(SBC)에서 인정하는 신학교를 졸업한 자, 영주권이 있으신 분, 영어가 유창한 분, 어린이 사역에 마음과 재능이 있는 1분을 찾습니다. 구비서류: 이력서, 신앙간증문, 추천서 2통 문의: 임광 목사 (323-788-4138, xtnlim@hotmail.com)",주보 (2015-04-19)
2015-04-25,2015,4,특별행사,"봄맞이 대청소(Spring Cleaning Day): “교회를 내 몸과 같이 깨끗이 청소하길 원합니다.” 일시: 4/25(토), 8am~1pm 대상: 전교인(셀, 비셀, EC, 한어/영어 중고등부) 간단한 아침식사와 점심이 제공됩니다. 문의: 김학재 집사(240-994-8716), 천병환 집사(301- 221-2321) 2015년",주보 (2015-04-05)
2015-04-25,2015,4,기타행사,"봄맞이 대청소(Spring Cleaning Day): “교회를 내 몸과 같이 깨끗이 청소하길 원합니다.” 일시: 4/25(토), 8am~1pm 대상: 전교인(셀, 비셀, EC, 한어/영어 중고등부) 간단한 아침식사와 점심이 제공됩니다. 문의: 김학재 집사(240-994-8716), 천병환 집사(301- 221-2321)",주보 (2015-04-12)
2015-04-26,2015,4,목회자 부임,년 바자관련 안내(2015 Bazaar): 4월말에 예정된 바자일정을 여러 사항들을 고려하여 GMC와 HCC가 함께 하는 9월 추계 바자로 진행하려 하오니 양해해 주시고 기도해 주시면 감사하겠습니다. 2015년,주보 (2015-04-26)
2015-04-26,2015,4,목회자 부임,"주일학교 전도사를 청빙합니다.(Children's Ministry Pastor): 어린이 사역에 마음과 재능이 있는 1분을 찾습니다. 구비서류: 이력서, 신앙간증문, 추천서 2통 문의: 임광 목사 (323-788-4138, xtnlim@hotmail.com)",주보 (2015-04-26)
2015-05-03,2015,5,훈련/수련회,년 바자관련 안내(2015 Bazaar): 4월말에 예정된 바자일정을 여러 사항들을 고려하여 GMC와 HCC가 함께 하는 9월 추계 바자로 진행하려 하오니 양해해 주시고 기도해 주시면 감사하겠습니다. 2015년,주보 (2015-05-03)
2015-05-03,2015,5,목회자 부임,"주일학교 전도사를 청빙합니다.(Children's Ministry Pastor): 어린이 사역에 마음과 재능이 있는 1분을 찾습니다. 구비서류: 이력서, 신앙간증문, 추천서 2통 문의: 임광 목사 (323-788-4138, xtnlim@hotmail.com)",주보 (2015-05-03)
2015-05-03,2015,5,훈련/수련회,북미주 유학생 수련회(KOSTA) 사역을 위하여,주보 (2015-05-03)
2015-05-07,2015,5,특별행사,"지구촌 행복나눔 잔치(GMC Ministry Expo): 일시: 5/7(목), 10am~8pm 교파와 교단을 초월한 외부 목회자를 위한 지구촌 행복나눔 잔치를 위하여 기도해 주시고 협력해 주시길 바랍니다.",주보 (2015-04-12)
2015-05-07,2015,5,특별행사,"목회자 초청 지구촌행복나눔잔치(5월 7일, 목요일)를 통해 교회들이 말씀 위에 든든히 세워지도록 ••••• 2015년도 지역교회 구분 ••••• 지역/목회자 마을 셀 교 회 제1지역 (최인돈 전도사) 소망 소망회 터치 충만, 임마누엘, 한마음, 포토맥, 오직예수 샬롬 한사랑, 더욱사랑, 사랑, 아스펜힐, 에벤에셀 은샘 노아, 스톤게이트, 등대, 소리엘 함께 예은, 불기둥, 야베스, INCHRIST, 영광, 주님사랑 증인 엘리야, 생수, 아브라함, 화목, 헤브론 비셀 (SS) 20814 20815 20817 20895 20901 20902 20903 20904 20905 20906 20910 21029 21042 21043 21044 21045 21046 21061 20075 20076 21113 21117 21128 21144 21163 21202 21204 21208 20228 제2지역 순례자 씨뿌림, 에바다, 축복I, 고핫, 실로암, 다 은혜 동부 방주, 브니엘, 산상수훈, 여기있나이다, 모퉁이돌 우리 헷세드, 전신갑주, 일삼오(135), 약속, 나눔 찬양 할렐루야, 할렐루야I, 할렐루야II, 할렐루야III 서부 옥토마을, 돌단마을, 목장마을, 샘물마을, 세움, 솔츠베리예능, 반석마을 비셀 (VA/DC/ Gaithers- burg북쪽, Olney) 20001 20015 20017 20120 20147 20151 20171 20190 20832 20833 20841 20871 20872 20874 20876 20877 20878 20879 20882 20886 21704 21714 21737 21754 22003 22031 22033 22039 22101 22206 22903 24501 제3지역 (김우준 목사) 은혜평강 과원, 나침반, 로이스, 루디아, 서로사랑, GP(푸른초장), 새삶추 향촌나무 열매맺는나무, 생명나무, 서로돌봄, 가족, 사은, 생명, 백향나무 다기도 향기로운, 향기로운I, 예앎, The Spirit, 자유함, 주찬양 평화 기쁨, 위튼, 로뎀나무, 하은, 화평, 구원 풍성한 주바라기, The Present, 클락스빌, 토브, 데일리 비셀 (PG, Rockville) 20705 20706 20708 20707 20715 20716 20720 20723 20724 20740 20759 20769 20770 20777 20782 20783 20850 20851 20852 20853 20854 20855 제4지역 다메섹 예드림, 라이프, 아하 II, 아가 안디옥 베데스다, 베들레헴, 단비, 비둘기, 예동, 부활, Faith&Love 제5지역 (임광 목사) 그루터기 진짜?진짜!, 마음모아, SOWL(소울), 파도, 썸띵, 만나, 예닮 다드림 예인, 시선, 그린라이트, 배가, 예수님처럼, 양, Welcome, LTE, work/walking, FiG, 참, THE, Acts29 대학캠퍼스 (임광 목사) UMCP셀 University of Maryland College Park Campus 모임 UMBC셀 University of Maryland Baltimore Campus 모임 MC셀 Montgomery College Campus 모임",주보 (2015-04-26)
2015-05-10,2015,5,목회자 부임,"주일학교 전도사를 청빙합니다.(Children's Ministry Pastor): 어린이 사역에 마음과 재능이 있는 1분을 찾습니다. 구비서류: 이력서, 신앙간증문, 추천서 2통 문의: 임광 목사 (323-788-4138, xtnlim@hotmail.com)",주보 (2015-05-10)
2015-05-17,2015,5,회의/의회,"정기제직회(Deacon's Meeting): 일시: 5/17(주일), 1:45pm 장소: 커버넌트 채플",주보 (2015-05-03)
2015-05-17,2015,5,목회자 부임,"주일학교 전도사를 청빙합니다.(Children's Ministry Pastor): 어린이 사역에 마음과 재능이 있는 1분을 찾습니다. 구비서류: 이력서, 신앙간증문, 추천서 2통 문의: 임광 목사 (323-788-4138, xtnlim@hotmail.com)",주보 (2015-05-17)
2015-05-18,2015,5,선교,"MET2015 과테말라 단기선교(Guatemala Mission): 일시: 5/18(월)~5/26(화), 2015 사역내용: 아노덴 전도, 미용, 사진, 의료, 어린이사역 팀원: 김우준 목사, 신혜숙, 유경호, 유미숙, 정성순, 정준호, 주문옥, 홍명순, 박병만 목사, 테프론 윤자 (10명)",주보 (2015-05-17)
2015-05-23,2015,5,창립,담임목사 동정(Senior Pastor): 5/23(토)~5/26(화) 시애틀지구촌교회 창립 기념 부 흥회 및 아노덴 전도훈련 인도,주보 (2015-05-24)
2015-05-24,2015,5,목회자 부임,"주일학교 전도사를 청빙합니다.(Children's Ministry Pastor): 어린이 사역에 마음과 재능이 있는 1분을 찾습니다. 구비서류: 이력서, 신앙간증문, 추천서 2통 문의: 임광 목사 (323-788-4138, xtnlim@hotmail.com)",주보 (2015-05-24)
2015-05-30,2015,5,세미나,"유방암 세미나: 진단에서 수술, 치료까지-유방암에 대한 모든 것 주최: 매릴랜드 대학교 보건대학원 투게더 프로그램 일시: 5/30(토), 2pm~4pm 장소: 와싱톤 한인교회(1219 Swinks Rd. McLean, VA 22102) 문의: 엄성혜(240-473-2845) 3명의 한인 의료진과 함께 하는 무료 한인여성 건강세미나, 진단, 수술, 항암치료를 담당하시는 의사들께서 각 치료 과정에 대한 자세한 설명과 질의응답을 해드립니다.",주보 (2015-05-24)
2015-05-31,2015,5,특별행사,볼티모어/네팔을 위한 구제헌금(Offering for Baltimore/Nepal): 볼티모어 폭동 으로 인해 피해가 심한 주민/네팔 지진으로 고생하는 난민들을 위해 계속 구제헌금을 합니다. 봉투는 사무실에 준비되어 있습니다. 2015년,주보 (2015-05-31)
2015-05-31,2015,5,목회자 부임,"주일학교 전도사를 청빙합니다.(Children's Ministry Pastor): 어린이 사역에 마음과 재능이 있는 1분을 찾습니다. 구비서류: 이력서, 신앙간증문, 추천서 2통 문의: 임광 목사 (323-788-4138, xtnlim@hotmail.com)",주보 (2015-05-31)
2015-05-31,2015,5,목회자 사임,사임(Resignation): 그동안 교육목사로 수고하신 최진석 목사님이 5/31일자로 사임하게 되셨습니다.,주보 (2015-07-05)
2015-06-07,2015,6,특별행사,볼티모어/네팔을 위한 구제헌금(Offering for Baltimore/Nepal): 볼티모어 폭동 으로 인해 피해가 심한 주민/네팔 지진으로 고생하는 난민들을 위해 계속 구제헌금을 합니다. 봉투는 사무실에 준비되어 있습니다. 2015년,주보 (2015-06-07)
2015-06-07,2015,6,목회자 부임,"주일학교 전도사를 청빙합니다.(Children's Ministry Pastor): 어린이 사역에 마음과 재능이 있는 1분을 찾습니다. 구비서류: 이력서, 신앙간증문, 추천서 2통 문의: 임광 목사 (323-788-4138, xtnlim@hotmail.com)",주보 (2015-06-07)
2015-06-07,2015,6,성례,"남침례회 연차총회(Columbus, OH)와 한인총회(San Jose, CA)가 6월15~17일에 열리는데 성령의 역사가 임하도록",주보 (2015-06-07)
2015-06-21,2015,6,특별행사,알림: 최근 교우 여러분들께 보내진 발신자의 신원을 확인할 수 없는 편지로 심려를 끼쳐 죄송 합니다. 발신처가 없이 배달된 익명의 우편물에 대해선 교회사무실로 보내주시면 감사하겠습니다. 지구촌교회가 하나님의 비전을 따라 부흥하며 나갈 수 있도록 서로 사랑하고 격려하며 기도해 주시면 감사하겠습니다. 담임목사 김만풍/집사장 부제니 2015년,주보 (2015-06-14)
2015-06-21,2015,6,목회자 부임,"아버지 주일: 오늘, 아버지 주일을 맞이하여 한 마을에서 아버지들을 위한 펜을 준비했습니다. 모든 아버지들 삶에 주님의 은혜가 넘쳐나기를 기도합니다. 2015년",주보 (2015-06-21)
2015-07-05,2015,7,훈련/수련회,"주일학교 데이캠프를 비롯한 교회의 여름행사에 성령께서 역사하시고 안전하게 진행되도록 ••••• 2015년도 지역교회 구분 ••••• 지역/목회자 마을 셀 교 회 제1지역 (최인돈 전도사) 소망 소망회 터치 충만, 임마누엘, 한마음, 포토맥, 오직예수 샬롬 한사랑, 더욱사랑, 사랑, 아스펜힐, 에벤에셀 은샘 노아, 스톤게이트, 등대, 소리엘 함께 예은, 불기둥, 야베스, INCHRIST, 영광, 주님사랑 증인 엘리야, 생수, 아브라함, 화목, 헤브론 비셀 (SS) 20814 20815 20817 20895 20901 20902 20903 20904 20905 20906 20910 21029 21042 21043 21044 21045 21046 21061 20075 20076 21113 21117 21128 21144 21163 21202 21204 21208 20228 제2지역 순례자 씨뿌림, 에바다, 축복I, 고핫, 실로암, 다 은혜 동부 방주, 브니엘, 산상수훈, 여기있나이다, 모퉁이돌 우리 헷세드, 전신갑주, 일삼오(135), 약속, 나눔 찬양 할렐루야, 할렐루야I, 할렐루야II, 할렐루야III 서부 옥토마을, 돌단마을, 목장마을, 샘물마을, 세움, 솔츠베리예능, 반석마을 비셀 (VA/DC/ Gaithers- burg북쪽, Olney) 20001 20015 20017 20120 20147 20151 20171 20190 20832 20833 20841 20871 20872 20874 20876 20877 20878 20879 20882 20886 21704 21714 21737 21754 22003 22031 22033 22039 22101 22206 22903 24501 제3지역 (김우준 목사) 은혜평강 과원, 나침반, 로이스, 루디아, 서로사랑, GP(푸른초장), 새삶추 향촌나무 열매맺는나무, 생명나무, 서로돌봄, 가족, 사은, 생명, 백향나무 다기도 향기로운, 예앎, The Spirit, 자유함, 주찬양 평화 기쁨, 위튼, 로뎀나무, 하은, 화평, 구원 풍성한 주바라기, The Present, 클락스빌, 토브, 데일리 비셀 (PG, Rockville) 20705 20706 20708 20707 20715 20716 20720 20723 20724 20740 20759 20769 20770 20777 20782 20783 20850 20851 20852 20853 20854 20855 제4지역 다메섹 예드림, 라이프, 아하 II, 아가 안디옥 베데스다, 베들레헴, 단비, 비둘기, 예동, 부활, Faith&Love 제5지역 (임광 목사) 그루터기 진짜?진짜!, 마음모아, SOWL(소울), 파도, 썸띵, 만나, 예닮 다드림 예인, 시선, 그린라이트, 배가, 예수님처럼, 양, Welcome, LTE, work/walking, FiG, 참, THE, Acts29 대학캠퍼스 (임광 목사) UMCP셀 University of Maryland College Park Campus 모임 UMBC셀 University of Maryland Baltimore Campus 모임 MC셀 Montgomery College Campus 모임",주보 (2015-07-05)
2015-07-05,2015,7,성례,"볼티모어/네팔을 위한 구제헌금 보고(Offering): 볼티모어 폭동으로 인해 피해가 심한 주민/ 네팔 지진으로 고생하는 난민들을 위해 실시된 구제헌금 결과 7월5일 까지 볼티모어를 위해 6,404불이 네팔을 위해 9,534불이 모금되었음을 알려 드리며 조속한 시일에 남침례교단(SBC)의 해당 사역부에 여러분들의 마음과 정성을 전달해 드리도록 하겠습니다.",주보 (2015-07-19)
2015-07-06,2015,7,훈련/수련회,"년 지구촌 여름캠프 디렉터 모집(Summer Camp Director): 지구촌 여름캠프 유급 디렉터로 섬기실 분을 찾습니다. 여름캠프 일시: 7/6(월)~7/31(금) 자격: 어린이 사역에 대한 확신, 여름캠프 경험자 문의: 심재헌 집사(301-742-2208), 서보신 집사(443-280-3661)",주보 (2015-02-08)
2015-07-06,2015,7,훈련/수련회,"지구촌 여름캠프(Global Summer Camp): 캠프기간: 7/6(월)~7/31(금), 4주, 9am~12pm(유아부: 3~4살), 9am~3pm(초등부: K~5학년) 수업료: 유아부(3~4살): 400불 초등부(K~5학년): 520불, 둘째 부터 할인됩니다. 문의: 최헬렌 사모(Director) 240-643-8423, gmcsummercamp2015@gmail.com",주보 (2015-06-14)
2015-07-12,2015,7,기타행사,"지구촌 여름성경학교(VBS) 준비모임: 일시: 7/12(오늘), 1pm 장소: 142호 특별강사: 김은예 전도사 문의: 이미옥 집사(301-646-0994) 인도/지원자/자원 봉사자 모두 참석바랍니다.",주보 (2015-07-12)
2015-07-12,2015,7,회의/의회,"정기제직회와 여름학기 제자훈련을 위하여 ••••• 2015년도 지역교회 구분 ••••• 지역/목회자 마을 셀 교 회 제1지역 (최인돈 전도사) 소망 소망회 터치 충만, 임마누엘, 한마음, 포토맥, 오직예수 샬롬 한사랑, 더욱사랑, 사랑, 아스펜힐, 에벤에셀 은샘 노아, 스톤게이트, 등대, 소리엘 함께 예은, 불기둥, 야베스, INCHRIST, 영광, 주님사랑 증인 엘리야, 생수, 아브라함, 화목, 헤브론 비셀 (SS) 20814 20815 20817 20895 20901 20902 20903 20904 20905 20906 20910 21029 21042 21043 21044 21045 21046 21061 20075 20076 21113 21117 21128 21144 21163 21202 21204 21208 20228 제2지역 순례자 씨뿌림, 에바다, 축복I, 고핫, 실로암, 다 은혜 동부 방주, 브니엘, 산상수훈, 여기있나이다, 모퉁이돌 우리 헷세드, 전신갑주, 일삼오(135), 약속, 나눔 찬양 할렐루야, 할렐루야I, 할렐루야II, 할렐루야III 서부 옥토마을, 돌단마을, 목장마을, 샘물마을, 세움, 솔츠베리예능, 반석마을 비셀 (VA/DC/ Gaithers- burg북쪽, Olney) 20001 20015 20017 20120 20147 20151 20171 20190 20832 20833 20841 20871 20872 20874 20876 20877 20878 20879 20882 20886 21704 21714 21737 21754 22003 22031 22033 22039 22101 22206 22903 24501 제3지역 (김우준 목사) 은혜평강 과원, 나침반, 로이스, 루디아, 서로사랑, GP(푸른초장), 새삶추 향촌나무 열매맺는나무, 생명나무, 서로돌봄, 가족, 사은, 생명, 백향나무 다기도 향기로운, 예앎, The Spirit, 자유함, 주찬양 평화 기쁨, 위튼, 로뎀나무, 하은, 화평, 구원 풍성한 주바라기, The Present, 클락스빌, 토브, 데일리 비셀 (PG, Rockville) 20705 20706 20708 20707 20715 20716 20720 20723 20724 20740 20759 20769 20770 20777 20782 20783 20850 20851 20852 20853 20854 20855 제4지역 다메섹 예드림, 라이프, 아하 II, 아가 안디옥 베데스다, 베들레헴, 단비, 비둘기, 예동, 부활, Faith&Love 제5지역 (임광 목사) 그루터기 진짜?진짜!, 마음모아, SOWL(소울), 파도, 썸띵, 만나, 예닮 다드림 예인, 시선, 그린라이트, 배가, 예수님처럼, 양, Welcome, LTE, work/walking, FiG, 참, THE, Acts29 대학캠퍼스 (임광 목사) UMCP셀 University of Maryland College Park Campus 모임 UMBC셀 University of Maryland Baltimore Campus 모임 MC셀 Montgomery College Campus 모임",주보 (2015-07-12)
2015-07-18,2015,7,성례,"중등부/고등부 예배시간(Sunday Service): 중등부: 10am 고등부: 11:15am ▶심방요청(Visitation): 자녀를 위한 심방이 필요하신 부모님은 Eli Choi 목사(301-728- 2321)에게 연락바랍니다. ▶P2 미션(P2 Mission): 일시: 7/18(토)~7/24(금) 모집인원: 40명(침례 받은 크리스챤/등록교인) 등록비: 300불 장소: 지구촌교회 중고등부 여름 미션은 P2 미션으로 하며, 정원이 정해져 있어서 선착순으로 등록받습니다. 문의: http://www.lifeway.com/p2missions/ ▶여름수양회(Summer Retreat): 일시: 8/16(주일)~8/18(화) 장소: Camp Joy El ▶중등부 친교모임(Junior School Fellowship Night): 일시: 4/18(토), 5pm~8pm 장소: Caleb Yoon 가정 저녁제공, 한가정당 한가지 음식을 가져오시길 부탁드립니다.",주보 (2015-04-05)
2015-07-18,2015,7,기타행사,"P2 미션(P2 Mission): P2 Mission은 NAMB(North American Mission Board)에서 워싱턴 D.C.지역의 교회개척을 돕는 사역입니다. 이 협력사역을 위해 약 150명의 청소년들이 7/18(토)부터 7/24(금) 까지 저희 교회에서 숙박하며 워싱턴에서 사역을 할 예정입니다. 이 학생들의 숙박과 안전, 사역을 위해 많은 기도 부탁드리고 혹 이 기간 동안 교회사용에 조금 불편이 있으시더라도 양해해 주시기 바랍니다. 일시: 7/18(토)~7/24(금) 팀교육: ① 7/5(오늘), 8:45am~9:45am, 303호 ② 7/12(주일), 8:45am~9:45am, 303호 ③ 7/17(금), 5pm~8pm, 커버넌트 채플 문의: 최대벽 목사(301-728-2321), http://www.lifeway.com/p2missions/",주보 (2015-07-05)
2015-07-19,2015,7,회의/의회,"정기제직회(Deacon's Meeting): 일시: 7/19(주일), 1:45pm 장소: 커버넌트 채플 정기 제직회의 목회, 본회계 재정, 건축 및 각 사역보고 외에 현 제직 분들 중 논의를 원하시는 안건이 있으시면 7/8(수) 까지 서면으로 작성하시어 이름과 함께 서명을 하시고 실행위원회 앞(사무실 집사장함)으로 제출해 주시면 제직회 안건으로 제출 여부를 협의 검토하도록 하겠습니다.",주보 (2015-07-05)
2015-07-21,2015,7,세미나,"워싱턴 교회협의회 40주년 동포복음화 대성회(Rally): 워싱턴교회협의회 대성회에 많은 관심과 참여를 부탁드립니다. 주최: 워싱턴교회협의회 강사: 김범선 목사, 최창섭 목사 주제: 새 시대, 새 영으로, 새롭게!!! 일시/장소: ① 7/21(화), 7:30pm, 열린문장로교회(담임: 김용훈 목사) ② 7/22(수), 7:30pm, 필그림교회(담임: 손형식 목사) ③ 7/23(목), 7:30pm, 워싱턴지구촌교회(담임: 김만풍 목사) ④ 7/24(금), 7:30pm, 베다니장로교회(담임: 김영진 목사) ⑤ 7/25(토), 7:30pm, 휄로쉽교회(담임: 김대영 목사) ⑥ 7/26(주일), 6pm, 워싱턴 중앙장로교회(담임: 류응렬 목사) 목회자 세미나: 7/27(월), 10am~2pm, 올네이션스교회 (담임: 홍원기 목사)",주보 (2015-07-19)
2015-08-01,2015,8,목회자 부임,부임: 미취약아동 및 유초등부 사역을 위하여 오주실(Rachel) 전도사와 고등부 사역을 위하여 이빌립(Phillip) 전도사가 8월1일자로 부임하심을 알려 드립니다.,주보 (2015-07-19)
2015-08-01,2015,8,목회자 부임,"부임: 이필립(영어고등부), 이주실(유초등부) 전도사 8월1일(토) 부로 부임.",주보 (2015-08-02)
2015-08-02,2015,8,성례,"SEND North America 컨퍼런스(SEND North America Conference): 남침례교 국내선교부(NAMB) 주최 선교 컨퍼런스 참가자를 모집 합니다. 주강사: David Platt(IMB 총재), Ronnie Floyd(남침례교 총회장), Al Mohler(Southern 침례신학교 총장), Louie Giglio 등. *한국어 통역이 제공됩니다. 일정: 8/2(주일, 저녁 출발)~8/5(수, 정오 도착) 장소: Nashville, Tennessee(Bridgestone Arena) 참가비: 본교인/1인당 325불, 타교인/1인당 670불(항공, 숙식, 등록비 포함), 등록시 납부해야 함. 인원: 30명 선착순(교역자 포함) 마감일: 3/15(주일) 문의: 함석호 집사(301-252-4320), 예덕천 집사(240-401-2394)",주보 (2015-02-15)
2015-08-09,2015,8,부흥회/집회,"금, 토요일 저녁 부흥집회 시 미취학 아동의 베이비싯팅과 유초등부 어린이 프로그램이 운영 되며 주일 저녁 부흥집회에는 미취학 아동의 베이비싯팅만 운영되오니 참조하시기 바랍니다.",주보 (2015-08-09)
2015-08-10,2015,8,기타행사,"지구촌 여름성경학교(VBS): 일시: 8/10(월)~8/14(금), 9:30am~2:30pm 학년: 4살~ 올 9월에 6학년 되는 학생 등록/장소: 7/12(오늘), 다목적대강당 등록금: 50불(두번째 학생: 40불) 특별초청강사: 김은예 전도사 문의: 이미옥 집사(301-646-0994)",주보 (2015-07-05)
2015-08-14,2015,8,부흥회/집회,지구촌교회 부흥집회/리더십 영성훈련: 일시: 8/14(금)~8/16(주일) 강사: 김요셉 목사 (수원 중앙기독초등학교 교목/수원 원천침례교회 목사),주보 (2015-06-28)
2015-08-14,2015,8,부흥회/집회,"부흥집회/리더십 영성훈련(8/14~16, 강사 김요셉 목사)을 위하여 ••••• 2015년도 지역교회 구분 ••••• 지역/목회자 마을 셀 교 회 제1지역 (최인돈 전도사) 소망 소망회 터치 충만, 임마누엘, 한마음, 포토맥, 오직예수 샬롬 한사랑, 더욱사랑, 사랑, 아스펜힐, 에벤에셀 은샘 노아, 스톤게이트, 등대, 소리엘 함께 예은, 불기둥, 야베스, INCHRIST, 영광, 주님사랑 증인 엘리야, 생수, 아브라함, 화목, 헤브론 비셀 (SS) 20814 20815 20817 20895 20901 20902 20903 20904 20905 20906 20910 21029 21042 21043 21044 21045 21046 21061 20075 20076 21113 21117 21128 21144 21163 21202 21204 21208 20228 제2지역 순례자 씨뿌림, 에바다, 축복I, 고핫, 실로암, 다 은혜 동부 방주, 브니엘, 산상수훈, 여기있나이다, 모퉁이돌 우리 헷세드, 전신갑주, 일삼오(135), 약속, 나눔 찬양 할렐루야, 할렐루야I, 할렐루야II, 할렐루야III 서부 옥토마을, 돌단마을, 목장마을, 샘물마을, 세움, 솔츠베리예능, 반석마을 비셀 (VA/DC/ Gaithers- burg북쪽, Olney) 20001 20015 20017 20120 20147 20151 20171 20190 20832 20833 20841 20871 20872 20874 20876 20877 20878 20879 20882 20886 21704 21714 21737 21754 22003 22031 22033 22039 22101 22206 22903 24501 제3지역 (김우준 목사) 은혜평강 과원, 나침반, 로이스, 루디아, 서로사랑, GP(푸른초장), 새삶추 향촌나무 열매맺는나무, 생명나무, 서로돌봄, 가족, 사은, 생명, 백향나무 다기도 향기로운, 예앎, The Spirit, 자유함, 주찬양 평화 기쁨, 위튼, 로뎀나무, 하은, 화평, 구원 풍성한 주바라기, The Present, 클락스빌, 토브, 데일리 비셀 (PG, Rockville) 20705 20706 20708 20707 20715 20716 20720 20723 20724 20740 20759 20769 20770 20777 20782 20783 20850 20851 20852 20853 20854 20855 제4지역 다메섹 예드림, 라이프, 아하 II, 아가 안디옥 베데스다, 베들레헴, 단비, 비둘기, 예동, 부활, Faith&Love 제5지역 (임광 목사) 그루터기 진짜?진짜!, 마음모아, SOWL(소울), 파도, 썸띵, 만나, 예닮 다드림 예인, 시선, 그린라이트, 배가, 예수님처럼, 양, Welcome, LTE, work/walking, FiG, 참, THE, Acts29 대학캠퍼스 (임광 목사) UMCP셀 University of Maryland College Park Campus 모임 UMBC셀 University of Maryland Baltimore Campus 모임 MC셀 Montgomery College Campus 모임",주보 (2015-07-19)
2015-08-16,2015,8,부흥회/집회,"부흥집회에 큰 은혜 넘치고 온 교회적으로 성령의 열매 맺도록 ••••• 2015년도 지역교회 구분 ••••• 지역/목회자 마을 셀 교 회 제1지역 (최인돈 전도사) 소망 소망회 터치 충만, 임마누엘, 한마음, 포토맥, 오직예수 샬롬 한사랑, 더욱사랑, 사랑, 아스펜힐, 에벤에셀 은샘 노아, 스톤게이트, 등대, 소리엘 함께 예은, 불기둥, 야베스, INCHRIST, 영광, 주님사랑 증인 엘리야, 생수, 아브라함, 화목, 헤브론 비셀 (SS) 20814 20815 20817 20895 20901 20902 20903 20904 20905 20906 20910 21029 21042 21043 21044 21045 21046 21061 20075 20076 21113 21117 21128 21144 21163 21202 21204 21208 20228 제2지역 순례자 씨뿌림, 에바다, 축복I, 고핫, 실로암, 다 은혜 동부 방주, 브니엘, 산상수훈, 여기있나이다, 모퉁이돌 우리 헷세드, 전신갑주, 일삼오(135), 약속, 나눔 찬양 할렐루야, 할렐루야I, 할렐루야II, 할렐루야III 서부 옥토마을, 돌단마을, 목장마을, 샘물마을, 세움, 솔츠베리예능, 반석마을 비셀 (VA/DC/ Gaithers- burg북쪽, Olney) 20001 20015 20017 20120 20147 20151 20171 20190 20832 20833 20841 20871 20872 20874 20876 20877 20878 20879 20882 20886 21704 21714 21737 21754 22003 22031 22033 22039 22101 22206 22903 24501 제3지역 (김우준 목사) 은혜평강 과원, 나침반, 로이스, 루디아, 서로사랑, GP(푸른초장), 새삶추 향촌나무 열매맺는나무, 생명나무, 서로돌봄, 가족, 사은, 생명, 백향나무 다기도 향기로운, 예앎, The Spirit, 자유함, 주찬양 평화 기쁨, 위튼, 로뎀나무, 하은, 화평, 구원 풍성한 주바라기, The Present, 클락스빌, 토브, 데일리 비셀 (PG, Rockville) 20705 20706 20708 20707 20715 20716 20720 20723 20724 20740 20759 20769 20770 20777 20782 20783 20850 20851 20852 20853 20854 20855 제4지역 다메섹 예드림, 라이프, 아하 II, 아가, 오예닮 안디옥 베데스다, 베들레헴, 단비, 비둘기, 예동, 부활, Faith&Love 제5지역 (임광 목사) 그루터기 진짜?진짜!, 마음모아, SOWL(소울), 파도, 썸띵, 만나, 예닮 다드림 예인, 시선, 그린라이트, 배가, 예수님처럼, 양, Welcome, LTE, work/walking, FiG, 참, THE, Acts29 대학캠퍼스 (임광 목사) UMCP셀 University of Maryland College Park Campus 모임 UMBC셀 University of Maryland Baltimore Campus 모임 MC셀 Montgomery College Campus 모임",주보 (2015-08-16)
2015-09-01,2015,9,목회자 부임,부사역자 부임: 배익호 목사 9월 1일 부임. 순조롭게 이사할 수 있도록 기도 부탁드립니다.,주보 (2015-08-30)
2015-09-04,2015,9,성례,담임목사 동정(Senior Pastor): 빙햄튼침례교회 전도훈련 인도. 9/4(금)~9/9(수),주보 (2015-09-06)
2015-09-12,2015,9,특별행사,교육사역팀(Student Registration Form): 학생들을 효과적으로 섬기기 위하여 학생 등록 서류를 받기로 했습니다. 학부모님들께서는 강당 교육부 부스에 오셔서 학생 등록서류 작성에 동참해주시기 바랍니다. 2015년,주보 (2015-09-06)
2015-09-13,2015,9,목회자 부임,"부 찬양대 지휘자 부임: 안영수 지휘자, 9/13(주일) 자로 부임.",주보 (2015-09-20)
2015-09-20,2015,9,회의/의회,"정기제직회(Deacon's Meeting): 일시: 9/20(주일), 1:45pm 장소: 커버넌트 채플 정기 제직회의 목회, 본회계 재정, 건축 및 각 사역보고 외에 현 제직 분들 중 논의를 원하시는 안건이 있으시면 9/9(수) 까지 서면으로 작성하시어 이름과 함께 서명을 하시고 실행위원회 앞(사무실 집사장함)으로 제출해 주시면 제직회 안건으로 제출 여부를 협의 검토하도록 하겠습니다.",주보 (2015-08-30)
2015-09-28,2015,9,부흥회/집회,"담임목사 동정(Senior Pastor): 안식년(9/28,월~10/18,주일): 한국 및 알라스카 집회와 아노덴 전도훈련",주보 (2015-10-04)
2015-10-03,2015,10,특별행사,추계바자: 일시: 10/3(토) 추계 바자를 GMC(잔치장: 김봉준 집사)와 HCC(잔치장: 유철희 목사)가 공동으로 연합하여 진행하기로 하였사오니 기도해 주시고 참여해 주시면 감사 하겠습니다.,주보 (2015-08-16)
2015-10-03,2015,10,특별행사,"년 지구촌 마당잔치 바자(Bazaar): 주제: “이웃사랑 행복나눔!” LOVE YOUR NEIGHBOR! 일시: 10/03(토), 8am~3pm 물품 수집: 의류, 장난감, 전자제품, 가방, 핸드백과 악세사리, 잡화 등을 수집합니다. (담당: 김봉준 집사/301-442-6735, 이덕한 집사/240-479-0796) 안내/상담 부스설치 문의: 안용환 집사(240-620-3746), 김봉준 집사(301-442-6735) 식당/음식 봉사와 물품정리 도와주실 분들은 연락주시기 바랍니다. 바자위원 모임: 9/13(오늘), 1pm, 103호",주보 (2015-09-06)
2015-10-03,2015,10,특별행사,"지구촌 마당잔치 감사(Bazaar): 어제, 10월3일, 지구촌교회 마당잔치 바자가 있었습니다. 바자를 위해 수고하며 섬겨주신 분들과 함께 참여해 주신 모든 성도님께 감사합니다.",주보 (2015-10-04)
2015-10-09,2015,10,선교,"키르키즈스탄 단기선교(Mission): 일시: 10/9(금)~10/21(수) 사역: VBS, 전도 팀원: 하동헌, 이은실, 고윤주, 김재은, 정수연, 서보연, 김현화, 염훈선, 김현지, 이재은 모든 팀원 들의 건강, 하나됨, 그리고 복음사역을 위해 함께 기도해주세요. 2015년",주보 (2015-10-04)
2015-10-11,2015,10,성례,"영어회중 침례식(HCC Baptism): 일시: 10/11(주일), 3:30pm 장소: 본당",주보 (2015-10-04)
2015-10-11,2015,10,기타행사,"교단적인 전도와 교회개척 캠페인에 구체적인 결실이 있도록 ••••• 2015년도 지역교회 구분 ••••• 지역/목회자 마을 셀 교 회 제1지역 (최인돈 전도사) 소망 소망회 터치 충만, 임마누엘, 한마음, 포토맥, 오직예수 샬롬 한사랑, 더욱사랑, 사랑, 아스펜힐, 에벤에셀 은샘 노아, 스톤게이트, 등대, 소리엘 함께 예은, 불기둥, 야베스, INCHRIST, 영광, 주님사랑 증인 엘리야, 생수, 아브라함, 화목, 헤브론 비셀 (SS) 20814 20815 20817 20895 20901 20902 20903 20904 20905 20906 20910 21029 21042 21043 21044 21045 21046 21061 20075 20076 21113 21117 21128 21144 21163 21202 21204 21208 20228 제2지역 순례자 씨뿌림, 에바다, 축복I, 고핫, 실로암, 다 은혜 동부 방주, 브니엘, 산상수훈, 여기있나이다, 모퉁이돌 우리 헷세드, 전신갑주, 일삼오(135), 약속, 나눔 찬양 할렐루야, 할렐루야I, 할렐루야II, 할렐루야III 서부 옥토마을, 돌단마을, 목장마을, 샘물마을, 세움, 솔츠베리예능, 반석마을 비셀 (VA/DC/ Gaithers- burg북쪽, Olney) 20001 20015 20017 20120 20147 20151 20171 20190 20832 20833 20841 20871 20872 20874 20876 20877 20878 20879 20882 20886 21704 21714 21737 21754 22003 22031 22033 22039 22101 22206 22903 24501 제3지역 (김우준 목사) 은혜평강 과원, 나침반, 로이스, 루디아, 서로사랑, GP(푸른초장), 새삶추 향촌나무 열매맺는나무, 생명나무, 서로돌봄, 가족, 사은, 생명, 백향나무 다기도 향기로운, 예앎, The Spirit, 자유함, 주찬양 평화 기쁨, 위튼, 로뎀나무, 하은, 화평, 구원 풍성한 주바라기, The Present, 클락스빌, 토브, 데일리 비셀 (PG, Rockville) 20705 20706 20708 20707 20715 20716 20720 20723 20724 20740 20759 20769 20770 20777 20782 20783 20850 20851 20852 20853 20854 20855 제4지역 다메섹 예드림, 라이프, 아하 II, 아가, 오예닮 안디옥 베데스다, 베들레헴, 단비, 비둘기, 예동, 부활, Faith&Love 제5지역 (임광 목사) 그루터기 진짜?진짜!, 마음모아, SOWL(소울), 파도, 썸띵, 만나, 예닮 다드림 예인, 시선, 그린라이트, 배가, 예수님처럼, 양, Welcome, LTE, work/walking, FiG, 참, THE, Acts29 대학캠퍼스 (임광 목사) UMCP셀 University of Maryland College Park Campus 모임 UMBC셀 University of Maryland Baltimore Campus 모임 MC셀 Montgomery College Campus 모임",주보 (2015-10-11)
2015-10-27,2015,10,선교,"고창 단기선교(Mission): 일시: 10/27(화)~11/3(화) 장소: 나성 교회(전북, 고창군) 사역: 전도 팀원: 안철환, 정득현, 주문옥, 조근옥, 안옥경, 오정봉, 홍승아 모든 팀원들의 안전/ 건강, 하나됨, 그리고 전도사역을 위해 함께 기도해주세요. 2015년",주보 (2015-10-11)
2015-11-01,2015,11,기타행사,"특별새벽기도 기간의 집중기도에 하나님의 응답이 임하도록 ••••• 2015년도 지역교회 구분 ••••• 지역/목회자 마을 셀 교 회 제1지역 (최인돈 전도사) 소망 소망회 터치 충만, 임마누엘, 한마음, 포토맥, 오직예수 샬롬 한사랑, 더욱사랑, 사랑, 아스펜힐, 에벤에셀 은샘 노아, 스톤게이트, 등대, 소리엘 함께 예은, 불기둥, 야베스, INCHRIST, 영광, 주님사랑 증인 엘리야, 생수, 아브라함, 화목, 헤브론 비셀 (SS) 20814 20815 20817 20895 20901 20902 20903 20904 20905 20906 20910 21029 21042 21043 21044 21045 21046 21061 20075 20076 21113 21117 21128 21144 21163 21202 21204 21208 20228 제2지역 (배익호 목사) 순례자 씨뿌림, 에바다, 축복I, 고핫, 실로암, 다 은혜 동부 방주, 브니엘, 산상수훈, 여기있나이다, 모퉁이돌 우리 헷세드, 전신갑주, 일삼오(135), 약속, 나눔 찬양 할렐루야, 할렐루야I, 할렐루야II, 할렐루야III 서부 옥토마을, 돌단마을, 목장마을, 샘물마을, 세움, 솔츠베리예능, 반석마을 비셀 (VA/DC/ Gaithers- burg북쪽, Olney) 20001 20015 20017 20120 20147 20151 20171 20190 20832 20833 20841 20871 20872 20874 20876 20877 20878 20879 20882 20886 21704 21714 21737 21754 22003 22031 22033 22039 22101 22206 22903 24501 제3지역 (김우준 목사) 은혜평강 과원, 나침반, 로이스, 루디아, 서로사랑, GP(푸른초장), 새삶추 향촌나무 열매맺는나무, 생명나무, 서로돌봄, 가족, 사은, 생명, 백향나무 다기도 향기로운, 예앎, The Spirit, 자유함, 주찬양 평화 기쁨, 위튼, 로뎀나무, 하은, 화평, 구원 풍성한 주바라기, The Present, 클락스빌, 토브, 데일리 비셀 (PG, Rockville) 20705 20706 20708 20707 20715 20716 20720 20723 20724 20740 20759 20769 20770 20777 20782 20783 20850 20851 20852 20853 20854 20855 제4지역 (배익호 목사) 다메섹 예드림, 라이프, 아하 II, 아가, 오예닮 안디옥 베데스다, 베들레헴, 단비, 비둘기, 예동, 부활, Faith&Love 제5지역 (임광 목사) 그루터기 진짜?진짜!, 마음모아, SOWL(소울), 파도, 썸띵, 만나, 예닮 다드림 예인, 시선, 그린라이트, 배가, 예수님처럼, 양, Welcome, LTE, work/walking, FiG, 참, THE, Acts29 대학캠퍼스 (임광 목사) UMCP셀 University of Maryland College Park Campus 모임 UMBC셀 University of Maryland Baltimore Campus 모임 MC셀 Montgomery College Campus 모임",주보 (2015-11-01)
2015-11-02,2015,11,기타행사,"감사절 특별새벽기도회: 일시: 11/2(월)~11/21(토), 5:30am 강사: 김만풍 목사 감사의 절기에 새벽을 깨워 하나님께 기도하는 귀한 시간을 가지시길 바랍니다.",주보 (2015-10-25)
2015-11-07,2015,11,특별행사,"화목토 탁구교실/화토 건강교실 가을 피크닉(Picnic): 일시: 11/7(토), 12pm 장소: 교회동산 문의: 김용근/명자 집사(301-279-5691), 최승범/혜순 장로(240-507-3973), 김미순 권사(301-580-3405) 탁구와 건강체조에 관심있는 성도님들을 초대합니다.",주보 (2015-10-18)
2015-11-08,2015,11,창립,"창립41주년을 맞는 지구촌교회에 성숙과 변화가 일어나도록 ••••• 2015년도 지역교회 구분 ••••• 지역/목회자 마을 셀 교 회 제1지역 (최인돈 전도사) 소망 소망회 터치 충만, 임마누엘, 한마음, 포토맥, 오직예수 샬롬 한사랑, 더욱사랑, 사랑, 아스펜힐, 에벤에셀 은샘 노아, 스톤게이트, 등대, 소리엘 함께 예은, 불기둥, 야베스, INCHRIST, 영광, 주님사랑 증인 엘리야, 생수, 아브라함, 화목, 헤브론 비셀 (SS) 20814 20815 20817 20895 20901 20902 20903 20904 20905 20906 20910 21029 21042 21043 21044 21045 21046 21061 20075 20076 21113 21117 21128 21144 21163 21202 21204 21208 20228 제2지역 (배익호 목사) 순례자 씨뿌림, 에바다, 축복I, 고핫, 실로암, 다 은혜 동부 방주, 브니엘, 산상수훈, 여기있나이다, 모퉁이돌 우리 헷세드, 전신갑주, 일삼오(135), 약속, 나눔 찬양 할렐루야, 할렐루야I, 할렐루야II, 할렐루야III 서부 옥토마을, 돌단마을, 목장마을, 샘물마을, 세움, 솔츠베리예능, 반석마을 비셀 (VA/DC/ Gaithers- burg북쪽, Olney) 20001 20015 20017 20120 20147 20151 20171 20190 20832 20833 20841 20871 20872 20874 20876 20877 20878 20879 20882 20886 21704 21714 21737 21754 22003 22031 22033 22039 22101 22206 22903 24501 제3지역 (김우준 목사) 은혜평강 과원, 나침반, 로이스, 루디아, 서로사랑, GP(푸른초장), 새삶추 향촌나무 열매맺는나무, 생명나무, 서로돌봄, 가족, 사은, 생명, 백향나무 다기도 향기로운, 예앎, The Spirit, 자유함, 주찬양 평화 기쁨, 위튼, 로뎀나무, 하은, 화평, 구원 풍성한 주바라기, The Present, 클락스빌, 토브, 데일리 비셀 (PG, Rockville) 20705 20706 20708 20707 20715 20716 20720 20723 20724 20740 20759 20769 20770 20777 20782 20783 20850 20851 20852 20853 20854 20855 제4지역 (배익호 목사) 다메섹 예드림, 라이프, 아하 II, 아가, 오예닮 안디옥 베데스다, 베들레헴, 단비, 비둘기, 예동, 부활, Faith&Love 제5지역 (임광 목사) 그루터기 진짜?진짜!, 마음모아, SOWL(소울), 파도, 썸띵, 만나, 예닮 다드림 예인, 시선, 그린라이트, 배가, 예수님처럼, 양, Welcome, LTE, work/walking, FiG, 참, THE, Acts29 대학캠퍼스 (임광 목사) UMCP셀 University of Maryland College Park Campus 모임 UMBC셀 University of Maryland Baltimore Campus 모임 MC셀 Montgomery College Campus 모임",주보 (2015-11-08)
2015-11-11,2015,11,회의/의회,"사무총회록 팀별 사역보고/계획서(Annual Meeting Team Report/Planning): 각 사역팀에서는 2015년~2016년도 사역보고서/계획서를 김우준 목사(817-793-1219, davidkim202@hotmail.com)께 제출해 주시기 바랍니다. 마감일: 11/11(수)",주보 (2015-11-01)
2015-11-15,2015,11,선교,"선교헌신주일(Mission Dedication Sunday): 일시: 11/15(주일) 말씀: 1,2,3부예배: 신기황 목사 4,5부예배: 박현오 목사 강당에 IMB(남침례교 국제선교부) 선교관련 부스가 설치됩니다. 1,2,3,4,5부예배 시 2016년 장,중,단기선교 헌신서약서를 받습니다. 기도하는 마음으로 준비 해주시고 세계선교에 동참해 주시면 감사하겠습니다. 2016년 단기선교팀 파송지역 선교지 일시/기간 사역내용 페루 2/8(월)~2/20(토) 의료, 미용, 전도, 사진, 안경, VBS 도미니카 공화국 2월 VBS, 전도, 미용 멕시코 2월 전도, 사진 코스타리카 5월 전도, 의료, 미용, 사진 니카라과 6월 전도, 의료, 미용, 사진 카작스탄 7월 (HCC와 협력선교) 전도, 봉사 터키 7월 (10일) 영어교육, 봉사 네팔 1 7월 (10일) (IMB 사역) 영어교육, 봉사, 이재민 구호 네팔 2 8월 (10일) 영어교육, 봉사, 이재민 구호 요르단 1 7월 (10일) 영어교육, 성지순례, 난민선교 요르단 2 9월 (10일) (IMB 사역) 영어교육, 봉사, 전도, 난민선교",주보 (2015-11-08)
2015-11-15,2015,11,성례,구원의 확신이 있는 분으로서 침례나 세례를 받은 분,주보 (2015-11-15)
2015-11-22,2015,11,성례,구원의 확신이 있는 분으로서 침례나 세례를 받은 분,주보 (2015-11-22)
2015-11-23,2015,11,선교,수요 찬양예배 저녁 7:30- 선교보고: 고창 단기선교팀/말씀: 임광 목사 -기도: 남연우 집사 새 벽 기 도 회 (월-토 새벽 5:30)월(11/23)화(11/24)수(11/25)목(11/26)금(11/27)토(11/28)배익호(고전 12:12~31)배익호(고전 13:1~13)배익호(고전 14:1~12)배익호 (고전 14:13~25)배익호 (고전 14:26~40)김만풍 (고전 15:1~11),주보 (2015-11-22)
2015-11-29,2015,11,성례,구원의 확신이 있는 분으로서 침례나 세례를 받은 분,주보 (2015-11-29)
2015-11-29,2015,11,선교,"파송선교사 성탄선물 보내기(Missionary Christmas Presents): 일시: 11/29(오늘), 12/6(주일) 장소: 다목적대강당",주보 (2015-11-29)
2015-11-30,2015,11,성례,"제직 추천자 수락서 제출: 지구촌 교회의 제직 대상자는 ①구원의 확신이 있는 분으로서 침례나 세례를 받은 분 ②지구촌교회 제자훈련 필수반(새교우반, 셀가족반)을 다 이수하신 분 ③우리 교회에 등록하고 1년 이상 경과된 분 (70세 이상인 분은 교회 헌장에 의해서 명예은퇴집사로 섬기게 됨) 제직 추천서를 받으시면 제직 헌신서약서를 11/30(월) 까지 교회 사무실로 제출해 주시기 바랍니다. 문의: 임광 목사(323-788-4138)",주보 (2015-11-01)
2015-11-30,2015,11,창립,"제직 추천자 수락서 제출: 지구촌 교회의 제직 대상자는 ①구원의 확신이 있는 분으로서 침례나 세례를 받은 분 ②지구촌교회 제자훈련 필수반(새교우반, 셀가족반)을 다 이수하신 분 ③우리 교회에 등록하고 2년 이상 경과된 분 (예전에 우리 교회 서리집사로 섬기시던 분 중에서 70세 이상인 분은 교회 헌장에 의해서 명예은퇴집사로 섬기게 됨) 제직 추천서를 받으시면 제직 헌신서약서를 11/30(월) 까지 교회 사무실로 제출해 주시기 바랍니다. 문의: 임광 목사(323-788-4138)",주보 (2015-11-08)
2015-11-30,2015,11,은퇴,우리 교회에 등록하고 2년 이상 경과된 분 (예전에 우리 교회 서리집사로 섬기시던 분 중에서 70세 이상인 분은 교회 헌장에 의해서 명예은퇴집사로 섬기게 됨) 제직 추천서를 받으시면 제직 헌신서약서를 11/30(월) 까지 교회 사무실로 제출해 주시기 바랍니다. 문의: 임광 목사(323-788-4138),주보 (2015-11-15)
2015-12-04,2015,12,성례,영어 중고등부 12월 행사(December Activity): 영어 고등부: 12/4(금): Bible Burger Night 12/12(토): 크리스마스 파티 영어 중등부: 12/5(토): 크리스마스 파티 합동: 12/19(토): 중고등부/ HCC 크리스마스 만찬 12/24(목): 중고등부/한어회중 크리스마스 이브예배 12/25(금): 중고등부 침례식 12/27(주일)~29(화): 중고등부 수양회,주보 (2015-11-29)
2015-12-06,2015,12,회의/의회,"임시제직회(Deacon's Meeting): 일시: 12/6(주일), 1:30pm 장소: 커버넌트 채플 안건:",주보 (2015-11-22)
2015-12-06,2015,12,성례,구원의 확신이 있는 분으로서 침례나 세례를 받은 분,주보 (2015-12-06)
2015-12-06,2015,12,선교,파송선교사 성탄선물 보내기(Missionary Christmas Gifts): 일시: 12/6(오늘) 장소: 다목적대강당,주보 (2015-12-06)
2015-12-10,2015,12,기타행사,건축소식(Vision Center): 2014년 12월10일 Special Court에서 있었던 2nd Access Road (Emergency)에 대한 항소 재판의 판결이 지구촌교회가 2nd Access Road를 확보하는 것으로 승소하였음을 알려 드리며 작년 12월5일 Sugarloaf Citizens Association의 건축 싸이트 프랜에 대한 반대 항소의 Special Court의 판결이 2nd Access Road 판결 이후에 있기로 한 바 조만간에 판결이 있을 예정입니다. 계속해서 기도해 주시고 관심을 가져 주시면 감사하겠습니다. -건축위원회,주보 (2015-04-12)
2015-12-12,2015,12,성례,"영어 중고등부 12월 행사(December Activity): 영어 고등부: 12/12(토): 크리스마스 파티 합동: 12/19(토): 중고등부/HCC 크리스마스 만찬, 6pm~8pm, 다목적대강당 12/24(목): 중고등부/ 한어회중 크리스마스 이브예배, 7pm, 본당 12/25(금): 중고등부 침례식 12/27(주일)~29(화): 중고등부 수양회: 주제: ""Selah: Pause and Reflect on the Lord"" 장소: Camp Joy El (6700 Valley Camp Road, Greencastle, PA 17225), 717-369-4539 등록비: 120불+5불(티셔츠), 두 번째 학생은 100불+5불(티셔츠) 등록마감: 12/13(주일)",주보 (2015-12-06)
2015-12-13,2015,12,은퇴,우리 교회에 등록하고 2년 이상 경과된 분 (예전에 우리 교회 서리집사로 섬기시던 분 중에서 70세 이상인 분은 교회 헌장에 의해서 명예은퇴집사로 섬기게 됨) 제직 추천서를 받으시면 제직 헌신서약서를 12/13(주일) 까지 교회 사무실로 제출해 주시기 바랍니다. 문의: 임광 목사(323-788-4138),주보 (2015-11-29)
2015-12-13,2015,12,성례,구원의 확신이 있는 분으로서 침례나 세례를 받은 분,주보 (2015-12-13)
2015-12-19,2015,12,성례,"영어 중고등부 12월 행사(December Activity): 합동: 12/19(토): 중고등부/HCC 크리스마스 만찬, 6pm~8pm, 다목적대강당 12/24(목): 중고등부/한어회중 크리스마스 이브예배, 7pm, 본당 12/25(금): 중고등부 침례식 12/27(주일)~29(화): 중고등부 수양회: 주제: ""Selah: Pause and Reflect on the Lord"" 장소: Camp Joy El (6700 Valley Camp Road, Greencastle, PA 17225), 717-369-4539 등록비: 120불+5불(티셔츠), 두 번째 학생은 100불+5불(티셔츠) 등록마감/장소: 12/13(오늘), 다목적대강당",주보 (2015-12-13)
2015-12-24,2015,12,성례,"영어 중고등부 12월 행사(December Activity): 합동: 12/24(목): 중고등부/한어회중 크리스마스 이브예배, 7pm, 본당 12/25(금): 중고등부 침례식 12/27(주일)~29(화): 중고등부 수양회: 주제: ""Selah: Pause and Reflect on the Lord"" 장소: Camp Joy El (6700 Valley Camp Road, Greencastle, PA 17225), 717-369-4539 등록비: 120불+5불(티셔츠), 두 번째 학생은 100불+5불(티셔츠) 등록마감/장소: 12/20(오늘), 다목적대강당",주보 (2015-12-20)
2015-12-25,2015,12,성례,"침례식(Baptism): 일시: 12/25(금, 성탄예배 시), 10am 침례받기를 원하시는 분은 지역목회자에게 신청 바랍니다. 문의: 배익호 목사(817-789-5763)",주보 (2015-11-29)
2015-12-25,2015,12,성례,"/25(금, 성탄예배) 라티문 헌금은 남침례교단을 통해 전액이 세계선교를 위해 사용됩니다. 기도하는 마음으로 세계선교에 동참해 주시면 감사하겠습니다.",주보 (2015-12-06)
2015-12-27,2015,12,회의/의회,"연말정기제직회(Deacon's Meeting): 일시: 12/27(주일), 1:30pm 장소: 커버넌트 채플 안건: 목회보고, 예결산 심의, 사무총회록 검토, 12월6일(주일) 열린 임시제직회 경과보고, 기타",주보 (2015-12-13)
2015-12-28,2015,12,기타행사,"신년특별새벽기도회(Early Morning Prayer Meeting): 일시: 12/28(월)~1/2(토), 5:30am 인도: 김만풍 목사 1/1(금), 새벽기도 없습니다.",주보 (2015-12-13)
2016-01-01,2016,1,기타행사,"1 1 신년예배 워싱턴지구촌교회 김만풍 목사 설교1(통1) 550(통248) 땅 끝에서변화를 추구하는 지구촌교회GMC to Seek for Change롬12:1-21 여는 말씀오늘은 2016년 1월 1일 신년 첫 날입니다. 함께 인사를 나누겠습니다.인도자: 주님은 우리의 선한 목자이십니다. The Lord is our good shepherd.회 중: 과연 그렇습니다.Yes, indeed!인도자: 주께서 인도하시는 곳에Where He leads us회 중: 우리가 따르겠습니다!We will follow!인도자: 할렐루야!Hallelujah!회 중: 아멘!Amen!새해에 우리 교회 비전과 사명과 표어를 제창하겠습니다.협동으로 성취하는 지구촌 사명!땅 끝까지 복음 전파 모든 족속 제자 삼기!변화를 추구하는 지구촌교회!금년에 우리는 하나님 말씀에 근거하여 온 교회가 변화를 추구하기 원합니다. 오늘 우리의 본문 로마서 12:1-2 말씀을 통해서 사도 바울은 로마교회의 변화를 촉구했습니다. 2천 년 전 로마교회가 받았던 이 도전은 이 시대 우리 교회가 받아야 할 도전이기도 합니다. 이 시간 이 말씀을 중심으로 우리 지구촌교회가 추구할 변화가 무엇인지를 알아보고 실천에 옮기기를 원합니다.2 변화를 추구하는 지구촌교회첫째, 예배의 변화를 추구하라! 2새해에 우리가 추구할 첫째 변화는 예배의 변화입니다. 본문 1절 말씀을 보겠습니다.로마서 12:1 1그러므로 형제들아 내가 하나님의 모든 자비하심 으로 너희를 권하노니 너희 몸을 하나님이 기뻐하시는 거룩한 산 제물로 드리라 이는 너희가 드릴 영적 예배니라구약성경 레위기의 제사법에 따르면 하나님께 드리는 제물은 죽여서 드렸습니다. 그런데 우리의 본문 로마서 12:1은 우리 몸을 하나님이 기뻐하시는 산 제물로 드리라고 말씀합니다. 그 이유가 무엇입니까? 이것이 우리가 드릴 영적 예배이기 때문입니다.이것이 무슨 의미입니까? 우리의 삶 자체가 예배라는 뜻입니다. 그 삶은 어떤 삶입니까? 하나님이 기뻐하시는 삶입니다. 우리가 매일 하나님이 기뻐하시는 삶을 살아가는 것이 우리가 드려야 할 영적 예배라는 뜻입니다. 새해에 우리는 예배시간에 드리는 공적인 예배와 일상생활에서 하나님이 기뻐하시는 삶으로 드리는 예배가 일치되는 길을 추구하기 원합니다. 예배 시간의 우리 모습이 삶속에서의 우리 모습과 하나가 되는 성숙한 믿음의 길을 추구할 것을 격려합니다. 우리 몸을 하나님이 기뻐하시는 거룩한 산 제물로 드리를 우리 교회 영적 예배가 살아나기를 축복하며 기도합니다. 우리 모두 예배의 변화를 추구합시다!둘째, 가치관의 변화를 추구하라!새해에 우리가 추구할 둘째 변화는 가치관의 변화입니다. 2절 전반의 말씀을 보겠습니다.로마서 12:2 2너희는 이 세대를 본받지 말고 오직 마음을 새롭게 함으로 변화를 받아 ...우리는 이 세대에 태어났습니다. 이 세대 속에서 살아가고 있습니다. 이 세대의 언어와 문화와 풍속과 가치관의 영향을 받고 있습니다. 이 세대의 가치관은 수시로 변합니다. 다양합니다. 서로 모순되는 면들이 있습니다. 일시적입니다. 자기중심적입니다. 이기적입니다. 복잡합니다. 진리 아닌 것들이 섞여 있습니다. 거짓과 속임수들을 정당화하는 면도 있습니다. 우상숭배와 연결된 부분도 발견됩니다. 하나님이 없다 하는 이론도 있습니다. 일관성이 없습니다. 윤리와 도덕의 표준이 상대적입니다. 한 마디로 혼돈에 빠지게 합니다.본문은 우리가 이 세대를 본받지 말 것을 권면합니다. 그렇다면 우리 가치관의 변화를 어떻게 추구할 수 있을까요? 우리는 마음을 새롭게 함으로 변화를 받아야 합니다. 우리의 마음을 새롭게 하기 위해서는 하나님의 말씀을 의지해야 합니다. 말씀을 통해서 역사하시는 성령을 의지해야 합니다. 우리를 거듭나게 하시고, 믿음을 선물로 주시며, 주님을 닮아가도록 거룩한 길로 인도하시는 성령을 의지해야 합니다.새해에 우리는 이 세대의 세상적 가치관이 성경적 가치관과 어떻게 다른지 분별할 수 있도록 성경을 읽기 원합니다. 통독하기 원합니다. 정독하기 원합니다. 공부하기 원합니다. 묵상하기 원합니다. 성경에 근거해서 기도하기 원합니다. 성경의 가치관에 따라 봉사하기 원합니다. 성경의 진리 안에서 교제하기 원합니다. 성경의 진리 안에서 살아가기 원합니다. 우리의 개인생활, 가정생활, 사회생활, 교회생활이 성경적 가치관 위에서 이루어지기를 소원합니다. 이 세대를 본받지 말고 성령의 은혜와 인도하심 따라서 오직 마음을 새롭게 함으로 변화를 추구할 것을 축복하고 격려합니다. 3셋째, 분별력의 변화를 추구하라!새해에 우리가 추구할 셋째 변화는 분별력의 변화입니다. 본문 2절 하반의 말씀을 보겠습니다.로마서 12:2",주보 (2016-01-01)
2016-01-01,2016,1,기타행사,".. 하나님의 선하시고 기뻐하시고 온전하신 뜻이 무엇인지 분별하도록 하라우리의 삶으로 드리는 영적 예배가 변화되고, 이 세대를 본받지 말고 변화를 받아 성경적 가치관을 확고히 세우기 위해서 우리가 추구할 일은 하나님의 뜻을 분별하는 실력을 향상시키는 것입니다. 하나님의 말씀을 옳게 분별할 수 있어야 하나님의 선하심이 무엇인지, 하나님이 기뻐하시는 것이 무엇인지, 하나님의 온전하신 뜻이 무엇인지를 알게 됩니다.금년에 우리는 사사 시대처럼 자기 소견에 옳은 대로 살지 않기를 원합니다. 이 세대의 가치관에 따른 판단으로 가정을 세우고, 일터를 경영하고, 교회를 움직이는 대신에 성경 말씀을 옳게 분별하여 성경 진리의 절대적 가치관과 윤리적 표준을 분별하여 우리의 삶으로 하나님께 드리는 영적 예배를 추구해 나아가기를 간절히 소원하고 기도합니다. 하나님의 선하시고 기뻐하시고 온전하신 뜻이 무엇인지 분별할 수 있는 우리 모두가 되기를 격려하고 축복합니다.3 맺는 말씀사랑하는 성도 여러분, 우리는 이 시간 새해 첫 날 예배를 하나님께 드리며 우리 모두가 한 마음으로 추구할 변화를 세 가지 면에서 살펴보았습니다.첫째, 예배의 변화를 추구하라!둘째, 가치관의 변화를 추구하라!셋째, 분별력의 변화를 추구하라!새해의 표어를 다시 한 번 제창하겠습니다.협동으로 성취하는 지구촌 사명!땅 끝까지 복음 전파 모든 족속 제자 삼기!변화를 추구하는 지구촌교회!",주보 (2016-01-01)
2016-01-01,2016,1,비전,"2016년 교회 표어 ""변화를 추구하는 지구촌교회""",2016 주보
2016-01-03,2016,1,기타행사,표어: 큰 교회 작은 교회 함께 가는 교회,주보 (2016-01-03)
2016-01-07,2016,1,훈련/수련회,"청년부 겨울수련회(Young Adult Winter Retreat): 일시: 2016년 1월7일(목)~10일(주일) 장소: Camp Wabanna, MD 주제/강사: “질서의 회복”-고전 14:33, 김디모데 목사(미육군 군목) 문의: 이영은(215-268-2202), 허도녕(301-910-9036)",주보 (2015-12-27)
2016-01-10,2016,1,기타행사,표어: 변화를 추구하는 지구촌교회,주보 (2016-01-10)
2016-01-17,2016,1,성례,"1 17 생명존엄주일 워싱턴지구촌교회 김만풍 목사 설교19(통44) 96(통94) 땅 끝에서하나님의 관심God‘s Concerns창 세 기45:4-81 여는 말씀오늘은 우리 남침례교단에서 생명존엄주일로 지키는 날입니다. 가정의 질서에 혼란을 초래하고 생명을 경시하는 시대적 풍조가 우리를 경악하게 만들고 있는 이 때에 우리는 성경 진리로 무장하고 하나님의 뜻을 분별하여 복음의 사명을 지속적으로 수행해 나갈 필요가 있습니다.우리의 본문 창세기 45:4-8은 요셉이 애굽의 총리로 있을 때 양식을 구하러 내려온 형제들에게 자신의 신분을 밝히고 눈물의 상봉을 하는 장면의 한 대목을 보여주고 있습니다. 여기서 요셉은 형제들에게 하나님의 관심이 어디에 있었는지를 체험적으로 간증하고 있습니다. 이 시간 우리는 요셉의 간증을 통해서 우리와 세상에 대한 하나님의 관심이 어디에 있는지를 분명히 파악하고 하나님의 섭리를 따라 그의 기뻐하시는 뜻을 이루는 삶을 살아가기를 원합니다.2 하나님의 관심첫째, 생명의 구원에 있습니다.우리와 세상을 향하신 하나님의 첫째 관심은 생명의 구원에 있습니다. 본문 4-5절 말씀을 보겠습니다.창세기 45:4-5 4요셉이 형제들에게 이르되 내게로 가까이 오소서 그들이 가까이 이르되 나는 당신들의 아우 요셉이 니 당신들이 애굽에 판 자라 5당신들이 나를 이 곳에 팔았다고 해서 근심하지 마소서 한탄하지 마소서 하나님이 생명을 구원하 시려고 나를 당신들보다 먼저 보내셨나이다요셉이 체험하여 깨달은 사실은 하나님의 관심이 생명을 구원하시는 데에 있다는 것이었습니다. 하나님께서는 아브라함의 혈통을 이어받은 이스라엘 민족의 구원에 관심이 있으셨습니다. 애굽 사람들의 구원에 관심이 있으셨습니다. 애굽 주변의 중동지역 소수민족들의 구원에 관심이 있으셨습니다. 그리고 온 세상 모든 민족의 구원에 관심이 있으셨습니다.요셉이 애굽에 끌려간 것은 형들이 미워했기 때문이었습니다. 이스마엘 대상에게 팔았기 때문이었습니다. 애굽의 총리가 된 동생을 만나본 순간 형들은 자기들이 동생 요셉에게 저지른 과거의 잘못이 마음에 떠올라 근심하지 않을 수 없었습니다. 한탄하지 않을 수 없었습니다. 두려움이 엄습했을 것입니다.그런데 요셉은 형들에게 “당신들이 나를 이 곳에 팔았다고 해서 근심하지 마소서. 한탄하지 마소서.” 라고 말했습니다. 그 이유가 무엇이었습니까? 하나님의 주권적인 섭리 때문이었습니다. 요셉은 분명 2히 말했습니다. “하나님이 생명을 구원하시려고 나를 당신들보다 먼저 보내셨나이다.” 하나님의 섭리를 체험하면 고통을 이길 수 있습니다. 하나님의 섭리를 믿으면 좌절을 극복할 수 있습니다. 하나님의 섭리를 확신하면 근심을 물리치고 한탄을 잠재울 수 있습니다.모든 것을 사람이 하는 것으로 보일 수 있습니다. 만사가 다 사람의 권세에 달려 있는 것처럼 생각할 수 있습니다. 그러나 만물을 지으신 이는 하나님이십니다. 인간을 다스리시는 분은 하나님이십니다. 하나님은 절대주권을 갖고 계십니다. 선하시며 공평하시며 의로우십니다. 하나님은 심판자이십니다. 하나님은 섭리자이십니다. 하나님은 구원자이십니다. 하나님은 왕이십니다. 하나님은 행한대로 갚으시는 분이십니다. 하나님은 자기 백성의 목자이십니다. 생명의 구원에 관심을 갖고 계시는 하나님의 섭리를 확신하고 우리의 복음 사명을 수행해 나아가는 새해가 되기를 소원합니다.둘째, 우리 당대의 구원에 있습니다.우리와 세상을 향하신 하나님의 둘째 관심은 우리 당대의 구원에 있습니다. 본문 6-7절 말씀을 보겠습니다. 창세기 45:6-7 6이 땅에 이 년 동안 흉년이 들었으나 아직 오 년 은 밭갈이도 못하고 추수도 못 할지라 7하나님이 큰 구원으로 당신들의 생명을 보존하고 ...중동지역에 7년 흉년이 계속되는 당시의 상황에서는 하나님께서 요셉을 통하여 당대의 백성을 기근에서 구원하시는 것이었습니다. 형들과 상봉할 때는 이 년 동안 흉년이 들었고 아직 오 년이 더 남아 있었습니다. 그 동안에는 밭갈이도 못하고 추수도 못할 것이었습니다. 하나님께서는 요셉 당대의 백성을 구원하시는 일에 관심을 가지셨습니다. 요셉을 통해서 수많은 백성을 기근에서 건져내셨습니다. 그 결과는 무엇이었겠습니까? 요셉이 단순히 기근구제로 만족했겠습니까? 아닙니다. 생명을 구원하시려고 형들보다 자기를 애굽에 먼저 보내신 하나님을 확신한 요셉은 자기가 섬기는 구원의 하나님을 소개하고, 간증하고, 전파하지 않았겠습니까! 그것은 당연한 일이었을 것입니다.요셉이 누명을 쓰고 감옥에 갇혔습니다. 그 때 바로 왕의 떡 맡은 관원장과 술 맡은 관원장을 요셉에게 붙여주신 분이 누구였습니까? 요셉에게 그들의 꿈을 해석할 기회를 주신 분이 누구였습니까? 술 맡은 관원장이 복직이 된 후에 요셉을 기억하지 않고 잊고 있었습니다. 그러나 만 이 년 후에 바로 왕에게 두 가지 꿈을 꾸게 하신 분이 누구였습니까? 애굽의 술사들 가운데 아무도 바로의 꿈을 해석할 자가 없을 때에야 비로소 술 맡은 관원장이 옥중에 있던 요셉을 기억하게 하신 분이 누구이셨습니까? 애굽의 관원이 될 나이가 만 삼십 세였습니다. 요셉이 만 삼십 세가 되었을 때 바로 왕 앞에 서서 꿈을 해석하게 하신 분이 누구이셨습니까? 바로 왕과 그의 신하들이 요셉을 애굽의 총리로 세우도록 섭리하신 분이 누구이셨습니까? 하나님께서는 요셉을 통해서 당대의 백성을 기근에서 구원하시는 일에 관심을 갖고 계셨습니다. 그 일을 통해서 요셉이 당대의 백성에게 하나님의 구원을 알리시기를 원하셨습니다. 기근에서 백성을 구원하시는 하나님은 그들을 죄에서도 건져내시기를 원하시는 분이셨습니다. 하나님께서 요셉을 통해 선교적인 일을 하지 않으셨더라면 당대의 백성은 그들의 죄 가운데서 죽어 지옥에 갔을 것입니다. 하나님께서는 요셉의 애굽인 아내와 처가 식구들과 동료들과 바로 왕에게 하나님의 구원을 전할 기회를 주셨습니다. 애굽에 양식을 사러 오는 백성들에게 하나님의 구원을 전파할 기회를 주셨습니다. 그리고 자기 민족에게 3하나님의 구원의 은혜를 확증할 기회를 주셨습니다.우리는 우리 당대에 함께 살아가는 사람들의 구원에 관심을 가지신 하나님을 찬양합니다. 그들에게 하나님의 구원을 전파할 사람이 누구입니까? 그들에게 예수 그리스도의 십자가 복음을 전해야 할 사명을 누가 받았습니까? 우리는 우리 당대 사람들의 구원에 관심을 갖고 있습니까? 그들에게 하나님의 관심을 보여주는 삶을 살고 있습니까? 그들의 구원을 위하여 복음을 전파하고 있습니까?셋째, 우리 후대의 구원에 있습니다.우리와 세상을 향하신 하나님의 셋째 관심은 우리 후대의 구원에 있습니다. 본문 7-8절 말씀을 보겠습니다.창세기 45:7-8",주보 (2016-01-17)
2016-01-17,2016,1,회의/의회,"임시제직회(Deacon's Meeting): 일시: 1/17(주일), 1:45pm 장소: 커버넌트 채플",주보 (2016-01-03)
2016-01-17,2016,1,기타행사,표어: 변화를 추구하는 지구촌교회,주보 (2016-01-17)
2016-01-23,2016,1,세미나,"알츠하이머병 집중 세미나(Alzheimer's Disease Seminar): 주최: 워싱턴 한인복지센터/지구촌교회 가정사역팀 대상: 알츠하이머병에 대해 알고 싶은 연장자분들, 어르신을 모시고 살고 계시는 성인 자녀들 일시: 1/23(토), 9:30am~1pm 장소: 커버넌트 채플 내용/강사: 알츠하이머병의 의료적 진단(신원석 노인병 전문의), 알츠하이머병의 증상과 조기 발견 (조지영 공중보건학 박사), 알츠하이머병을 가진 사람 돌보기(석지영 정신건강 상담가), 간병인의 스트 레스와 자기 관리(한표욱 프로그램 디렉터), 알츠하이머병 환자들을 위한 지역사회 자원(조보영 사회복지사) 참가비는 무료이나 선착순 50명에 한함. (예약: 240-683-6663-한인 복지센터)",주보 (2016-01-10)
2016-01-24,2016,1,회의/의회,"정기사무총회(Annual Meeting): 일시: 1/24(주일), 1:45pm 장소: 커버넌트 채플",주보 (2016-01-03)
2016-01-24,2016,1,기타행사,표어: 변화를 추구하는 지구촌교회,주보 (2016-01-24)
2016-01-30,2016,1,세미나,"알츠하이머병 집중 세미나(Alzheimer's Disease Seminar): 주최: 워싱턴 한인복지센터/지구촌교회 가정사역팀 대상: 알츠하이머병에 대해 알고 싶은 연장자분들, 어르신을 모시고 살고 계시는 성인 자녀들 일시: 1/30(토), 9:30am~1pm 장소: 커버넌트 채플 내용/강사: 알츠하이머병의 의료적 진단(신원석 노인병 전문의), 알츠하이머병의 증상과 조기 발견 (조지영 공중보건학 박사), 알츠하이머병을 가진 사람 돌보기(석지영 정신건강 상담가), 간병인의 스트 레스와 자기 관리(한표욱 프로그램 디렉터), 알츠하이머병 환자들을 위한 지역사회 자원(조보영 사회복지사) 참가비는 무료이나 선착순 50명에 한함. (예약: 240-683-6663-한인 복지센터)",주보 (2016-01-24)
2016-01-31,2016,1,선교,"단기선교 전체 오리엔테이션(Mission Orientation): 일시: 1/31(주일), 4:30pm 장소: 소망회실 2016년 단기선교에 헌신하신 모든 분들을 위한 중요한 오리엔테이션입니다. 저녁식사가 제공됩니다.",주보 (2016-01-24)
2016-01-31,2016,1,기타행사,표어: 변화를 추구하는 지구촌교회,주보 (2016-01-31)
2016-01-31,2016,1,회의/의회,"정기사무총회(Annual Meeting): 일시: 1/31(오늘), 1:45pm 장소: 커버넌트 채플",주보 (2016-01-31)
2016-02-01,2016,2,선교,"MET2016 단기선교(Short Term Mission): 멕시코팀 2/1(월)~2/11(목), 페루팀 2/8(월) ~2/20(토). 단기선교팀들의 안전과 하나됨, 그리고 복음사역을 위해 함께 기도해주세요. 오늘 3부예배시 멕시코팀과 페루팀을 위한 파송기도 시간이 있습니다.",주보 (2016-01-31)
2016-02-06,2016,2,선교,"MET 2017 페루 단기선교 팀원 모집: 사역지/사역기간: Peru Lima, 2/6(월)~2/18(토), 2017사역내용: 전도(장년, 어린이) ,의료(내과, 치과, 한방), 사진 , 안경, 미용, VBS모집 마감: 11/20 훈련시작: 11/20(주일) 12:30pm, 110호 선교의 열정을 가지신 분은 누구나 참여할 수 있습니다. (항공료/숙식/사역비는 본인부담) 문의: 신상철 집사(240-401-4964), 함석호 집사 (301-252-4320)",주보 (2016-10-23)
2016-02-06,2016,2,회의/의회,"겨울특강‘구약의 파노라마’휴강(Class Cancellation): 오늘, 정기사무총회로 인해서 1:30pm에 있는 구약의 파노라마 강의는 휴강합니다. 오늘, 9:30am, 11:30am 클래스에 참석하지 못하시는 교우들을 위해 2/6(토), 11am, 142호에서 보강 클래스가 있습니다.2016년",주보 (2016-01-31)
2016-02-07,2016,2,기타행사,"주님은 우리의 마지막입니다. 시작이 있으면 끝이 있기 마련입니다. 하나님은 우리의 시작이십니다. 그리고 우리가 걷는 여정이 되시기도 합니다. 그리고 그 하나님은 우리의 마지막, 종착점이시기도 합니다. 우리 믿는 자들의 최종 목적지가 되십니다. 세상의 모든 마지막은 비극입니다. 왜냐하면 사람들의 마지막은 곧 죽음이기 때문입니다. 그래서 대부분의 사람들은 죽음을 두려워합니다. 어떻게 해서든지 그 죽음을 피하려고 안간힘을 씁니다. 덕망이 있고, 높은 자리에 올랐던 사람들도 마지막에는 괴로워했었습니다. 힘들어했었습니다. 그러나 하나님을 믿는 백성은 죽음이 끝이 아닙니다. 죽음이 또 다른 시작입니다. 그리고 새로운 소망이 됩니다. 왜냐하면 우리 하나님을 직접 만나기 때문입니다. 우리 하나님의 집으로 돌아가 평생동안 그곳에서 살 수 있기 때문입니다. 그래서 우리는 죽음 앞에서 두려워하지 않습니다. 마지막을 생각하면서 무서워하지도 않습니다. 오히려 반대로 죽음 앞에서 기뻐합니다. 마지막 앞에서 서서 또 다른 시작에 소망을 품게 됩니다. 우리의 마지막이 하나님의 또 다른 시작이 될 것입니다. 그러므로 우리는 하나님과 새롭게 시작하는 영원한 소망을 품도록 해야 합니다. 그리하여 소망과 믿음을 가지고 하나님께서 기뻐하시는 마지막을 향하여 나아가시길 기도합니다. [적용 및 질문] - 죽음 앞에서 소망을 품었던 믿음의 사람들의 이야기가 당신에게는 어떤 의미가 되나요? - 당신이 생각하고, 소망하는 당신의 삶의 마지막은 어떤 모습입니까? 한 번 나눠보세요. - 하나님께서 당신에게 원하시는 마지막, 그를 위해서 당신에게 필요한 것은 무엇입니까? 나가는 말: 하나님으로 가득 채우십시오. 존 맥스웰John C. Maxwell 목사님은 리더십에 부분에서 가장 권위있는 강사이자 저술가입니다. 그의 책에서 가장 흥미로웠던 책 중에 하나는 “360도 리더360 degree Leader”라는 책이었습니다. 이 책은 조직의 중간에서 상사와 부하, 동급의 동료들에게 나름 영향력을 끼치는 행사하는 중간리더라고 말해줍니다. 대개 위에 있는 사람들은 가장 밑을 신경쓰지 못하고, 밑에 있는 리더는 위를 바라보지도, 영향력을 끼치도 못하는 맹점이 있기 마련이지요. 물론 사람은 한계가 있어서 그렇게 책임져주지 못하는 부분들이 생길 수 있습니다. 그러나 우리 하나님은 그렇지 않습니다. 우리 하나님의 우리의 모든 부분을 책임져주십니다. 우리 삶의 360도뿐 아니라, 위와 아래, 모든 부분을 책임져주십니다. 왜냐하면 하나님이 우리의 모든 것이 되시기 전에, 우리가 하나님의 모든 것이기 때문입니다. 우리를 모든 것으로 생각하시며 우리의 삶을 인도하시는 목자되시는 하나님, 그분을 기뻐하십시오. 그리고 그분으로 가득 채우십시오. 그렇게 모든 것이 되시는 하나님과 함께 하는 복된 삶을 사시길 기도합니다. [적용 및 질문] - 하나님께서 당신을 모든 것으로 삼으신다는 사실이 당신에게는 어떤 의미로 다가옵니까? - ‘길 나서는 이를 위해 복을 비는 기도Reisesegen’가 당신에게 힘과 소망, 또 위로가 됩니까? - 하나님께서 우리의 모든 부분을 보호해주심을 알려주어야 할 사람이 당신에게 있습니까?",주보 (2016-02-07)
2016-02-08,2016,2,선교,"MET2016 페루 단기선교 사역물품 수집(Peru Mission): 사역지: 페루 리마 일시: 2/8(월)~2/20(토), 2016 사역내용: 의료(내과, 치과, 한방), 전도(장년, 어린이), 사진, 미용(남자, 여자), 안경, VBS 사역물품 수집: 랩탑 컴퓨터, 여름옷(어린이 & 어른), 치약 및 칫솔(어린이 & 어른), 여행용 큰가방(이민 가방) 수집기간: 2016년 1월24일(주일)까지 물품수집장소: 다목적대강당 문의: 함석호 집사(301-252-4320)",주보 (2016-01-03)
2016-02-08,2016,2,선교,"MET2016 단기선교(Short Term Mission): 페루팀: 2/8(월)~2/20(토), 선교팀들의 안전과 하나됨, 그리고 복음사역을 위해 함께 기도해주세요.",주보 (2016-02-14)
2016-02-14,2016,2,선교,"단기선교 전체 오리엔테이션(Mission Orientation): 일시: 2/14(주일), 4:30pm 장소: 소망회실 2016년 단기선교에 헌신하신 모든 분들을 위한 중요한 오리엔테이션입니다. 저녁식사가 제공됩니다.",주보 (2016-01-31)
2016-02-14,2016,2,기타행사,표어: 변화를 추구하는 지구촌교회,주보 (2016-02-14)
2016-02-14,2016,2,성례,"새찬송가(New Hymn Book): 금주부터 워싱턴지구촌교회는 새찬송가를 모든 예배에서 사용하게 됩니다. 그에 따라서 예배당에 새찬송가와 침례표기 성경책이 비치됩니다. 새찬송가를 사용해주시고, 추가로 구입하고자 하시는 성도님들은 교회 책방에 문의해주시기 바랍니다.",주보 (2016-02-14)
2016-02-21,2016,2,특별행사,"2 21 워싱턴지구촌교회 김만풍 목사 설교39(통39) 543(통342) 땅 끝에서헤롯이 사내아이들을 학살하다King Herod Slew Male children마 태 복 음2:16-181 여는 말씀오늘은 마태복음 2:16-18절 말씀을 중심으로 이천 년 전 예수께서 탄생하셨을 당시에 일어났던 일을 살펴보겠습니다. 본문 16절에 의하면 유대 임금 헤롯 대왕(Herod the Great, King of Judaea, 74/73-4BC)이 베들레헴과 그 모든 지경 안에 있는 사내아이들을 학살한 사실이 기록되어 있습니다.이 시간 그 학살 사건을 이해하는 데에 도움이 될 영상을 하나 보고 나서 말씀을 계속하겠습니다. (헤롯이 사내아이들을 학살하다 – 영상제시)헤롯이 남자아이들을 그처럼 무참하게 학살한 이유가 무엇이었을까요? 지금부터 그 이유를 함께 살펴보겠습니다.2 헤롯이 사내아이들을 학살한 이유첫째, 분노 때문이었습니다.헤롯이 베들레헴과 그 모든 지경 안에 있는 사내아이들을 학살한 첫째 이유는 그의 격노 때문이었습니다. 본문 16절 전반의 말씀을 보겠습니다.마태복음 2:1616이에 헤롯이 박사들에게 속은 줄 알고 심히 노하 여 사람을 보내어 ... 헤롯은 심히 노했습니다. 그가 격노한 이유는 박사들에게 속은 줄 알았기 때문이었습니다. 헤롯이 박사들에게 속은 것으로 생각한 것이 무엇이었습니까? 박사들이 “유대인의 왕으로 나신 아기”를 찾아 만나보고도 자기에게 돌아와서 보고하지 않았다는 것이었습니다.그러면 박사들이 아기께 경배하고 헤롯에게로 돌아가지 않은 이유가 무엇이었습니까? 마태복음 2:12 말씀이 그 이유를 분명히 밝히고 있습니다.마태복음 2:1212그들은 꿈에 헤롯에게로 돌아가지 말라 지시하심 을 받아 다른 길로 고국에 돌아가니라동방에서 온 박사들은 꿈에 헤롯에게로 돌아가지 말라는 지시를 받았습니다. 그 지시는 누구의 지시였을까요? 전후 문맥은 하나님께서 보내신 천사의 지시였을 것으로 이해할 수 있게 해 줍니다. 박사들은 주의 사자의 지시에 따랐습니다. 그들은 하나님의 뜻에 따라 헤롯에게로 돌아가지 않고 다른 길로 고국에 돌아갔습니다. 그들은 사람의 말을 따르지 않고 하나님의 말씀에 따른 것이었습니다.동방 박사들이 주의 사자의 지시를 받기 전에는 헤롯에게로 돌아가 “유대인의 왕으로 나신 아기” 2에 관한 보고를 하고자 했을 것으로 생각됩니다. 왜냐 하면 헤롯이 그들에게 한 말을 순수하게 받아들였을 가능성이 있기 때문입니다. 마태복음 2:8 말씀을 보겠습니다.마태복음 2:8 8베들레헴으로 보내며 이르되 가서 아기에 대하여 자세히 알아보고 찾거든 내게 고하여 나도 가서 그에게 경배하게 하라그런데 본문 16절에서 헤롯이 박사들에게 속은 줄을 알고 심히 노한 것은 무엇 때문이었습니까? 헤롯이 아기 예수께 경배할 기회를 놓쳤기 때문이었을까요? 절대 그렇지 않습니다. 헤롯의 마음속에는 “유대인의 왕으로 나신 아기”를 죽일 계획을 품고 있었기 때문이었습니다. 그렇다면 동방 박사들이 헤롯을 속인 것이 아니라 사실 헤롯이 동방 박사들을 속인 것이었습니다. 천사의 지시를 받고 나서 다른 길로 고국에 돌아가던 박사들은 헤롯의 음흉한 속마음을 알아차리고 몸서리를 쳤을 것입니다.헤롯처럼 악한 의도로 속임수를 쓰는 인물들은 자기 계획이 수포로 돌아갈 때 화를 잘 냅니다. 격노를 잘 합니다. 본문은 “헤롯이 박사들에게 속은 줄 알고 심히 노하여” 라고 지적하고 있습니다. 헤롯의 격노는 정당하지 못한 것이었습니다. 그의 격노는 무수한 백성의 희생을 초래했습니다. 그 결과는 무고한 어린 생명들을 잔인무도하게 학살하여 베들레헴과 그 모든 지역 어머니들과 가족들과 마을 사람들의 슬픈 곡성이 하늘에 사무치게 만들었습니다.우리는 헤롯의 속임수에 넘어가지 않도록 경계해야 합니다. 헤롯의 격노에 희생되지 않도록 각성해야 합니다. 우리는 동방 박사들처럼 사람의 말에 귀를 기울일 것이 아니라 하나님의 뜻에, 주의 사자의 지시에 귀를 기울이는 지혜의 사람이 되기를 간절히 소원합니다.둘째, 공포 때문이었습니다.헤롯이 베들레헴과 그 모든 지경 안에 있는 사내아이들을 학살한 둘째 이유는 그의 공포 때문이었습니다. 본문 16절 후반의 말씀을 보겠습니다.마태복음 2:1616... 사람을 보내어 베들레헴과 그 모든 지경 안에 있는 사내아이를 박사들에게 자세히 알아본 그 때 를 기준하여 두 살부터 그 아래로 다 죽이니헤롯은 동방에서 온 박사들에게 자세히 알아본 그 때를 기준하여 두 살부터 그 아래로 남자 아이들을 다 죽였습니다. 헤롯이 동방 박사들에게 무엇을 알아보았던가요? 당시의 상황을 이해하기 위해서 뒤로 돌아가 마태복음 2:1-3 말씀을 보겠습니다. 마태복음 2:1-2 1헤롯 왕 때에 예수께서 유대 베들레헴에서 나시매 동방으로부터 박사들이 예루살렘에 이르러 2유대인의 왕으로 나신 이가 어디 계시냐 우리가 동방에서 그의 별을 보고 그에게 경배하러 왔노라 하니 3헤롯 왕과 온 예루살렘이 듣고 소동한지라헤롯 왕은 모든 대제사장과 백성의 서기관들을 모아 그리스도가 어디서 나겠느냐 묻고 유대 땅 베 3들레헴이라는 대답을 얻었습니다. 그 다음에 헤롯이 한 일이 무엇이었습니까? 마태복음 2:7 말씀을 보겠습니다.마태복음 2:7 7이에 헤롯이 가만히 박사들을 불러 별이 나타난 때를 자세히 묻고헤롯이 “그리스도가 어디서 나겠느냐?” 물을 때는 모든 대제사장들과 백성의 서기관들을 모아 공개적으로 질문했습니다. 그런데 베들레헴이라는 대답을 듣고 나서는 왜 그가 박사들을 가만히 불렀을까요? 헤롯의 마음속에 그리스도로 태어난 아기를 죽일 흉계가 있었기 때문이었습니다. 헤롯이 박사들에게 별이 나타난 때를 자세히 물어본 이유가 무엇이었을까요? 그 때 베들레헴에 나신 유대인의 왕 그리스도의 탄생일을 정확하게 계산하여 그 아기를 안전하게 제거하기 위함이었습니다. 그 아기는 아직 생후 백일도 되지 않았을 때였을 것입니다. 그런데 두 살 아래 모든 남자아이들을 다 죽여 버림으로써 후환이 없도록 하겠다는 아주 치밀하고 교활한 계획 품었습니다. 또 지역 범위도 베들레헴만 아니라 그 모든 지역으로 확대하여 학살하게 한 것도 그의 악독한 계산에서 나온 것이었습니다.헤롯이 왜 그처럼 끔찍할 어린이학살을 지시했을까요? 그의 공포 때문이었습니다. 그가 유대의 임금이 되기까지 로마 원로원에 줄을 대고, 수많은 정적들과 맞서고, 정치적 위기를 겪으면서 경쟁을 뚫고 올라와 자기 왕권을 지키기 위해 온갖 권모술수를 다 동원해 온 그였기에 “유대인의 왕 그리스도”라는 정적의 출현에 두려움을 느꼈기 때문에 이미 중병에 걸려 죽을 날이 머지않았음에도 불구하고 그러한 악을 서슴없이 저지른 것이었습니다. 우리는 헤롯의 공포심에서 비롯된 악을 경계하기 원합니다. 우리 자신이 그러한 공포심의 노예가 되지 않기를 원합니다. 우리 주변에 헤롯처럼 공포심의 노예가 되어 해악을 끼치는 사람들을 경계하기 원합니다. 우리는 두려움의 영을 받은 사람이 아니라 양자의 영을 받아 하나님을 아빠 아버지라 부르는 하나님의 자녀들임을 명심하기 원합니다. 두려움이 아니라 평안의 자녀로 살아가기를 소원합니다.셋째, 불신 때문이었습니다.헤롯이 베들레헴과 그 모든 지경 안에 있는 사내아이들을 학살한 셋째 이유는 그의 불신 때문이었습니다. 본문 16절 말씀을 다시 한번 보겠습니다.마태복음 2:1616이에 헤롯이 박사들에게 속은 줄 알고 심히 노하 여 사람을 보내어 베들레헴과 그 모든 지경 안에 있는 사내아이를 박사들에게 자세히 알아본 그 때 를 기준하여 두 살부터 그 아래로 다 죽이니이 말씀 자체가 헤롯의 불신을 명확하게 보여주고 있습니다. 그는 하나님을 불신했습니다. 하나님께서 보내신 “유대인의 왕 그리스도”를 불신했습니다. 그는 유대인들을 불신했습니다. 그는 신하들을 불신했습니다. 그는 가족들까지도 불신했습니다. 그에 관한 역사 자료들은 그가 얼마나 의심과 불신 속에 사로잡힌 잔인한 인간이었는가를 충분히 짐작할 수 있게 해 줍니다.헤롯의 무참한 어린이학살은 예레미야를 통하여 말씀하신 바가 이루어지게 했습니다. 예레미야 31:15을 인용한 본문 18 말씀을 보겠습니다.마태복음 2:1818라마에서 슬퍼하며 크게 통곡하는 소리가 들리니 4라헬이 그 자식을 위하여 애곡하는 것이라 그가 자식이 없으므로 위로받기를 거절하였도다 함이 이루어졌느니라신약 주석학자 윌렴 헨드릭슨의 마태복음 주석에 따르면 헤롯은 자기가 죽을 때 자기를 위해서 애곡해 줄 사람이 아무도 없다는 것을 알았던 사람이었습니다. 그래서 자기가 죽기 전에 마지막 잔치를 베풀겠다는 명목으로 유대 지도자들을 사마리아 운동장에 청하고, 그 날짜에 전국에서 모여 온 사람들을 다 감금해 두었습니다. 그가 마지막 내린 지시는 자기가 숨을 거두는 순간 감금해 둔 유대 지도자들을 일시에 다 죽임으로써 유대 전국에서 곡성이 들리게 하라는 것이었습니다. 헤롯 자신의 죽음을 위한 곡성은 아닐지라도 적어도 자기가 죽을 때 전국에 곡성은 들리지 않겠느냐는 계산이었습니다. 그가 죽었을 때 그의 신하들은 유대 지도자들을 다 풀어주었습니다.우리는 헤롯의 불신이 얼마나 끔찍한 결과를 초래했는가를 명심하기 원합니다. 불신은 모두에게 해악을 초래합니다. 헤롯의 불신을 경계하기 원합니다. 우리에게 믿음을 주신 주님의 은혜를 감사하며 살기 원합니다. 우리가 주님 안에서 신뢰할 가족을 주시고, 성도들을 주신 은혜를 찬송하며 살기를 원합니다. 우리가 다 주 예수를 믿는 믿음 안에서 하나님의 말씀을 옳게 분별하고 부끄러울 것이 없는 일꾼으로 인정된 자로 우리 자신을 하나님께 드리기를 힘쓰기를 간절히 소원합니다.3 맺는 말씀사랑하는 성도 여러분, 우리는 이 시간 헤롯 대제가 베들레헴과 그 지역의 모든 사내아이들을 두 살 아래로 학살한 이유를 세 가지 면에서 살펴보았습니다.첫째, 격노 때문이었습니다.둘째, 공포 때문이었습니다.셋째, 불신 때문이었습니다.우리는 헤롯의 격노와 공포와 불신을 경계하여 또 다른 악에 빠지지 않도록 경성하기 원합니다.",주보 (2016-02-21)
2016-02-21,2016,2,기타행사,표어: 변화를 추구하는 지구촌교회,주보 (2016-02-21)
2016-02-21,2016,2,성례,"새찬송가(New Hymn Book): 워싱턴지구촌교회는 새찬송가를 모든 예배에서 사용합니다. 그에 따라서 예배당에 새찬송가와 침례표기 성경책이 비치되었습니다. 새찬송가를 사용해주시고, 추가로 구입하고자 하시는 성도님들은 교회 책방에 문의해주시기 바랍니다.",주보 (2016-02-21)
2016-02-24,2016,2,기타행사,건축소식(Vision Center): Special Appeal Court of Maryland 에서 지난 2014년 2월24일 Sugarloaf Citizens Association이 지구촌교회의 싸이트플랜 허가를 인정한 Frederick County Board of Appeal과 District Court of Maryland 판결에 오류가 있다고 항소한 것에 관하여 Frederick County Board of Appeal과 District Court of Maryland의 판결에 오류가 없음을 확인하고 지구촌교회에 승소 판결을 지난 4월26일 내렸습니다. 기도하여 주신 성도님들께 진심으로 감사드립니다.,주보 (2016-05-01)
2016-03-06,2016,3,기타행사,"3 6 워싱턴지구촌교회 김만풍 목사 설교32(통48) 438(통495) 땅 끝에서주님의 가족이 나사렛에 정착하다The Holy Family Settled at Nazareth마 태 복 음2:19-231 여는 말씀우리는 앞서 주님의 가족이 헤롯의 칼을 피하여 애굽으로 피신한 일을 살펴보았습니다. 오늘은 애굽에서 돌아와 나사렛에 정착한 일을 알아보고자 합니다. 먼저 당시의 상황을 이해하는 데에 도움이 될 영상을 하나 보도록 하겠습니다. (주님의 가족이 나사렛에 정착하다 – 영상제시)주님의 가족이 이스라엘 땅에서 갈릴리 나사렛 동네에 정착한 이유는 무엇이었을까요? 본문을 중심으로 그 이유를 살펴보겠습니다.2 주님의 가족이 나사렛에 정착하다첫째, 헤롯이 죽었기 때문이었습니다.주님의 가족이 애굽에서 돌아와 나사렛에 정착한 첫째 이유는 아기 예수를 해치려 했던 헤롯 대제(Herod the Great, r. 37-4 BC)가 죽었기 때문이었습니다. 본문 마태복음 2:19-21 말씀을 보겠습니다.마태복음 2:19-2119헤롯이 죽은 후에 주의 사자가 애굽에서 요셉에게 현몽하여 이르되 20일어나 아기와 그의 어머니를 데리고 이스라엘 땅 으로 가라 아기의 목숨을 찾던 자들이 죽었느니라 하시니 21요셉이 일어나 아기와 그의 어머니를 데리고 이스 라엘 땅으로 들어가니라헤롯 대제는 그의 생년월일이 알려져 있지 않습니다. 그가 유대의 임금이 된 것은 주전 37년이었습니다. 역사학자들은 헤롯이 69세쯤 되었을 때 병들어 세상을 떠난 해를 주전 4년경으로 추정했습니다. 헤롯이 죽은 후에 주의 사자가 애굽에서 요셉의 꿈에 나타나 하나님의 뜻을 전했습니다. “일어나 아기와 그의 어머니를 데리고 이스라엘 땅으로 가라. 아기의 목숨을 찾던 자들이 죽었느니라.” 베들레헴과 그 모든 지역에서 두 살 아래 남자 아이를 학살한 헤롯이 죽었으니 이스라엘 땅으로 돌아가라는 말씀이었습니다. 헤롯이 죽었다는 말에 안심이 되었을 것입니다.요셉은 일어나 아기와 그의 어머니를 데리고 이스라엘 땅으로 들어갔습니다. 그는 주의 사자가 지시할 때 머뭇거리지 않았습니다. 의문을 제기하지 않았습니다. 헤롯이 죽은 때를 아시는 주님을 신뢰했습니다. 이스라엘 땅으로 가라 하시는 주님의 뜻에 순종했습니다. 그는 군말 없이 순종했습니다. 우리도 하나님을 신뢰하고, 그의 섭리를 확신하며, 그의 뜻을 분별하여 즉시 순종하여 갈 수 있게 되기를 원합니다. 2둘째, 헤롯 아켈라오를 두려워했기 때문이었습니다.주님의 가족이 애굽에서 돌아와 나사렛에 정착한 둘째 이유는 헤롯 대제(Herod the Great, r. 37-4 BC)가 죽은 후 그를 계승하여 유대의 임금이 된 아들 헤롯 아켈라오(Herod Archelaus, BC23–AD18, r. BC4–AD6)를 두려워했기 때문이었습니다. 본문 마태복음 2:19-21 말씀을 보겠습니다.마태복음 2:2222그러나 아켈라오가 그의 아버지 헤롯을 이어 유대의 임금 됨을 듣고 거기로 가기를 무서워하더니 꿈에 지시하심을 받아 갈릴리 지방으로 떠나가아켈라오는 당시 로마 황제 아우구스투스(Roman Emperor Augustus, BC63–AD14) 의 임명을 받아 사마리아와 유대와 이두매를 통치하게 된 인물이었습니다. 그 때 수리아 총독 구레뇨(Quirinius)가 호적하는 일을 관장하고 있었습니다.아켈라오는 아버지가 죽었을 때 로마에 가서 아우구스투스 황제의 신임을 받아 유대의 통치자가 되었으나 정식 왕(King)이 아닌 통치자(Ethnarch)의 직위를 받았습니다. 그는 에돔의 혈통을 받은 아버지 헤롯 대제와 사마리아인 왕비 사이에서 태어난 인물이었습니다. 그의 유대인 신하들은 그를 이방인 출신 압제자로 간주하여 그의 허물을 로마 황제에게 계속해서 고발했기 때문에 AD6년에 그는 로마로 불려갔습니다. 그는 황제 앞에서 자기변명을 했으나 불신임을 받아 자기 자리를 티베리우스(Tiberius)에게 물려주고 오늘 날의 프랑스 지방인 가울(Gaul)로 쫓겨나 거기서 그의 생애를 마감했습니다.그는 유대인들에 대해서 폭압정치를 한 인물로 알려졌습니다. 주님의 가족은 주의 사자의 지시를 받아 일단 이스라엘 땅으로 들어왔으나 아켈라오를 두려워하여 그가 다스리는 유대 땅에 머물기를 망서렸습니다. 그 때 다시 꿈에 지시를 받은 요셉은 분봉왕 빌립(Philip the Tetrarch, r. BC4-AD34)이 다스렸던 갈릴리 지방으로 떠나갔습니다.주님께서는 주님의 가족의 마음을 헤아리셨습니다. 요셉의 마음속에 있는 두려움을 이해하셨습니다. 그리하여 꿈에 갈릴리 지방으로 가라는 지시를 하셨습니다. 주님은 우리의 형편을 아십니다. 마음의 근심을 이해하십니다. 우리의 두려움을 파악하십니다. 그리고 우리의 문제를 해결해 주십니다. 사도 바울이 빌립보교회 성도들을 격려한 말씀입니다.빌립보서 4:6-7 6아무 것도 염려하지 말고 다만 모든 일에 기도와 간구로, 너희 구할 것을 감사함으로 하나님께 아 뢰라 7그리하면 모든 지각에 뛰어난 하나님의 평강이 그 리스도 예수 안에서 너희 마음과 생각을 지키시리 라한 평생 사는 동안 우리 마음을 헤아려 평강의 길로 인도하시는 하나님의 섭리에 감사하며 믿음과 소망과 사랑을 나누며 전진하는 우리가 되기를 소원합니다.셋째, 나사렛 사람이라 칭함을 받으시게 하기 위함이었습니다.주님의 가족이 애굽에서 돌아와 나사렛에 정착한 셋째 이유는 장차 예수 그리스도께서 나사렛 사 3람이라 칭함을 받으시게 하기 위함이었습니다. 본문 마태복음 2:23 말씀을 보겠습니다.마태복음 2:2323나사렛이란 동네에 가서 사니 이는 선지자로 하신 말씀에 나사렛 사람이라 칭하리라 하심을 이루려 함이러라여기 인용된 “나사렛 사람이라 칭하리라.”는 예언의 말씀이 구약 선지서들에 나오지 않습니다. 어찌 된 일일까요? 성경을 자세히 연구한 학자들은 이 말씀을 구약성경의 선지서들에 문자로 기록된 예언이 아니라 구술로, 말로 전파되어 유대인들은 이미 알고 있던 예언의 말씀으로 해석하고 있습니다.마태복음은 유대인들을 염두에 두고 기록한 복음서입니다. 마태는 매우 주의 깊게 예수께서 아브라함과 다윗의 자손으로(마1:1) 동정녀 마리아에게 성령으로 잉태되어(사7:14;마1:16,18-25;눅1:26-38), 유대 땅 베들레헴에서 탄생하셨고(미5:2), 헤롯 대제의 칼을 피하여 애굽으로 피하셨으며(마2:13-14), 헤롯이 죽은 후에 애굽에서 불러내셨고(마2:15), 이스라엘 땅에 돌아온 후에 나사렛에 정착하여 성장하심으로써 “나사렛 사람이라 칭함을 받으리라.”(마2:23)는 예언이 성취되었다는 사실을 증거했습니다.예수님 당시 사람들은 나사렛을 중요한 지역으로 보지 않았습니다. 나사렛에서는 선지자나 메시아가 날 수 없다고 단정했습니다. 나사렛 사람을 무시하고 천대했습니다. 나다나엘도 “나사렛에서 무슨 선한 것이 날 수 있느냐?”(요1:46) 했습니다. 예수께서 나귀를 타시고 예루살렘에 입성하셨을 때 “이는 누구냐?”(마21:10) 하는 질문에 무리가 대답하기를 “갈릴리 나사렛에서 나온 선지자 예수라”(마21:11) 대답했습니다.일반 사람들은 예수가 하나님의 약속대로 그의 섭리 가운데 베들레헴에 탄생하신 것을 몰랐습니다. 그들은 예수가 나사렛에서 탄생한 것으로 오해했습니다. 따라서 예수가 자기 백성을 그들의 죄에서 구원할 메시아이실 리가 없다고 단정했습니다. 이것은 이사야의 예언대로 “너희가 듣기는 들어도 깨닫지 못하고 보기는 보아도 알지 못하리라.”(사6:9;마13:14)는 말씀이 그대로 성취된 것이었습니다.그러나 복음을 읽는 자가 복이 있습니다. 듣는 자가 복이 있습니다. 성령의 거듭나게 하시는 은혜로 깨닫는 자가 복이 있습니다. 하나님의 은혜의 선물을 받아 예수 그리스도를 믿고 회개하고 영접하여 하나님의 자녀가 된 자가 복이 있습니다. “나사렛 사람이라 칭하리라.”는 예언이 성취된 사실을 깨달아 아는 그 사람이 예수를 그리스도로 믿고 하나님의 자녀가 된 사람입니다. 이처럼 철저한 하나님의 섭리 가운데 그의 은혜로 구원을 베풀어 주신 하나님께 감사와 산송과 영광을 올려드립니다.3 맺는 말씀사랑하는 성도 여러분, 우리는 주님의 가족이 애굽에서 돌아와 나사렛에 정착한 이유를 세 가지 면에서 살펴보았습니다.첫째, 헤롯이 죽었기 때문이었습니다.둘째, 아켈라오를 두려워했기 때문이었습니다.셋째, 나사렛 사람이라 칭함을 받으시게 하기 위함이었습니다.우리는 예수 그리스도의 탄생과 애굽 피신과 귀국과 나사렛 정착 과정에서 나타난 하나님의 철저한 섭리를 발견할 수 있었습니다. 우리의 생애에서도 하나님의 섭리를 체험하며 주님의 뜻을 따라 확신을 갖고 살아가기를 소원합니다. 아멘!",주보 (2016-03-06)
2016-03-06,2016,3,기타행사,표어: 변화를 추구하는 지구촌교회,주보 (2016-03-06)
2016-03-06,2016,3,성례,"새찬송가(New Hymn Book): 워싱턴지구촌교회는 새찬송가를 모든 예배에서 사용합니다. 그에 따라서 예배당에 새찬송가와 침례표기 성경책이 비치되었습니다. 새찬송가를 사용해주시고, 추가로 구입하고자 하시는 성도님들은 교회 책방에 문의해주시기 바랍니다.",주보 (2016-03-06)
2016-03-13,2016,3,회의/의회,"임시사무총회(Congregational Meeting) 소집공고: 운영규정 제9장 제2조에 근거하여 다음과 같이 임시사무총회 소집을 공고합니다. 일시: 2016년 3월13일(주일), 12:45pm 장소: 지구촌교회 다목적대강당 참석회원자격: 본교회 교적부에 등록된 만 18세 이상으로 침례/세례를 받은 정교인 안건: “담임목사 조기은퇴 결정에 대한 무효 및 원안 수용 확인” 건",주보 (2016-03-06)
2016-03-13,2016,3,기타행사,표어: 변화를 추구하는 지구촌교회,주보 (2016-03-13)
2016-03-13,2016,3,회의/의회,"주일식당사역: 임시사무총회 관계로 오늘, 교회식당은 12시까지만 운영되며(4부예배 후 부터는 식사제공이 없음), 다목적대강당 전체가 회의 준비를 위해 출입이 통제되겠습니다. 한편 아가페 채플이 휴식공간으로 사용됩니다. 어린이들을 위한 Child Care와 소망회 귀가 교통편이 제공됩니다.",주보 (2016-03-13)
2016-03-13,2016,3,성례,"새찬송가(New Hymn Book): 워싱턴지구촌교회는 새찬송가를 모든 예배에서 사용합니다. 그에 따라서 예배당에 새찬송가와 침례표기 성경책이 비치되었습니다. 새찬송가를 사용해주시고, 추가로 구입하고자 하시는 성도님들은 교회 책방에 문의해주시기 바랍니다.",주보 (2016-03-13)
2016-03-20,2016,3,성례,"3 20 워싱턴지구촌교회 김만풍 목사 설교10(통34) 329(통267) 땅 끝에서예수께서 예루살렘 다락방에 가시다Jesus Went to the Upper Room in Jerusalem마 태 복 음26:17-291 여는 말씀오늘은 예수께서 그의 공생애 마지막 주간에 예루살렘의 “큰 다락방”(막14:15)에 가신 일을 기록한 말씀을 살펴보고자 합니다. 성경학자들은 그곳이 베드로가 옥에 갇혔을 때 예루살렘 교회 성도들이 함께 모여 기도했던 장소인 “마가라 하는 요한의 어머니 마리아의 집”(행12:12)에 있는 다락방이었을 것으로 봅니다. 우리의 본문 마태복음 26:17-29 말씀을 이해하는 데에 필요한 영상을 하나 보겠습니다. (예수께서 다락방에 가시다 – 영상제시)예수께서 수난주간에 제자들과 함께 예루살렘 다락방에 가신 목적이 무엇이었을까요? 2 예수께서 예루살렘 다락방에 가신 목적첫째, 유월절 음식을 잡수시기 위함이었습니다.예수께서 제자들과 함께 예루살렘 다락방에 가신 첫째 이유는 유월절 음식을 잡수시기 위함이었습니다. 본문 17-20절 말씀을 보겠습니다.마태복음 26:17-2017무교절의 첫날에 제자들이 예수께 나아와서 이르 되 유월절 음식 잡수실 것을 우리가 어디서 준비 하기를 원하시나이까18이르시되 성안 아무에게 가서 이르되 선생님 말씀 이 내 때가 가까이 왔으니 내 제자들과 함께 유월 절을 네 집에서 지키겠다 하시더라 하라 하시니19제자들이 예수께서 시키신 대로 하여 유월절을 준 비하였더라20저물 때에 예수께서 열두 제자와 함께 앉으셨더니예수께서 제자들과 함께 예루살렘 다락방에 가신 날은 “무교절의 첫날”이었습니다. 그 날은 “유월절 양 잡는 날”(막14:12)이었습니다. 유대 달력으로 “아빕월 14일”이었습니다. 우리가 사용하는 양력으로는 3월 20일 춘분이 지나고 보름달이 뜬 다음에 오는 목요일로 계산할 수 있습니다.첫 유월절은 출애굽기 12장에서 시작되었습니다. 이스라엘 백성이 애굽의 노예생활에서 풀려나던 때였습니다. 하나님께서 모세와 아론을 통해 내리신 열 번째 재앙과 연결되어 있습니다. 모세와 아론이 전하는 하나님의 말씀을 그대로 믿고 순종한 사람들은 아빕월 10일에 흠 없는 어린 양을 취하여 두었다가 14일에 잡아서 그 피를 집 좌우 문설주와 인방에 바르고 그 밤에 어린 양의 고기를 불에 구워 무교병과 쓴 나물과 아울러 먹었습니다. 2하나님께서 그의 천사를 보내어 애굽의 모든 처음 난 것을 다 치고 애굽의 모든 신을 심판하실 때 그들이 사는 집 문설주와 인방에 바른 어린 양의 피를 볼 때에 그 집을 넘어가게 하셨습니다. 유월절은 “넘어가다(Passover)”라는 말에서 유래된 이름의 절기입니다. 하나님께서는 이스라엘 백성이 대대에 이 절기를 지키도록 하셨습니다.유월절에 희생된 어린 양은 하나님께서 장차 보내실 메시야를 예표했습니다. 하나님께서 보내신 메시아는 바로 예수 그리스도 자신이셨습니다. 요한은 예수께서 자기에게 나아오심을 보고 증언하기를 “보라 세상 죄를 지고 가는 하나님의 어린 양이로다.”(요1:29) 했습니다. 예수께서 제자들을 데리고 예루살렘 다락방에 가신 목적은 그들과 함께 유월절 음식을 잡수시면서 주님 자신이 바로 유월절 어린 양, 하나님의 어린 양, 세상 죄를 담당하시기 위해 그 다음 날 수난 금요일에 십자가에 달리실 구세주이심을 확인하여 주시기 위함이었습니다.예수께서는 수난 주간 금요일에 갈보리 언덕 해골의 곳에서 십자가에 달려 피를 흘리셨습니다. 자기 백성을 그들의 죄에서 건져내시기 위함이었습니다. 우리는 주님께서 우리를 대신하여 흘리신 피를 믿고 구원을 받았습니다. 그 피를 믿는 우리는 영생을 얻고, 정죄의 심판에 이르지 아니하며, 사망에서 생명으로 옮겨졌습니다. 이 은혜로 인하여 유월절 어린 양 예수 그리스도께 감사와 찬송과 영광을 돌립니다.둘째, 회개의 기회를 주시기 위함이었습니다.예수께서 열두 제자들과 함께 예루살렘 다락방에 가신 둘째 이유는 회개의 기회를 주시기 위함이었습니다. 본문 21-25절 말씀을 보겠습니다.마태복음 26:21-2521그들이 먹을 때에 이르시되 내가 진실로 너희에게 이 르노니 너희 중의 한 사람이 나를 팔리라 하시니22그들이 몹시 근심하여 각각 여짜오되 주여 나는 아니 지요 23대답하여 이르시되 나와 함께 그릇에 손을 넣는 그가 나를 팔리라24인자는 자기에 대하여 기록된 대로 가거니와 인자를 파는 그 사람에게는 화가 있으리로다 그 사람은 차라 리 태어나지 아니하였더라면 제게 좋을 뻔하였느니라예수께서는 열두 제자들과 함께 예루살렘 다락방에 가셔서 유월절 음식을 잡수셨습니다. 식사 도중에 제자들에게 말씀하셨습니다. “너희 중의 한 사람이 나를 팔리라.” 이 말씀을 들은 제자들은 몹시 근심했습니다. 그리고 주님께 물었습니다. “주여 나는 아니지요?”주님께서 말씀하셨습니다. “나와 함께 그릇에 손을 넣는 그가 나를 팔리라. 인자는 자기에 대하여 기록된 대로 가거니와 인자를 파는 그 사람에게는 화가 있으리로다 그 사람은 차라리 태어나지 아니하였더라면 제게 좋을 뻔하였느니라.” 가룟 유다가 물었습니다. “랍비여, 나는 아니지요?” 예수께서 대답하셨습니다. “네가 말하였도다!”이 일을 사도 요한은 요한복음 13:21 이하에서 좀 더 상세하게 전하고 있습니다. 주님의 말씀을 들은 제자들은 서로 쳐다보면서 누구에게 대하여 말씀하시는지 의심했습니다. 그 때 요한이 주님의 품에 의지하여 누워 있었는데 시몬 베드로가 머릿짓을 하여 말씀하신 자가 누구인지 말하라고 했습니다. 요한은 주님께 “주여, 누구니이까?” 하고 여쭸습니다. 예수께서 대답하시기를 “내가 떡 한 조각을 적셔다 주 3는 자가 그니라.” 하시고 곧 한 조각을 초에 찍어서 가룟 시몬의 아들 유다에게 주셨습니다. 예수께서 이렇게 하신 것은 가룟 유다가 회개할 기회를 주시기 위함이었습니다. 그것은 예수께서 주시는 마지막 기회였습니다. 하지만 그는 회개하는 대신에 사탄에게 넘어갔습니다. “조각을 받은 후 곧 사탄이 그 속에 들어간지라.”(요한복음 13:27). 이에 예수께서는 가룟 유다에게 “네가 하는 일을 속히 하라.”(요13:27) 하셨습니다. 가룟 유다는 가서 대제사장들에게 예수를 넘겨주겠다고 약속하고 그 값으로 은 삼십을 받았습니다. 기회를 찾던 그는 겟세마네 동산에서 입맞춤으로 예수를 죄인들의 손에 넘겼습니다(마26:47-56). 그 후에 예수께서 정죄 당하시는 것을 보고 가룟 유다는 “내가 무죄한 피를 팔고 죄를 범하였도다.”(마27:3-4) 하며 은 삼십을 성소에 던져 넣고 물러가서 스스로 목매어 죽었습니다(마27:5). 누가는 증언하기를 “이 사람이 ... 몸이 곤두발질하여 배가 터져 창자가 다 흘러 나온지라.”(행1:18) 했습니다. 베드로는 가룟 유다 대신 새로운 사도를 세우기 위해 기도하는 중에 그의 죽음을 가리켜 “유다는 이 직무를 버리고 제 곳으로 갔나이다.”(행1:25) 했습니다.가룟 유다는 예수를 팔려는 생각을 넣어주는 사탄을 물리치지 않고 그대로 받아들였습니다(요13:2). 주님께서는 그것을 아시면서도 유월절 식사 자리에서 다른 사도들과 함께 가룟 유다의 발도 씻어주셨습니다(요13:4-11). 그리고 마지막 회개의 기회를 주셨습니다. 하지만 가룟 유다는 끝내 사도의 직무를 버리고 제 곳으로 갔습니다. 요한은 이러한 가룟 유다를 인하여 주님께서 괴로워하셨다고 증언했습니다(요13:21). 우리는 가룟 유다를 보면서 마지막 회개의 기회를 놓치지 않도록 사탄을 경계하며 영적으로 항상 깨어 있어 기도하기를 간절히 소원합니다.셋째, 주의 만찬 예식을 제정하시기 위함이었습니다.예수께서 열두 제자들과 함께 예루살렘 다락방에 가신 셋째 이유는 주의 만찬 예식을 제정하시기 위함이었습니다. 본문 26-29절 말씀을 보겠습니다.마태복음 26:26-2926그들이 먹을 때에 예수께서 떡을 가지사 축복하시고 떼어 제자들에게 주시며 이르시되 받아서 먹으라 이 것은 내 몸이니라 하시고27또 잔을 가지사 감사 기도 하시고 그들에게 주시며 이르시되 너희가 다 이것을 마시라28이것은 죄 사함을 얻게 하려고 많은 사람을 위하여 흘리는 바 나의 피 곧 언약의 피니라29그러나 너희에게 이르노니 내가 포도나무에서 난 것 을 이제부터 내 아버지의 나라에서 새것으로 너희와 함께 마시는 날까지 마시지 아니하리라 하시니라유월절 어린 양 예수께서는 십자가 대속의 죽음을 눈앞에 두고 주의 만찬 예식을 제정하셨습니다. 유월절 음식 중에서 떡을 가지시고 감사기도를 드리신 후에 제자들에게 주시면서 “받아서 먹으라. 이것은 내 몸이니라.” 하셨습니다. 또 잔을 가지시고 감사 기도를 하신 후에 제자들에게 주시면서 “너희가 다 이것을 마시라 이것은 죄 사함을 얻게 하려고 많은 사람을 위하여 흘리는 바 나의 피 곧 언약의 피니라.” 하셨습니다.이 말씀은 날이 새면 금요일에 십자가에 못 박혀 상하실 그의 몸과 흘리실 그의 피를 가리켜 말씀 4하신 것이었습니다. “자기 백성을 그들의 죄에서 구원하시기”(마1:21) 위한 대속의 죽음을 가리키는 말씀이었습니다. 베드로는 증언하기를 “친히 나무에 달려 그 몸으로 우리 되를 담당하셨다.”(벧전3:24)고 했습니다. 주님께서는 죄에 대하여 단번에 죽으셔서(롬6:10) 그 흘리신 피로 영원한 속죄를 이루셨습니다(히9:12).주님께서는 유월절 식사를 통해서 열두 사도들과 후대의 모든 신자들이 그의 십자가 대속을 기념하고 그가 다시 오실 때까지 그의 죽으심을 전하기 위하여 주의 만찬 예식을 제정하셨습니다. 사도 바울은 고린도교회에 이 예식을 분명하게 전했습니다. “23 내가 너희에게 전한 것은 주께 받은 것이니 곧 주 예수께서 잡히시던 밤에 떡을 가지사 24 축사하시고 떼어 이르시되 이것은 너희를 위하는 내 몸이니 이것을 행하여 나를 기념하라 하시고 25 식후에 또한 그와 같이 잔을 가지시고 이르시되 이 잔은 내 피로 세운 새 언약이니 이것을 행하여 마실 때마다 나를 기념하라 하셨으니 26 너희가 이 떡을 먹으며 이 잔을 마실 때마다 주의 죽으심을 오실 때까지 전하는 것이니라.”(고전11:23-26).누구든지 예수를 구주와 주님으로 믿고 침례/세례를 받은 신자는 교회의 회원이 되고 주의 만찬에 참예할 수 있습니다. 주님께서 친히 제정하신 주의 만찬에 참예하여 주의 십자가 대속의 죽으심을 기념하고 주의 죽으심을 그가 다시 오실 때까지 전하는 은혜와 특권을 인하여 감사와 찬송과 영광을 하나님께 올려드립니다.3 맺는 말씀사랑하는 성도 여러분, 우리는 이 시간 예수께서 수난 주간 목요일에 제자들과 함께 예루살렘 다락방에 가신 목적을 세 가지 면에서 살펴보았습니다.첫째, 유월절 음식을 잡수시기 위함이었습니다.둘째, 회개의 기회를 주시기 위함이었습니다.셋째, 주의 만찬 예식을 제정하시기 위함이었습니다.우리는 주님의 십자가 대속을 확신하고, 자신을 살펴 죄를 회개하며, 주의 만찬 예식에 참예할 때마다 그의 죽으심을 오실 때까지 전하기를 원합니다.",주보 (2016-03-20)
2016-03-20,2016,3,회의/의회,"정기제직회(Deacon's Meeting): 일시: 3/20(주일), 1:45pm 장소: 커버넌트 채플",주보 (2016-03-06)
2016-03-20,2016,3,기타행사,표어: 변화를 추구하는 지구촌교회,주보 (2016-03-20)
2016-03-21,2016,3,기타행사,"고난주간 특별새벽기도회(Early Morning Prayer): 일시: 3/21(월)~3/26(토), 5:30am 말씀: 김만풍 목사",주보 (2016-03-06)
2016-03-21,2016,3,선교,수요 찬양예배 저녁 7:30- 페루 단기선교 보고/설교: 김우준 목사 -기도: 이태호 집사 새 벽 기 도 회 (월-토 새벽 5:30)월(3/21)화(3/22)수(3/23)목(3/24)금(3/25)토(3/26)김만풍(눅 22:39~53)김만풍(눅 22:54~71)김만풍(눅 23:1~12)김만풍 (눅23:13~25)김만풍 (눅23:26~43)김만풍 (눅 23:44~56),주보 (2016-03-20)
2016-03-23,2016,3,특별행사,"-창32:24-31절 얍복 나루의 승리의 아침 세계적으로 가장 어리석은 부동산 거래를 말하라면 1867년 3월 23일에 있었던 미국과 러시아의 알래스카 거래를 들수 있습니다. 러시아는 당시 720만불, 우리나라 화폐로 약 90억원, 현재로 환산하면 1조 7천억정도의 돈으로 알래스카를 미국에 팔았습니다. 그러나 그 알래스카 땅의 값어치가 720만 불의 720만 배도 더 된다는 것을 두 나라가 모두 알게 되었고 세계역사상 가장 후회 하게된 거래가 되었습니다. 야곱은 창 25장에서 쌍둥이 형 에서에게 하나님의 장자권을 팥죽 한 그릇에 샀다.쌍둥이 형 에서는 털이 많고 외형적인 성격에 사냥을 잘 하는 사나이였고 동생 야곱은 조용한 사람이었고 장막에 거하는 자라고 성경은 증언한다. 당연히 야곱은 좀 더 생각이 많은 사람, 즉 머리가 좋았고 계략이 뛰어난 사람이었다. 그래서 아버지 이삭이 나이 많아 앞을 못볼때 염소새끼 가죽으로 털 많은 에서 형으로 가장하고 아버지에게 축복의 장자권을 가로챘다. 그 사건으로 에서형이 야곱을 죽이려 하자 어머니 리브가가 하란에 있는 오라비 즉 야곱의 삼촌 라반에게 야곱을 피난시킨다. 그러나 야곱은 20년동안 라반의 집에서 열심히 일해서 가족과 재산을 모았다. 그러나 언제까지 그 곳에 머물수는 없었다. 집으로 돌아가야 했기 때문이다. 너무도 오랜시간 집을 떠나왔기에 고향이 그립고 너무도 가고 싶었지만 형 에서가 여전히 자신을 죽이려 하는 것으로 알고 있었기에 심히 걱정과 근심으로 귀향하고 있었다.야곱은 정찰대를 에서에게 보냈는데 사자들이 돌아와서 보고하기를 형 에서가 400명을 데리고 야곱에게 오고있다는 소식을 듣는다. 이 숫자는 환영객이 아니라 자신을 죽이려는 복수의 군대숫자였다. 야곱은 자신의 재산을 두 떼로 나누어 형이 한쪽을 먼저 치면 나머지는 도망쳐야 했기 때문이다. 야곱은 자신의 소유를 형 에서에게 예물로 준비하고 첫 번째 선물떼, 두 번째 선물 떼. 세 번째 떼를 나누어서 보낸다. 20절 또 너희는 말하기를 주의 종 야곱이 우리 뒤에 있다 하라 하니 이는 야곱이 말하기를 내가 내 앞에 보내는 예물로 형의 감정을 푼 후에 대면하면 형이 혹시 나를 받아 주리라 함이었더라.... 그리고 22절에는 밤에 일어나 두 아내와 두 여종과 열한 아들을 인도하여 얍복 나루를 건널새.... 23절에 그들을 인도하여 시내를 건너가게 하며 그의 소유도 건너가게 하고... 그리고 자신은 강을 건너지 못하고 홀로 남게된다. 하나님의 장자권을 위해서 형을 속이고 아버지를 속이고 그리고 삼촌의 집에서 삼촌에게 속임을 당하는 그런 엎치락 뒤치락 하는 인생을 야곱은 살아왔다. 아무리 쌍둥이 형이라도 둘째 컴플랙스 속에서 살아남기 위해서 형제도 친척도 속여가며 열심히 살아왔다. 20년이 지난 지금 비단옷 입고 고향으로 돌아오는 (금의환향)을 해야 하는데 야곱은 성공했음에도 불구하고 고향을 눈앞에 두고 이 얍복이라는 우기에만 있는 간헐천 개울을 못 건너고 혼자 남아 깊은 시름에 잠겨있는 것이다. 하나님의 장자권을 받아 놓고도 너무도 변하지 않는 이 인간적인 야곱에게 드디어 하나님은 그를 진정한 축복의 사람으로 만들기 위해 얍복나루에 임하고 계신다. 하나님께서 야곱을 진정한 구속사의 장자권을 가진 사람으로 만드시기 위해 어떤 일을 하셨을까?첫 번째로 야곱에게 홀로 있는 시간을 갖게 하셨습니다.24절 야곱은 홀로 남았더니 야곱은 얍복 개울앞에 혼자 남았다. 뜨거운 중동의 지형에서 그들이 밤을 이용해 움직이는 것은 자연 스러운 일이다. 모든 가족들이 얍복 개울을 건너가게 하고 자신은 혼자 남았다. 혼자라는 것은 여러 가지 뜻을 내포하고 있다. '외로움' '정직함' '자신과의 대면' '깊은 고민'등....여러가지 인생의 깊이를 나타내는 시간과 공간의 단어가 '혼자 남았다'는 뜻이다. 칼 바르트라는 신학자의 표현을 빌리면 우리와 질적으로 다른 존재라는 뜻의 ‘절대타자’의 경험을 하는 시간이기도 하다.32:7절 야곱이 심히 두렵고 답답하여 자기와 함께 한 동행자와 양과 소와 낙타를 두 떼로 나누고 하나님은 우리 인생에 개입해 오실 때 잔치집같은 기쁨과 감격으로도 찾아 오시지만 대부분 초상집같은 진지함과 고민으로 찾아오신다. 그래서 우리에게 허락없이 찾아온 고난이, 고통이, 눈물이 우리의 인생의 방향을 바로 잡아 주는 계기가 되기도 하는 것이다. 야곱의 인생이 긴장과 초조감으로 다가갈 수록 흥미롭게도 야곱은 하나님을 찾기 시작하고 있는 것을 성경을 통해 확인할 수 있게된다. 32장 9-12절에 야곱이 또 이르되 내 조부 아브라함의 하나님, 내 아버지 이삭의 하나님 여호와여 주께서 전에 내게 명하시기를 네 고향, 네 족속에게로 돌아가라 내가 네게 은혜를 베풀리라 하셨나이다 나는 주께서 주의 종에게 베푸신 모든 은총과 모든 진실하심을 조금도 감당할 수 없사오나 내가 내 지팡이만 가지고 이 요단을 건넜더니 지금은 두 떼나 이루었나이다 내가 주께 간구하오니 내 형의 손에서, 에서의 손에서 나를 건져내시옵소서 내가 그를 두려워함은 그가 와서 나와 내 처자들을 칠까 겁이 나기 때문이니이다 주께서 말씀하시기를 내가 반드시 네게 은혜를 베풀어 네 씨로 바다의 셀 수 없는 모래와 같이 많게 하리라 하셨나이다 - 2 -야곱은 형 에서 때문에 답답하고 두려우니까 그동안 간절히 찾지 않던 하나님을 찾게 된다. 우리 그리스도인들이 하나님을 믿는다고 말하면서도 진지하게 그 분의 필요성을 느끼지 못하고 살다가도 고난이나 어려움이 올 때에 우리가 하나님의 약속을 찾고 그분의 약속을 기억해 내고 하나님의 이름을 부르는 것은 어쩌면 그것 자체가 우리가 야곱처럼 축복을 받은 장자권을 가진 하나님의 사람임을 자각하고 재 인식하는 축복의 시간이지 않을까?야곱이 찾았던 하나님은 창 28장에서 에서형을 피해 삼촌 라반에게 피할 때 도망자요 피난자였을때 광야에서 만났던 하나님이셨다. 집을 떠나 도망을 치던 피난자였을때 하나님을 만나고 그곳을 벧엘이라 '하나님의 집'이라 이름하여 단을 쌓았던 야곱이었다. 그리고 드디어 20년만에, 참으로 오랜만에 다시 한번 진지하게 하나님의 이름을 부르고 있는 야곱을 보게된다. 야곱은 32장 10절을 보면 "" 나는 주께서 주의 종에게 베푸신 모든 은총과 모든 진실하심을 조금도 감당할 수 없사오나 내가 내 지팡이만 가지고 이 요단을 건넜더니 지금은 두 떼나 이루었나이다"" 하나님을 향해 자신의 할 말이 있었던 야곱이었다. ""나도 열심히 살았습니다. 정말 아무것도 없이 지팡이 하나 가지고 와서 죽어라고 일했습니다. 남들 놀때 놀지 않고 남들 먹을 때 먹지 않고 이렇게 큰 부자가 되었습니다. 이렇게 열심히 살았으니 날 좀 도와 주십시오. 에서형이 나를 죽이려 합니다. 나를 통해 나의 자손이 모래알처럼 많게 되리라 약속하지 않으셨읍니까?"" 라고 자신을 변호하는 것이다.이 야곱의 생각이 하나님으로 하여금 야곱을 혼자 남게 하셔서 하나님을 만나도록 만드시는 사건의 핵심포인트이다. 야곱은 열심히 살았고 열심히 머리써서 사업에 성공했고 자수성가라는 대단한 삶을 살고 고향으로 오고 있는 것이다. 그런데 하나님은 야곱이 받은 장자의 축복권은 이정도가 아리라는 것을 가르치는 것이다. 하나님의 축복은 물질모아 재산을 늘리고 명예가 생기고 편하게 먹고 사는 정도된것을 신앙의 궁극적 목표로 제시하지 않는다는 것이다. 그것은 대기업 총수들도 다 할 수 있는 것이다. 하나님을 섬기지 않고 돼지머리 가져다가 절하면서 열심히 살아온 사람도 이룰 수 있는 업적인 것이다. 하나님은 야곱에게 그것이 신앙의 전부도 아니고 목적도 아니라고 가르치고 있는 것이다. 하나님이 야곱에게 주시는 진정한 축복은 야곱이 스스로 생각한데로 인생을 정의하고 인생의 목표를 결정하고 그것을 위해 살아가는 것이 아니라 하나님이 야곱에게 기대하는 삶으로 하나님이 원하시는 자리로 가는 것이 진정한 야곱이 받아야 하는 축복이었다. 지팡이 들고 재산 모으고 이젠 편하게 살만한 자리가 야곱이 누리는 축복의 전부가 아니다.야곱은 하나님의 위대한 메시야를 오게하는데 그리고 그 아들들이 이스라엘의 12지파를 만드는 일에 쓰임받아야 하는 놀라운 하나님의 계획을 가진 사람이었다.하나님이 우리의 인생에 개입해 오셔서 나를 홀로 남기실 때가 있다. 그래서 진지하게 자신의 인생을 돌아보게 하시고 하나님을 찾도록 만드시는 얍복 나루의 밤을 우리에게 허락하실 때가 있다. 그리고 이렇게 물으신다. ""여기 이 자리가 내가 너를 축복한 정점, 꼭대기가 아니야. 목적지가 아니야. 너는 더 큰 일을 해야 하는것야. 더 위대한 일에 쓰임을 받아야 하는거야. 이곳에 머물려고 하지마. 그리고 넌 에서에게 죽지도 않아. 왜냐면 내가 너에게 기대하는 목적이 아직 너무 많이 남아있기 때문이야.""라고...하나님이 우리를 홀로 남기시는 사건은 참으로 다양하다.",주보 (2016-05-22)
2016-03-26,2016,3,성례,"침례식 ➪침례받기를 원하시는 분은 지역목회자에게 신청바랍니다. 침례 리허설: 3/26(토), 10am, 새교우영접실",주보 (2016-03-06)
2016-03-27,2016,3,기타행사,표어: 변화를 추구하는 지구촌교회,주보 (2016-03-27)
2016-03-27,2016,3,성례,침례식: 침례자: Joshua Kucharski (1명),주보 (2016-03-27)
2016-03-27,2016,3,성례,"오늘 예배시간(Today Service): 예배/침례 시간: 10am 중고등부 합동예배: 11:30am~12pm, 대예배 침례식 참석 성경공부: 12pm~12:30pm",주보 (2016-03-27)
2016-04-03,2016,4,특별행사,"4 3 워싱턴지구촌교회 주일 1-3부 예배 김만풍 목사 설교9(통53) 289(통208) 땅 끝에서예수께서 갈릴리 가나에 가시다Jesus Went to Cana in Galilee요 한 복 음2:1-111 여는 말씀오늘은 예수께서 그의 모친과 제자들과 함께 갈릴리 가나에 가신 일에 관하여 살펴보고자 합니다. 먼저 그 일에 관한 요한복음 2:1-11 말씀을 이해하는 데에 도움이 될 영상을 보겠습니다. (예수께서 갈릴리 가나에 가시다 – 영상제시)우리는 이 시간 예수께서 그의 어머니와 제자들과 함께 갈릴리 가나에 가신 목적이 무엇이었는지 알아보고 우리에게 주시는 말씀을 받고자 합니다.2 예수께서 갈릴리 가나에 가신 목적첫째, 혼인잔치에 참석하시기 위함이었습니다.예수께서 갈릴리 가나에 가신 목적은 결혼예식에 참여하시기 위함이었습니다. 본문 1-2절 말씀을 보겠습니다.요한복음 2:1-2 1사흘째 되던 날 갈릴리 가나에 혼례가 있어 예수의 어머니도 거기 계시고 2예수와 그 제자들도 혼례에 청함을 받았더니갈릴리 가나는 예수의 고향 동네 나사렛에서 가까운 거리에 있었습니다. 친척이었다는 언급이 없는 것으로 보아 서로 아는 집안의 혼례였을 것으로 보입니다. 이 시기는 예수의 공생애 사역 초기였는데 예수에 대한 소식은 알려져 있었을 것입니다. 중요한 사실은 혼인집에서 예수와 그의 어머니와 제자들까지 잔치에 청했다는 것입니다.예수께서는 그 초청을 받아들이셨습니다. 결혼예식에 예수님을 초청하는 가정이 복이 있습니다. 중요한 행사에 주님을 모시는 사람이 복이 있습니다. 날마다 주님을 마음 중심에 모시고 주님과 동행하는 사람이 복이 있습니다. 에녹은 육십오 세에 므두셀라를 낳고 삼백년 동안이나 하나님과 동행하다가 하늘로 부르심을 받았습니다. 일평생 주님을 모시고 주님과 동행하는 우리 모두가 되기를 간절히 소원합니다.둘째, 메시아의 표적을 행하시기 위함이었습니다.예수께서 갈릴리 가나에 가신 목적은 메시아의 표적을 행하시기 위함이었습니다. 본문 3-10절 말씀을 보겠습니다.요한복음 2:3-10 3포도주가 떨어진지라 예수의 어머니가 예수에게 이르되 저들에게 포도주가 없다 하니 2 4예수께서 이르시되 여자여 나와 무슨 상관이 있나 이까 내 때가 아직 이르지 아니하였나이다5그의 어머니가 하인들에게 이르되 너희에게 무슨 말씀을 하시든지 그대로 하라 하니라 6거기에 유대인의 정결예식을 따라 두세 통 드는 돌항아리 여섯이 놓였는지라 7예수께서 그들에게 이르시되 항아리에 물을 채우 라 하신즉 아귀까지 채우니 8이제는 떠서 연회장에게 갖다 주라 하시매 갖다 주었더니 9연회장은 물로 된 포도주를 맛보고도 어디서 났는 지 알지 못하되 물 떠온 하인들은 알더라 연회장이 신랑을 불러10말하되 사람마다 먼저 좋은 포도주를 내고 취한 후에 낮은 것을 내거늘 그대는 지금까지 좋은 포 도주를 두었도다 하니라가나 혼인잔치에 문제가 생겼습니다. 포도주가 떨어진 것이었습니다. 예수의 어머니 마리아는 예수께 그 사실을 알렸습니다. 예수께서 그 문제를 해결하실 메시아이심을 아셨기 때문입니다. 예수께서는 그 문제를 해결할 정확한 때를 카운트다운 하셨습니다. 그의 어머니는 하인들에게 “너희에게 무슨 말씀을 하시든지 그대로 행하라.” 일렀습니다. 우리는 예수의 어머니처럼 문제를 예수께 말씀드리기 원합니다. 예수께서 무슨 말씀을 하시든지 그대로 행하기를 원합니다.예수께서는 하인들에게 평소 손 씻는 물을 담아두는 항아리 여섯에 물을 채우라 이르셨습니다. 그들이 물항아리 아귀까지 채우자 “이제는 떠서 연회장에게 갖다 주라.” 하셨습니다. 연회장은 물로 된 포도주를 맛보고도 어디서 났는지 알지 못했습니다. 하지만 물 떠온 하인들은 알았습니다. 하인들처럼 주님의 말씀에 순종하는 사람이 주님의 은혜를 받습니다. 주님의 이적을 체험합니다. 주님의 권능을 알 수 있습니다. 연회장은 물로 된 포도주를 맛보고도 어디서 났는지 몰랐으나 물 떠온 하인들은 알았습니다. 주님의 말씀에 온전히 순종하여 은혜를 체험하는 우리가 되기를 원합니다.연회장은 신랑을 불러 말했습니다. “사람마다 먼저 좋은 포도주를 내고 취한 후에 낮은 것을 내거늘 그대는 지금까지 좋은 포도주를 두었도다!” 주님의 말씀에 순종하여 갈수록 더 훌륭하고, 갈수록 더 성숙하며, 갈수록 더 영광스러운 삶을 누리고, 갈수록 사람들을 더 잘 섬기며, 갈수록 복음의 열매를 더욱 풍성하게 맺는 우리가 되기를 소원합니다.갈릴리 가나 혼인잔치에서 물로 포도주를 만드신 이적은 예수 그리스도가 메시아이심을 확증해 주는 표적이었습니다. 우리는 좋은 포도주에 관심을 기울이기보다는 물을 포도주로 변화시키시는 주님의 권능에 관심을 집중하기 원합니다. 십자가 대속을 믿는 믿음을 통해서 죄인을 의롭다 하시고, 흑암에서 빛으로, 사망에서 생명으로, 지옥에서 천국으로 옮겨주시며, 하나님의 자녀로 삼으셔서 그리스도와 함께 유업을 얻게 하시는 주님께 온 마음을 기울이기 원합니다. 예수가 메시아이시라는 사실에 초점을 맞추기를 소원합니다.셋째, 제자들의 믿음을 굳게 하시기 위함이었습니다.예수께서 갈릴리 가나에 가신 목적은 제자들의 믿음을 굳게 하시기 위함이었습니다. 본문 11절 말 3씀을 보겠습니다.요한복음 2:1111예수께서 이 첫 표적을 갈릴리 가나에서 행하여 그의 영광을 나타내시매 제자들이 그를 믿으니라예수께서 갈릴리 가나 혼인잔치에 청함을 받으셨을 때 그의 어머니와 제자들과 함께 참석하신 분명한 목적은 물로 포도주를 만드신 이적을 통해서 그의 영광을 나타내시기 위함이었습니다. 그리하여 제자들이 자신을 메시아로 믿도록 하시기 위함이었습니다.과연 제자들은 예수께서 행하신 이적을 통하여 나타내신 그의 영광을 인하여 그를 믿었습니다. 예수의 표적은 단순히 혼인집에 포도주가 떨어진 문제를 해결해 주는 것으로 그치지 않았습니다. 질 좋은 포도주로 신랑이 연회장의 칭찬을 받게 하는 데서 멈추지 않았습니다. 물 떠온 하인들이 놀라움을 금하지 못하게 하는 것으로 만족할 것이 아니었습니다. 예수의 어머니 마리아도, 물 떠온 하인들도, 예수의 제자들도 모두 다 예수가 메시아이심을 믿는 믿음을 굳게 붙잡는 데 이르러야 할 것이었습니다.우리는 주님의 뜻을 헤아리기 원합니다. 주님의 목적을 깨닫기 원합니다. 주님의 생각을 정확하게 분별하기 원합니다. 우리는 주님께서 생각하시고, 말씀하시고, 행하신 모든 것을 통해서 무엇보다도 우선적으로 그가 하나님 아버지께서 자기 백성에게 보내신 메시아이심을 확고히 믿는 믿음을 굳게 붙잡기를 간절히 소원합니다.3 맺는 말씀사랑하는 성도 여러분, 우리는 이 시간 예수께서 갈릴리 가나에 가신 목적을 세 가지 면에서 살펴보았습니다.첫째, 혼인잔치에 참석하시기 위함이었습니다.둘째, 메시아의 표적을 행하시기 위함이었습니다.셋째, 제자들의 믿음을 굳게 하시기 위함이었습니다.갈릴리 가나 혼인잔치에 참석하셔서 메시아의 표적을 행하여 제자들의 믿음을 굳게 하여 주신 주님께서 이 일을 통해 또한 우리의 믿음을 굳게 하여 주신 은혜를 감사하며 찬송과 영광을 돌려드립니다. 이 믿음 위에 굳게 서서 복음의 사명을 수행하는 우리 자신이 되기를 간절히 소원합니다.",주보 (2016-04-03)
2016-04-03,2016,4,기타행사,표어: 변화를 추구하는 지구촌교회,주보 (2016-04-03)
2016-04-10,2016,4,부흥회/집회,"4 10 워싱턴지구촌교회 주일 1-3부 예배 김만풍 목사 설교68(통32) 96(통96) 땅 끝에서 예수께서 사마리아 수가 동네에 가시다Jesus Went to Sychar in Samaria요 한 복 음4:25-26,28-30,39-421 여는 말씀오늘은 예수께서 유대에 가셨다가 다시 갈릴리로 돌아가실 때 사마리아에 있는 수가라 하는 동네게 가신 일을 기록한 요한복음 4장의 말씀을 살펴보고자 합니다. 먼저 우리의 본문을 이해하는 데에 도움이 될 영상을 하나 보겠습니다. (예수께서 사마리아 수가 동네에 가시다 – 영상제시)예수께서 사마리아 수가 동네에 가신 목적이 무엇이었습니까? 이 시간 그 목적을 함께 알아보고 우리에게 주시는 은혜의 메시지를 받겠습니다.2 예수께서 사마리아 수가 동네에 가신 목적첫째, 사마리아 여자의 구원을 위함이었습니다.예수께서 사마리아 수가 동네에 가신 첫째 목적은 사마리아 여자의 구원을 위함이었습니다. 오늘 우리의 본문 요한복음 4:25-26 말씀을 보겠습니다.요한복음 4:25-2625여자가 이르되 메시야 곧 그리스도라 하는 이가 오실 줄을 내가 아노니 그가 오시면 모든 것을 우 리에게 알려 주시리이다26예수께서 이르시되 네게 말하는 내가 그라 하시니 라예수께서 유대에 가셨다가 갈릴리로 돌아가실 유대인들이 다니는 다른 길들이 있었음에도 불구하고 굳이 사마리아로 통과하시고자 하신 목적이 있었습니다. 그것은 사마리아 여자의 영혼을 구원하시기 위함이었습니다. 사마리아 여자는 동네 사람들을 피하여 한 낮에 야곱의 우물에 물 길러 나올 만큼 자신의 삶에 부끄러운 사람이었습니다. 그 여자는 죄 문제를 해결해야 했습니다. 용서 받아야 할 죄인이었습니다. 메시야 곧 그리스도를 통한 구원이 필요한 사람이었습니다. 예수께서 세상에 오신 목적, 사마리아 수가 동네에 오셔서 야곱의 우물가에 앉아 기다리신 목적이 바로 그 여자의 영혼구원이었습니다.사마리아 여자는 메시야에 관한 유대인들의 이야기를 들었습니다. 기다렸습니다. 그리고 이 날 야곱의 우물에서 그 메시야를 만났습니다. “메시야 곧 그리스도라 하는 이가 오실 줄을 내가 아노니 그가 오시면 모든 것을 우리에게 알려 주시리이다.” 이 기회를 만드신 예수께서는 즉시 대답하셨습니다. “네게 말하는 내가 그라!” 예수께서 세상에 오신 목적이 무엇이었습니까? 주께서 분명히 말씀하셨습니다. “인자가 온 것은 잃어버린 자를 찾아 구원하려 함이니라.”(눅19:10). 잃어버린 우리 영혼을 구원하시기 위하여 이 땅에 오신 주님께 감사드립니다. 하나님의 사랑으로 복음을 접하게 되고, 성령의 거듭나게 하시는 은혜로 예수를 2그리스도로 믿어서 받은 구원의 선물을 인하여 하나님께 감사와 찬송과 영광을 올려드립니다. 둘째, 사마리아 여자의 전도를 위함이었습니다.예수께서 사마리아 수가 동네에 가신 둘째 목적은 예수를 그리스도를 만나 구원의 확신을 가진 사마리아 여자가 동네 사람들에게 전도하도록 하시기 위함이었습니다. 본문 28-30,39절 말씀을 보겠습니다.요한복음 4:28-30,3928여자가 물동이를 버려두고 동네로 들어가서 사람 들에게 이르되29내가 행한 모든 일을 내게 말한 사람을 와서 보라 이는 그리스도가 아니냐 하니30그들이 동네에서 나와 예수께로 오더라 ... 39여자의 말이 내가 행한 모든 것을 그가 내게 말하였다 증언하므로 그 동네 중에 많은 사마리아인이 예수를 믿는지라사마리아 여자는 예수 그리스도를 만나 구원을 확신하는 순간 물동이를 버려두고 동네로 들어갔습니다. 평소에 피하던 동네 사람들에게 예수 그리스도를 전하기 위함이었습니다. “내가 행한 모든 일을 내게 말한 사람을 와서 보라. 이는 그리스도가 아니냐!” 동네 사람들은 사마리아 여자의 행실을 잘 알고 있었습니다. 가정생활에 문제가 있는 여자였습니다. 그런데 이 여자가 행한 모든 일을 말한 사람을 와서 보라는 말을 했다는 사람을 와서 보라고 하지 많은 사마리아인들이 예수를 믿었습니다. 그리고 예수께로 와서 직접 만나보았습니다.예수께서는 사마리아 여자 한 사람의 영혼 구원에 관심을 가지셨습니다. 그런데 그것으로 만족하지 아니하셨습니다. 거기서 더 나아가 동네 사람들의 영혼 구원에도 관심을 가지셨습니다. 이 일을 위하여 먼저 사마리아 여자에게 전도하여 그 영혼을 건지신 다음 그 여자로 하여금 동네 사람들에게 전도하도록 하셨습니다. 예수께서 사마리아 수가 동네에 오셔서 야곱의 우물가에 앉아 한 낮에 물을 길으러 온 그 여자를 기다리신 목적이 바로 여기에 있었습니다. 사마리아 여자는 구원의 선물을 받는 즉시 물동이를 버려두고 자기 동네 전도에 나섰습니다. 그 열매가 있었습니다.우리는 예수를 그리스도로 만났습니까? 구원의 선물을 받았습니까? 구원의 확신을 갖고 있습니까? 구원의 기쁨이 있습니까? 그렇다면 즉시 예수 그리스도의 십자가 복음을 전하는 일을 시작했습니까? 계속합니까? 주님께서 그의 십자가 대속을 통해 우리를 먼저 구원하신 목적은 다른 사람들에게 복음을 전하도록 하시기 위함이었습니다. 이 점을 명심하고 땅 끝까지 이르러 복음을 전파하여 모든 민족으로 제자를 삼는 일에 열정을 품고 동참하기를 간절히 소원합니다.셋째, 주님의 사마리아인 집회를 위함이었습니다.예수께서 사마리아 수가 동네에 가신 셋째 목적은 사마리아 여자의 구원과 전도를 통해서 준비될 사마리아인 집회를 위함이었습니다. 본문 40-42절 말씀을 보겠습니다.요한복음 4:40-4240사마리아인들이 예수께 와서 자기들과 함께 유하 시기를 청하니 거기서 이틀을 유하시매 341예수의 말씀으로 말미암아 믿는 자가 더욱 많아42그 여자에게 말하되 이제 우리가 믿는 것은 네 말 로 인함이 아니니 이는 우리가 친히 듣고 그가 참 으로 세상의 구주신 줄 앎이라 하였더라수가 동네의 사마리아인들은 여자의 전도를 받았습니다. 특히 “내가 행한 모든 것을 내게 말한 사람을 와서 보라. 이는 그리스도가 아니냐!” 하는 말에 관심을 가졌습니다. 그런 말을 한 사람이 누구냐에 호기심을 가졌습니다. 그리고 예수를 메시야로 믿었습니다.사마리아인들은 여자가 하는 말을 듣는 것으로 멈추지 않았습니다. 듣고 믿는 것으로 만족하지 않았습니다. 직접 가서 예수 그리스도를 만났습니다. 만나보고 확인하는 것으로 끝내지 않았습니다. 예수께서 자기들과 함께 유하시기를 청했습니다.이틀 동안 예수 그리스도의 말씀을 직접 들은 사마리아인들 중에서 믿는 자들이 더욱 많아졌습니다. 그들이 그 여자에게 간증한 말이 무엇이었습니까? “이제 우리가 믿는 것은 네 말로 인함이 아니니 이는 우리가 친히 듣고 그가 참으로 세상의 구주신 줄 앎이라.”그리하여 한 영혼의 구원이 동네 전도로 이어지고, 동네 전도가 예수를 청하여 그의 말씀을 직접 듣는 이틀간의 전도집회로 발전하여 구원의 열매가 배가되었습니다. 예수께서 사마리아 수가 동네 야곱의 우물에 가신 목적이 바로 여기에 있었습니다.우리의 구원이 개인전도로 이어지기 원합니다. 우리의 개인전도가 전도집회로 발전하기 원합니다. 그리하여 복음을 듣고 구원을 얻는 전도와 선교의 열매들이 더욱 풍성해지기 원합니다. 우리의 복음전파와 제자훈련을 통해서 주님께서 다시 오실 그 날이 예비되는 역사가 일어나기를 간절히 소원합니다.3 맺는 말씀사랑하는 성도 여러분, 우리는 이 시간 예수께서 제자들과 함께 사마리아 수가 동네에 가신 목적을 세 가지 관점에서 살펴보았습니다.첫째, 사마리아 여자의 구원을 위함이었습니다.둘째, 사마리아 여자의 전도를 위함이었습니다.셋째, 주님의 사마리아인 집회를 위함이었습니다.동네에서 소외된 사마리아 여자에게 복음을 전하여 그 영혼을 구원하시고, 예수 그리스도를 만나 구원의 확신을 가진 사마리아 여자가 물동이를 버려두고 동네에 들어가 전도를 하게 하셔서, 그 일로 사마리아 인들을 위한 집회로 연결하신 주님의 전도전략을 본받아 우리도 이 시대에 전도의 사명과 제자훈련의 사역을 지혜롭고 충성되게 수행해 나아가기를 간절히 소원합니다.",주보 (2016-04-10)
2016-04-10,2016,4,기타행사,표어: 변화를 추구하는 지구촌교회,주보 (2016-04-10)
2016-04-11,2016,4,세미나,"담임목사 동정(Senior Pastor): 4/11(월)~4/14(목): 전도폭발 임상훈련(어바인 벧엘교회), 4/15(금)~4/21(목): 알라스카 열린문교회 전도집회/알라스카 목회자 세미나",주보 (2016-04-10)
2016-04-15,2016,4,세미나,담임목사 동정(Senior Pastor): 4/15(금)~4/21(목): 알라스카 열린문교회 전도집회/알라스카 목회자 세미나 2016년,주보 (2016-04-17)
2016-04-17,2016,4,기타행사,"년 4월 17일 셀 나눔 교재 엡 4:25-32 하나님의 발가락을 닮은 사람 찬송: 31 310 김우준 목사 여는 말씀 김동인 작가의 “발가락이 닮았다” 라는 소설이 있습니다. 이 소설의 주인공은 생식기능에 이상이 있어서 아기를 낳을 수 없는 사람입니다. 그런데 그가 어느날 자기 아들이라며 한아기를 친구에게 보여주며 자세히 살펴보면 이 아기가 자기의 발가락을 닮았다라고 주장합니다. 이 소설의 이야기를 떠올리며 한가지 재미난 상상을 해봤습니다. 만일 세상 사람들이 우리들의 삶을 유심히 관찰한다면 그들은 과연 우리의 삶에서 하나님과 닮은 모습을 찾을 수 있을까요? 만일 우리의 모든 말과 행동, 생각과 마음가짐이 조금도 숨김없이 투명하게 공개된다면 과연 세상 사람들은 정말 우리가 하나님을 닮았다라고 생각할까요? 아니면 아무리 눈을 씻고 찾아 보아도 닮은 구석을 찾을수가 없어 예의상 “당신은 하나님의 발가락을 닮았군요!” 라고 말하지는 않겠습니까? 우리가 정말 하나님의 자녀라면 우리는 마땅히 하나님을 닮아가야합니다. 그렇다면 우리는 하나님의 어떤 모습을 닮아야할까요? 첫째, 첫째, 하나님의 입술을 닮아야합니다. 예루살 에베소서 4장은 놀라운 은혜로 하나님의 자녀가 된 그리스도인들이 어떤 삶을 살아야하는 지를 가르쳐줍니다. 오늘의 본문은 한마디로 하나님의 자녀는 하나님을 닮아가야함을 강조합니다. 놀라운 은혜로 하나님의 자녀가 된 우리가 가장 기본적으로 하나님을 닮아야하는 부분이 무엇일까요? 오늘의 본문 25절에서 사도바울은 “이웃과 더불어 참된 것을 말하라”고 당부합니다. 그리스도인은 가장 기본적으로 정직해야합니다. 하나님은 진리이시기 때문에 진실만을 말씀하십니다. 우리가 하나님의 자녀라면 진리를 말씀하시는 하나님의 입술을 닮아야합니다. 그러나 참된 말을 할때 모든 성도가 반드시 기억해야하는 원칙이 있습니다. 이 원칙을 29절이 잘 설명해주고 있습니다: “…오직 덕을 세우는 데 소용되는 대로 선한 말을 하여 듣는 자에게 은혜를 끼치게 하라.” 참된 말을 하되 덕을 세우며 은혜를 끼칠수 있도록 표현해야합니다. 그리스도인의 언어생활에 대한 가이드라인을 가장 간단명료하게 설명해주는 말씀이 에베소서 4장 15절입니다: “오직 사랑안에서 참 된것을 하여 (note: 한글 성경에는 “참된 것을 하여”라고 번역되었지만 원어의 의미는 “참된 것을 말하며” 입니다) 범사에 그에게까지 자랄지라 그는 머리니 곧 그리스도라.” 즉, 사랑과 진리는 반드시 함께 가야한다는 것입니다. 내가 하는 말이 아무리 진실이라 할찌라도 그 메세지는 반드시 사랑의 보자기에 싸여서 전달되야합니다. 사랑과 진리의 균형이 깨질때 교회는 병들기 시작합니다. 하나님의 입술을 닮아 사랑안에서 참된 것을 말하는 우리 모두가 되기를 바랍니다. 둘째, 하나님의 손길을 닮아야합니다. 오늘의 본문 28절에서 사도바울은 “도둑질하는 자는 다시 도둑질 하지 말고 돌이켜 가난한 자에게 구제할 수 있도록 자기 손으로 수고하여 선한 일을 하라”고 권면합니다. 우리가 하나님의 자녀라면 도둑질을 삼가하고 정직하게 일하고 행동해야합니다. 도둑질을 금하는 명령앞에서 나는 남의 것을 훔치거나 공금을 횡령한 적이 없다는 이유로 안도의 숨을 내쉬는 그리스도인들이 있을지 모르겠습니다. 물론 도둑질 하지 않고 정직하게 살았다는 것은 훌륭한 일입니다. 그러나 하나님의 자녀는 단지 남의 것을 훔치지 않는 선에서 만족해서는 안됩니다. 오늘의 본문이 말씀하는 것 처럼 도둑질을 삼가할뿐 아니라 우리 손으로 수고하여 불우한 이웃을 구제하는데 힘써야하기 때문입니다. 여기서 우리는 그리스도인이 왜 힘써 일해야하는지를 깨달을수 있습니다. 대부분의 사람들은 내가 잘 먹고 잘 살기 위해 열심히 일합니다. 그리고 어쩌다 한번 마음에 감동이 있을때 불우 이웃을 위해 기부합니다. 그러나 하나님은 “가난한 자에게 구제할 수 있도록 자기손으로 수고하여 선한 일을 하라”고 명령합니다. 즉, 우리가 열심히 일하는 근본적인 목적이 남을 돕기 위함이라는 것입니다. 그리스도인은 남주기 위해 열심히 일해야합니다. 내가 쓰고 남은 것을 가난한자에게 주는 것이 아니라 최선을 다해 힘껏 도와야합니다. 남을 도우려는 목적으로 우리는 일하기 때문입니다. 하나님의 자녀는 고아와 과부를 돌아보시는 하나님의 손길을 닮아야합니다. 그리스도인들이 이기적인 삶에서 벗어나 최선을 다해 이웃을 돌아보는 이타적인 삶을 살때 우리의 선한 손길을 통해 세상은 살아계신 하나님의 형상을 보게 될 것입니다. 셋째, 하나님의 가슴을 닮아야합니다. 우리가 하나님을 가장 많이 닮아야하는 부분이 어디일까요? 하나님과 원수가 되었던 죄인들을 용서하고 품어주시는 하나님의 넓은 가슴입니다. 하나님은 사랑이시기 때문입니다 (요일 4:8). 오늘의 본문은 다음과 같은 메세지를 전합니다: “서로 친절하게 하며 불쌍히 여기며 서로 용서하기를 하나님이 그리스도 안에서 너희를 용서하심과 같이 하라” (32절). 하나님이 우리를 긍휼히 여기사 용서하시고 품어주신것 처럼 우리도 우리에게 상처준 사람을 사랑으로 품어주라는 것입니다. 우리가 사랑으로 서로를 용서할때 우리 가운데 진정한 십자가의 능력이 나타날 것입니다. 우리가 사랑으로 하나될때 교회가 교회다워질 것입니다. 우리가 사랑으로 서로를 품어줄때 비로서 세상은 우리 가운데 역사하시는 하나님을 보게 될 것입니다. 진정으로 하나님을 닮은 사람이 누구일까요? 하나님처럼 사랑하는 사람입니다. 진정으로 하나님을 닮은 교회는 어떤 공동체일까요? 하나님의 넓은 가슴으로 서로를 품어주며 사랑으로 하나되는 공동체일 것입니다. 우리가 아직 하나님과 원수 되었을때에 (롬 5:10) 우리를 사랑으로 품어주신 하나님의 은혜를 기억하며 하나님의 넓은 가슴을 닮아가는 우리 모두가 되기를 바랍니다. 맺는 말씀 하나님의 자녀는 하나님을 닮아가야합니다. 어떤 모습을 닮아가야할까요? 하나님의 입술을 닮아 사랑안에서 참된 것을 말해야합니다. 하나님의 손길을 닮아 힘써 불우한 이웃들을 도와야합니다. 하나님의 가슴을 닮아 우리에게 상처준 사람까지도 사랑으로 품어줘야합니다. 이렇게 하나님을 닮아갈때 우리의 삶을 보며 세상 모든 사람들이 진리되시고 약한자를 돌아보시며 사랑으로 죄인을 품어주시는 하나님을 만나게 되는 놀라운 역사가 일어나기를 간절히 기도합니다.",주보 (2016-04-17)
2016-04-17,2016,4,기타행사,표어: 변화를 추구하는 지구촌교회,주보 (2016-04-17)
2016-04-24,2016,4,기타행사,표어: 변화를 추구하는 지구촌교회,주보 (2016-04-24)
2016-04-25,2016,4,특별행사,임광 목사 안식월(Sabbath): 4/25(월)~6/3(금): 한국 가족방문2016년,주보 (2016-04-24)
2016-05-01,2016,5,기타행사,표어: 변화를 추구하는 지구촌교회,주보 (2016-05-01)
2016-05-15,2016,5,회의/의회,"정기제직회(Deacon's Meeting): 일시: 5/15(주일), 1:45pm 장소: 커버넌트 채플",주보 (2016-05-01)
2016-05-15,2016,5,기타행사,표어: 변화를 추구하는 지구촌교회,주보 (2016-05-15)
2016-05-16,2016,5,선교,"코스타리카 선교(MET2016 Costa Rica): 일시: 5/16(월)~5/25(수) 사역: 전도, 의료, 미용, 어린이 사역 문의: 이명자 집사(301-467-0657) 오늘, 3부예배 시, 파송기도 시간이 있습니다.",주보 (2016-05-15)
2016-05-22,2016,5,목회자 사임,"자식문제나 가정 문제 일 수도 있다.그러나 이 모든 것은 하나님이 나의 인생의 목표를 내 기준이 아닌 하나님의 기준으로 다시 끌어 올리시고 당신의 목표를 이루시려는 하나님의 절대적 사랑임을 우리가 알아야 한다.하나님께서 허락하시는 두렵고 답답한 밤을 홀로 보내십시오. 절대 사람을 찾지 마십시오. 주님과 대면하는 시간을 가지십시오. 그렇지 않으면 진정한 평안의 아침은 오지 않습니다. 하나님께서 야곱을 진정한 장자권을 가진 사람으로 만드시기 위해 어떤 일을 하셨을까?2. 허벅지 관절을 치셨다. 25절 자기가 야곱을 이기지 못함을 보고 그가 야곱의 허벅지 관절을 치매 야곱의 허벅지 관절이 그 사람과 씨름할 때에 어긋났더라 옛날 성경에는 환도뼈를 치셨다. 이 환도라는 말은 옛날 일본 군인들이 옆구리에 찬 긴 칼을 환도(環刀)라고 했는데, 그 칼이 닿는 곳의 뼈라 해서 '환도뼈'라 부르게 되었고, 더 정확하게는 넓적다리 부분의 움푹 페인 곳, 의학적으로는 둔부 아래쪽에 있는 좌골(坐骨) 엉덩이의 골반을 형성하는 좌우 한 쌍의 뼈를 가리킨다. 사람의 뼈 중에서 가장 큰 넓적다리의 뼈이며, 가장 힘을 받는 곳이다. 영어로는 hip의 joint다. - 3 -(표준새번역)32:24-26절 뒤에 홀로 남았는데, 어떤 분이 나타나 야곱을 붙잡고, 동이 틀 때까지 씨름을 하였다. 그분은 도저히 야곱을 이길 수 없다는 것을 알고서, 야곱의 엉덩이뼈를 쳤다. 야곱은 그와 씨름을 하다가 엉덩이뼈를 다쳤다. 그분이, 날이 새려고 하니 놓아 달라고 하였지만, 야곱은 자기에게 축복해 주지 않으면 보내지 않겠다고 떼를 썼다. 하나님의 은혜를 들여다 보라. 야곱이 홀로 남아서 고민을 하는 정도로 진정한 축복을 알지 못하니까 어떤 분이 나타나서 야곱을 붙잡고 먼저 싸움을 거는 것이다. 동이 틀때까지 씨름을 했고 도저히 야곱을 이기지 못한다는 것은 힘으로 이기지 못한다는 것이 아니라 야곱의 자기 고집, 자기생각, 자기가 살아온 방식, 자기 의....하나님을 향해 자신의 생각과 자기 방식의 신앙을 내려놓지 않으니 그것을 억지로 꺽으셔야 했다. 한국어 성경은 좀 번역이 오해를 하도록 번역했다. 야곱이 씨름을 시작한것도 아니고 이 부분은 야곱이 밤새도록 하나님께 기도한 것도 아니다. 야곱이 하나님을 먼저 찾았다는 근거를 전혀 찾을 수 없는 것이다. 좀 더 본문에 정확한 이해는 하나님이 야곱을 이길 수 없으니 방법은 몸을 때리더라도 야단을 쳐서 분명히 가르쳐야 했기 때문에 야곱의 엉덩이 뼈, 허벅지 관절을 치신것이다. 그러니 야곱이 놓아주질 않는것이다. 내 몸도 이렇게 만들어 놓고 어딜갑니까? 어딜 그냥 도망가려고 해.... 내가 축복을 받도록 빌어라. 엄청난 고집의 모습을 보이는 것.이 야곱의 모양을 호세아 선지자가 인용을 하면서 야곱과 같은 이스라엘의 고집을 회개하게 한다. 호세아12:2-5 여호와께서 유다와 논쟁하시고 야곱을 그 행실대로 벌하시며 그의 행위대로 그에게 보응하시리라 야곱은 모태에서 그의 형의 발뒤꿈치를 잡았고 또 힘으로는 하나님과 겨루되 천사와 겨루어 이기고 울며 그에게 간구하였으며 하나님은 벧엘에서 그를 만나셨고 거기에서 우리에게 말씀하셨나니 여호와는 만군의 하나님이시라 여호와는 그를 기억하게 하는 이름이니라호세아 선지자의 말은 야곱이 얼마나 고집이 쎄고 그 행실이 잘못되었는지 너희들이 그 야곱의 처벌 받는 것과 똑 같다. 야곱이란 뜻은 ""발뒤꿈치를 잡은자""이다. 그리고 ""속이는 자, 빼앗는 자""라는 뜻을 가지고 있다. --아버지도 속이고 형도 속이고 살았던 그의 행실을 따라 처벌하실 것이다. 이스라엘너희들도 그 악한 행실을 버려라. 또 야곱은 천사와 싸워서 이기자 울며서 은총을 구하였다. 자신의 성질을 안 버리고 천사도 이길만큼 자신의 고집을 회개하지 않았다. 그런데 야곱이 울며 은총을 달라고 간구했다. 그런 것처럼 너희도 지금 고집 부리고 말 안듣고 너희들 생각대로 하는데 속히 야곱처럼 고집을 내려놓고 하나님께 은총을 구하라.다시 본문으로 돌아와서 27절에 그가 야곱에게 이름을 묻는다. '네 이름이 무엇이냐?'이르되 야곱이니이다. 이 고백속에 큰 깨달음이 있었다. 당시의 이름은 그 사람의 삶을 의미했기 때문이다. {야곱입니다. 한평생 그렇게 살아왔습니다.}이고백이다.그러자 이름을 개명해 준다. 이 말은 그의 인생을 바꾸어 주는 것을 말한다.""네 이름을 이스라엘이라 하라""""이스라엘이란 하나님과 사람과 겨루어 이겼음이라"" 우리가 어떻게 하나님을 상대로 이길 수 있는가? --하나님이 너를 사랑하사 져준 사람이다 라는 의미이다. 아들과 아버지가 씨름을 하면 누가 이기는가? 아들이 이긴다... 네가 이겼다. 너는 내 사랑하는 아들이다. 장한 아들이다. --야곱을 향한 하나님의 위로와 하나님의 애틋한 사랑이다.너무 고집이 세니까 허벅지 관절을 치시고 야단치시고 그를 축복하시는 하나님.이것이 하나님의 축복의 진실한 모습니다. 야단을 치더라도...때리더라도 하나님을 잊어버리거나 떠나서는 안되는 것을 보여주신다.하나님은 우리가 어리석도록 내버려 두지 않으신다. 결코 당신을 떠나도록 버려두지 않으신다. 그때에 30절 그러므로 야곱이 그 곳 이름을 브니엘이라 하였으니 그가 이르기를 내가 하나님과 대면하여 보았으나 내 생명이 보전되었다 함이더라 야곱이 지금 자신에게 찾아오신 분이 누구이셨는지를 아는것이다. 그래서 그곳을 브니 엘이라 이름짓는다. ""브니""는 얼굴을 뜻하고 ""엘""은 하나님을 뜻하는 것이다. 내가 하나님을 보고도 살아남았다. 하나님이 내게 오셨다. 혼자 독백처럼 어디계시냐고....지금 내 상황을 도우셔야 되지 않느냐고 그렇게 허공을 향해 외친것 같은 기도소리를 하나님이 외면하지 않으셨다.하나님이 나를 찾아 오셨다. 나를 만나주셨다. 이 상처가 하나님이 주신 것이라면 그것은 더 이상 고통의 상처가 아니라 영광이라는 것을 알았다. 성경은 31절에 이렇게 기록하고 있다. - 4 - 31절 그가 브니엘을 지날 때에 해가 돋았고 그의 허벅다리로 말미암아 절었더라브니엘에서 이젠 그 얍복의 와디를 건너 비록 허벅다리로 말미암아 절뚝 거리며 걷고 있었지만 이젠 야곱은 비겁하고 거짓말하던 그 야곱이 아니었다. 그의 몸은 절뚝 거렸으나 그의 마음은 이제 하나님께 바로 잡혔으며 속히 먼저보낸 가족들을 뒤쫓아야 하고 한발 나아가 에서형을 만나 무릎을꿇고 사죄를 할 용기를 얻은 것이다.그래서 33장 3-4절에 자기는 그들 앞에서 나아가되 몸을 일곱 번 땅에 굽히며 그의 형 에서에게 가까이 가니 에서가 달려와서 그를 맞이하여 안고 목을 어긋맞추어 그와 입맞추고 서로 우니라 에서 형이 자신을 죽일까봐 걱정했으나 야곱이 얍복나루에서 하나님을 만나고 자신이 변화되자 상황도 변화되어 에서형은 오히려 20년만에 만난 동생을 용서하고 입 맞추고 쌍둥이 형제가 서로 울었다고 성경은 증언한다. 그들에게는 누가 장자이냐가 중요하지 않았다. 누가 축복권을 가지고 있느냐가 중요하지 않았다. 서로 용서하고 서로 이해하고 받아주는 서로의 모습속에서 이미 충분한 하나님의 사랑과 축복을 받고 있었기 때문이다. 우리가 예수님의 십자가의 사랑을 받은 정말 구원받은 사람들이라면 하나님이 기대하시는 우리의 신앙의 목표가 무엇인지를 다시 한번 깊게 생각해야 한다. 우리의 궁극적 축복의 목적은 우리의 힘으로 돈을 모으고 부자되는 것이 아니라 하나님의 영적인 이 구속사의 장자권을 받는데 있다. 개인간증) 300목장교회 개척한국지구촌교회에서 10년. 유학도 보내주심. 그리고 2009년 8월 구리지구촌교회 담임.교회성장- 성전구입(28억건물) - 성도가 늘어남. - 그때부터 고민. 먹고사는 목회. 이름날리는 목회. 목장사역센터장으로서 수많은 교회에 목장. 소그룹운동을 했는데... 진정한 작은교회개척을 도왔는데.... 역사를 바꾸는 History Maker가 되자. 사임. 교회는 지구촌교회 지교회로. 도서관을 사무실로. 집에서 개척. 건물중심이 아닌 사람중심의 교회개척. 교회 멤버십강조. 패러다임을 바꾼다.",주보 (2016-05-22)
2016-05-22,2016,5,기타행사,표어: 변화를 추구하는 지구촌교회,주보 (2016-05-22)
2016-05-29,2016,5,선교,"5 29 워싱턴지구촌교회 주일 1-3부 김만풍 목사 설교138(통52) 370(통455) 땅 끝에서예수께서 벳새다에 가시다Jesus Went to Bethsaida누 가 복 음9:10-171 여는 말씀누가복음 9:1 이하를 보면 예수께서 열두 제자를 파송하여 전도현장에 보내신 일이 기록되어 있습니다. 제자들은 나가서 각 마을에 두루 다니며 곳곳에 복음을 전하며 병을 고쳤습니다. 7절로 내려가 보면 분봉 왕 헤롯이 그 모든 일을 듣고 심히 당황했습니다. 어떤 사람은 “요한이 죽은 자 가운데서 살아났다.” 했습니다. 어떤 사람들은 “엘리야가 나타났다.” 했습니다. 또 어떤 사람은 “옛 선지자 한 사람이 다시 살아났다.” 했습니다. 그리고 헤롯은 말하기를 “요한은 내가 목을 베었거늘 이제 이런 일이 들리니 이 사람이 누군가?” 하며 예수를 보고자 했습니다.오늘 우리의 본문은 바로 이 대목에서 시작됩니다. 누가복음 9:10에 의하면 사도들이 예수께 돌아와 낱낱이 전도보고를 드렸습니다. 예수께서는 제자들을 데리고 따로 벳새다라는 고을로 떠나가셨습니다. 여기서 우리의 본문 말씀을 이해하는 데에 도움이 될 영상을 하나 보겠습니다. (예수께서 벳새다에 가시다 – 영상제시)예수께서 벳새다에 가신 목적이 무엇이었을까요? 이 시간 함께 살펴 우리에게 주시는 메시지를 받고자 합니다.2 예수께서 벳새다에 가신 목적첫째, 전도와 치료를 위함이었습니다.예수께서 벳새다에 가신 첫째 목적은 따라온 무리에게 전도하시고 병자들을 치료하여 주시기 위함이었습니다. 본문 10-11절 말씀을 보겠습니다.누가복음 9:10-1110사도들이 돌아와 자기들이 행한 모든 것을 예수께 여쭈니 데리시고 따로 벳새다라는 고을로 떠나 가 셨으나11무리가 알고 따라왔거늘 예수께서 그들을 영접하 사 하나님 나라의 일을 이야기하시며 병 고칠 자 들은 고치시더라예수께서는 제자들만 데리시고 따로 벳새다라는 고을로 떠나가셨습니다. 벳새다는 가버나움 북동편 갈릴리 호반에 위치한 작은 고을이었습니다. 마가는 오고 가는 사람이 많아서 음식 먹을 겨를도 없는 상황에서 잠간 휴식을 취하기 위해 배를 타고 따로 한적한 곳으로 가셨다고 했습니다(막6:31-32). 하지만 무리가 그것을 알고 갈릴리 해변 길로 더 빨리 달려서 벳새다에 먼저 도착했습니다(막6:33). 예수께서는 그들을 영접하시고 하나님 나라의 일을 말씀하셨습니다. 또한 병 고칠 자들을 고쳐주셨습니다. 2예수께서는 제자들이 각 마을에 찾아가서 전도하고 병자를 치료하게 하셨습니다. 이번에는 먼 길 마다 않고 뱃새다 고을에 스스로 찾아온 무리를 영접하여 전도하시고 병자들을 고쳐주셨습니다. 여기서 우리가 받을 메시지는 이것입니다. 우리는 사람들을 찾아가서 복음을 전하고 그들의 필요를 섬겨야 합니다. 또한 스스로 알고 찾아오는 사람들을 영접하고 전도하며 그들의 필요를 섬겨야 합니다. 우리는 때를 얻든지 못 얻든지 십자가 복음을 전파하고 주님의 이름으로 사랑을 베풀며 섬겨야 합니다. 성령의 권능을 의지하여 예루살렘과 온 유대와 사마리아와 땅 끝까지 이르러 주님의 증인이 되는 것(행1:8)이 우리의 큰 특권입니다. 복음의 사명을 이룸에 있어서 우리는 “나를 믿는 자는 내가 하는 일을 그도 할 것이요 또한 그보다 큰 일도 하리니 이는 내가 아버지께로 감이라.”(요14:12) 하신 주님의 말씀을 성취하기를 간절히 소원합니다. 복음의 사명을 위하여! 주님의 영광을 위하여!둘째, 섬김의 기회를 위함이었습니다.예수께서 벳새다에 가신 둘째 목적은 섬김의 기회를 위함이었습니다. 본문 12-16절 말씀을 보겠습니다.누가복음 9:12-1612날이 저물어 가매 열두 사도가 나아와 여짜오되 무리를 보내어 두루 마을과 촌으로 가서 유하며 먹을 것을 얻게 하소서 우리가 있는 여기는 빈들 이니이다13예수께서 이르시되 너희가 먹을 것을 주라 하시니 여짜오되 우리에게 떡 다섯 개와 물고기 두 마리 밖에 없으니 이 모든 사람을 위하여 먹을 것을 사 지 아니하고서는 할 수 없사옵나이다 하니14이는 남자가 한 오천 명 됨이러라 제자들에게 이 르시되 떼를 지어 한 오십 명씩 앉히라 하시니 15제자들이 이렇게 하여 다 앉힌 후 16예수께서 떡 다섯 개와 물고기 두 마리를 가지사 하늘을 우러러 축사하시고 떼어 제자들에게 주어 무리에게 나누어 주게 하시니벳새다까지 따라 온 무리는 성인 남자만 약 5천 명이나 되었습니다. 여자와 어린이들을 합하면 무려 1만 명이 넘었을 가능성이 있습니다. 더구나 그들이 모여 있는 곳은 빈들이었습니다. 벳새다 고을에는 이 많은 손님을 받을 만한 식당들이 없었습니다. 이러한 상황에서 날이 저물어 갔습니다. 먹을 것을 구하여 지금 무리를 보내어 두루 마을과 촌으로 가서 유하며 먹을 것을 얻게 하지 않으면 도중에 배고파 쓰러질 사람도 있을 것이었습니다. 이러한 상황을 파악한 제자들은 주님께 제안을 드렸습니다. “무리를 보내어 두루 촌과 마을로 가서 무엇을 사 먹게 하옵소서.”(막6:36).그러나 주님은 “갈 것 없다. 너희가 먹을 것을 주라.”(마14:16;막6:37;눅9:13절) 하셨습니다. 제자들은 대답하기를 “우리에게 떡 다섯 개와 물고기 두 마리 밖에 없으니 이 모든 사람을 위하여 먹을 것을 사지 아니하고서는 할 수 없사옵나이다.”(눅9:13) 했습니다. 또 덧붙여 말하기를 “우리가 가서 이백 데나리온의 떡을 사다 먹이리이까?”(막6:37) 했습니다. 주님께서 물으시기를 “너희에게 떡 몇 개나 있는지 가서 보라.”(막6:38상) 하셨습니다. 제자들이 알아보고 말씀드리기를 “떡 다섯 개와 물고기 두 마리가 있더이다.”(막6:38하) 했습니다. 3요한복음 6:5 이하를 보면 좀 더 상세한 말씀이 나옵니다. 주님은 친히 어떻게 하실지를 아시고 빌립을 시험하시기 위해 “우리가 어디서 떡을 사서 이 사람들을 먹이겠느냐?”(요6:5) 물으셨습니다. 빌립은 대답하기를 “각 사람으로 조금씩 받게 할지라도 이백 데나리온의 떡이 부족하리이다.”(요6:7). 그 때 안드레가 와서 주님께 말씀드렸습니다. “여기 한 아이가 있어 보리떡 다섯 개와 물고기 두 마리를 가지고 있나이다. 그러나 그것이 이 많은 사람에게 얼마나 되겠사옵나이까?”(요6:9) 했습니다.예수께서는 제자들에게 “떼를 지어 한 오십 명씩 앉히라.”(눅9:14) 하셨습니다. 무리들은 떼로 백 명씩 또는 오십 명씩 앉았습니다(막6:40). 무리가 다 앉은 후 예수께서 떡 다섯 개와 물고기 두 마리를 가지고 하늘을 우러러 축사하시고 떼어 제자들에게 주어 무리에게 나누어 주게 하셨습니다.이 일을 통해서 주님은 한 아이가 자기의 한 끼니 먹을 것을 무리를 위하여 주님께 드릴 기회를 주셨습니다. 제자들이 주님의 지시를 따라 무리를 섬길 기회를 주셨습니다. 그리하여 무리를 먹이고자 하신 주님의 섬김이 이뤄졌습니다. 주님은 섬김을 받으러 오신 것이 아니라 섬기려 하고 자기 목숨을 많은 사람의 대속물로 주시려 오셨습니다. 주님께서 기회를 주실 때 우리가 믿음으로 받아 섬기면 주님의 뜻이 이루어집니다. 섬김의 열매를 얻습니다. 섬기는 즐거움을 누립니다. 주님께서 벳새다에 가신 목적은 한 소년과 제자들로 더불어 무리를 섬길 기회를 위함이었습니다. 주님께서 우리에게 주시는 섬김의 기회를 놓치지 않기를 소원합니다. 복음의 사명을 위하여! 주님의 영광을 위하여!셋째, 믿음의 확증을 위함이었습니다.예수께서 벳새다에 가신 셋째 목적은 메시아에 대한 믿음의 확증을 위함이었습니다. 본문 17절 말씀을 보겠습니다.누가복음 9:1717먹고 다 배불렀더라 그 남은 조각을 열두 바구니 에 거두니라주님께서는 자기 먹을 것을 드린 한 아이와 제자들과 함께 보리떡 다섯 개와 물고기 두 마리로 남자 오천 명을 먹이셨습니다. 다 배불리 먹고 그 남은 조각이 열두 바구니에 찼습니다. 이것은 자기 백성을 그들의 죄에서 건지시기 위해 오신 메시아 예수께 대한 믿음의 확증을 위한 이적이었습니다.주님 말씀에 순종할 때 이러한 은혜를 받습니다. 협동하여 섬길 때 다 배불리 먹고 남은 조각 열 두 바구니를 거둘 수 있습니다. 그러한 은혜를 통해서 확신을 가지고 주님께 더욱 헌신할 수 있습니다.3 맺는 말씀사랑하는 성도 여러분, 우리는 이 시간 예수께서 벳새다에 가신 목적을 세 가지 면에서 살펴보았습니다. 첫째, 전도와 치료를 위함이었습니다.둘째, 섬김의 기회를 위함이었습니다.셋째, 믿음의 확증을 위함이었습니다.이 시대 우리도 하나님 나라 복음의 말씀 전파와 치유와 섬김의 기회를 통해서 예수 그리스도께 대한 믿음의 확증을 가지고 땅 끝까지 이르러 주님의 증인이 되는 삶을 계속하기 원합니다.",주보 (2016-05-29)
2016-05-29,2016,5,기타행사,표어: 변화를 추구하는 지구촌교회,주보 (2016-05-29)
2016-05-30,2016,5,세미나,담임목사 동정(Senior Pastor): 5/30(월)~6/9(목): 소아시아 목회연구 세미나 참석,주보 (2016-05-29)
2016-05-31,2016,5,목회자 사임,사임(Resignation): 이명근 지휘자(3부찬양대/GMCYO)께서 개인적인 사정으로 5월31일 자로 사임. 그간 수고에 감사드립니다.,주보 (2016-05-22)
2016-06-05,2016,6,기타행사,"년 6월 5일 셀 나눔 교재 출 3: 10-15 하나님과의 인터뷰 찬송: 29 405 김우준 목사 여는 말씀 만일 우리에게 하나님을 인터뷰할수 있는 기회가 주어진다면 어떨까요? 생각만해도 가슴이 설레입니다. 평소에 궁금하게 생각하던 것들을 아무거나 하나님에게 물어볼수 있다면 어떤 질문을 하시겠습니까? 오늘 본문은 모세가 하나님을 단독 인터뷰 했던 내용은 담고 있습니다. 모세가 했던 질문들이 무엇일까요? 하나님은 그 질문들에 어떻게 답하셨을까요? 본문 말씀을 통해 함께 살펴보며 오늘 우리에게 주시는 메세지를 가슴에 새기기 원합니다. 첫째 질문: 나는 누구입니까? 40년동안 미디안 광야에서 목자의 생활을 하던 모세에게 어느날 하나님께서 찾아오셔서 이스라엘 백성들을 출애굽시키라고 명령하십니다. 아무리 생각해봐도 그 사명을 감당해내기에 자기는 자격미달이었기에 모세는 하나님에게 묻습니다: “나는 누구입니까?” (11절). 이 질문에 하나님께서는 답하십니다: “… 내가 반드시 너와 함께 있으리라…” (12절). 왜 하나님께서는 모세의 질문에 대한 직접적인 답을 하시지 않고 전혀 다른 말씀을 하실까요? 마치 동문서답을 하시는 것 처럼 보입니다. 언뜻 보기에는 동문서답처럼 보이지만 사실 하나님께서는 모세의 질문에 대한 정확한 답을 하고 계십니다. 하나님의 답에 내포되어져 있는 메세지는 이것입니다: “네가 누구인지는 상관이 없다. 어짜피 너는 아무것도 아니기 때문이다. 그러나 걱정하지 말거라, 내가 너와 함께 한단다!” 모세에게 주신 인간의 정체성에 관한 하나님의 메세지는 우리에게도 동일하게 적용됩니다. 우리는 누구입니까? 아무것도 아닙니다. 인간은 한줌의 흙에 불과한 존재입니다. 그러나 그렇게 무력하고 미천한 존재를 하나님께서 무조건적으로 사랑하시고 은혜를 부어주셔서 보배롭고 존귀한 하나님의 자녀가 된 것 뿐입니다. 그렇기에 우리에게 주어지는 과제는 내가 아무것도 아님을 인정하고 철저하게 하나님만을 붙드는 것입니다. 내가 스스로 무엇인가를 해낼수 있다고 생각하는한 하나님은 우리를 통해 역사하시지 않습니다. 우리가 아무것도 아님을 고백할때 우리는 비로서 하나님만을 바라보고 하나님만을 신뢰하며 하나님과 온전히 동행할 수 있습니다. 둘째 질문: 당신은 누구이십니까? 둘째, 나는 누구인지에 대한 질문에 하나님께서는 그것은 중요하지 않다고 답하셨습니다. 스스로 할수 없다는 것을 깨달은 모세는 그와 함께 하겠다고 약속한 하나님에게로 시선을 돌려 두번째 질문을 합니다: “그럼, 당신은 누구이십니까?” 하나님께서 답하십니다: “…나는 스스로 있는 자이니라 (I AM who I AM)…” (14절). 이 구절에는 깊은 신학적인 의미가 있기 때문에 그 뜻에 대한 여러가지 견해가 있습니다. 그러나 하나님께서 가장 기본적으로 말씀하기를 원하시는 메세지는 바로 이것입니다: “나는 그 무엇에 의해서도 제한 받지않는 무한하고 전능한 절대자이니라!” 모세 시대에 애굽에는 수많은 잡신들이 있었습니다. 강, 바다, 하늘, 땅, 산 등 그 지역을 관할하는 특정 신이 있다고 믿었습니다. 그 신들은 각기 이름이 있었고 그들이 행사할수 있는 특정한 영향력이 있었습니다. 그런 종교적인 생각을 가지고 살아가는 시대에 하나님께서는 오직 그분만이 참 하나님이심을 선포하신것입니다. 하나님에게 주어지는 특정 관할지역이 있는 것이 아니라 하나님은 온 우주를 주관하시고 통치하시는 절대자이심을 천명하셨습니다. 시작과 끝이 없는 영원하신 하나님이시고, 능력과 지혜에 한계가 없는 전지전능하신 절대자이시며, 영광과 존귀에 제한이 없는 영화로우신 하나님이심을 가르쳐 주신것입니다. 물론 그리스도인들은 하나님이 절대자이시기에 온 천하 만물이 그분의 통치 아래에 있음을 믿습니다. 그러나 이 진리를 우리의 신앙생활에 적용해보면 충돌이 일어날때가 많습니다. 하나님이 온우주에 통치자이심을 받아들이는데는 아무런 문제가 없다고 하는 그리스도인들이 하나님이 우리삶의 모든 영역을 다스리시는데는 부담스러워 하는 경향이 있습니다. 온우주의 주도권이 하나님께 있음을 고백하면서도 내모든 삶의 주도권을 하나님께 드리기를 꺼려하는 모습이 혹시 우리의 삶에는 없는지 점검해봐야합니다. 하나님의 통치는 우리의 교회 생활에서뿐만 아니라 우리의 직장생활, 가정생활, 부부생활에서도 이뤄져야합니다. 우리 수입의 십일조만 하나님의 것이 아니라 나머지 십구조도 하나님의 것임을 인정해야합니다. 교회에서 예배드리고 봉사하는 시간만 하나님께 드리는 시간이 아니라 우리삶의 모든 시간을 하나님께 구별하여 드려야합니다. 우리가 무한하시며 절대자이신 하나님을 믿는 다는 것은 그저 하나님이 온 우주의 통치자이심을 지적으로 동의하는 것이 아니라 우리삶의 모든 영역의 주도권을 그분께 온전히 내어드리는 것을 의미합니다. 셋째 질문: 왜 하필 나입니까? 셋째, 하나님과의 인터뷰를 통해 모세는 자기가 어떤 존재인지 그리고 하나님이 어떤 분이신지를 깨달았습니다. 그는 아무것도 아니지만 전능하신 하나님께서 그와 함께 하시기 때문에 출애굽의 사명을 능히 감당해낼수 있음을 하나님은 가르쳐주셨습니다. 그러나 모세에게는 아직 한가지 질문이 남아있었습니다: “왜 하필 나입니까?” 전능하신 하나님이 함께 하시겠다고 약속하셨음에도 불구하고 모세는 자기자신이 너무나 초라해 보였기에 차라리 다른 사람에게 이사명을 맡겨달라고 요청합니다.어떻게해서든 부담이 되는 이 사명을 회피하고 싶었기에 반복적으로 이의를 제기합니다. 백성들이 자기의 말을 믿지 않을것이고 (4;1) 본인은 말을 잘하지 못하는 사람임을 (4:10) 강력하게 피력했음에도 하나님이 뜻을 굽히지 않자 급기야 그는 다른 사람을 보내라고 간청합니다 (4:13). 모세는 하나님께서 수많은 사람들중에 왜 하필 자기를 선택하셨는지 이해할수가 없었던 것입니다. 우리의 삶에도 그러한 질문을 던질때가 있지 않습니까? 수많은 사람들중에서 하나님은 왜 하필 나를 선택하셔서 이렇게 힘든 사명을 맡기시는지 이해가 가지 않을 때가 많습니다. 아무리 생각해도 나는 자격미달이고 이 사명을 도저히 감당해낼수 없을 것 같으며 다른 사람이 더 적격자처럼 생각될 때가 많습니다. 그런데 왜 하나님은 하필 모세를 선택하셨으며 왜 하필 우리에게 사명을 맡기신 것일까요? 하나님은 전능자이시기 때문에 우리의 도움이 전혀 필요없으십니다. 우리의 도움 없이도 그분은 모든것을 성취할수 있으며 실제로 그분의 뜻은 우리의 참여 여부와는 상관없이 반드시 이뤄질것입니다. 오히려 우리가 참여하지 않고 하나님이 처음부터 끝까지 혼자서 역사하신다면 그분의 뜻은 더 신속하고 정확하게 이뤄질것입니다. 그럼에도 불구하고 하나님이 우리가 동참해줄것을 고집하시는 이유는 그분은 우리의 아버지이시기 때문입니다. 어떻게해서든 우리를 사용하셔서 그분의 뜻을 이루신후 우리에게 면류관을 씌워주시며 승리의 축제에 동참시키려고 하는 아버지의 사랑과 배려가 있기에 우리에게 사명을 주시는 것입니다. 그렇기에 “왜 하필 나입니까?” 라는 질문은 하나님에 대한 불평이 아닌 감사의 표현으로 써야하는 말입니다. 맺는 말씀 오늘 우리는 하나님과의 인터뷰를 통해서 내가 누구이며 하나님은 어떤 분이신지를 살펴보았습니다. 우리가 아무것도 아니며 하나님만이 우리삶의 절대자가 되심을 깨달을 때 우리는 겸손히 주님만을 신뢰하며 그분에게 우리삶의 모든 주도권을 내어드릴수 있습니다. 우리의 아버지되신 하나님의 사랑을 신뢰함으로 그분께서 맡겨주신 사명을 감사함으로 감당하는 우리 모두가 되기를 바랍니다.",주보 (2016-06-05)
2016-06-19,2016,6,기타행사,표어: 변화를 추구하는 지구촌교회,주보 (2016-06-19)
2016-06-19,2016,6,성례,"담임목사 동정(Senior Pastor): 남침례교 한인총회(Tacoma Washington,",주보 (2016-06-19)
2016-06-19,2016,6,성례,김사랑 선교사 사역을 위하여2. 할렐루야III 셀과 변영균 목자의 사역을 위하여3. 가정사역팀의 열매 맺는 사역을 위하여4. 교회가 세워진 본질을 깨닫고 영적부흥이 충만한 가운데비전이 세워질 수 있도록5. 타코마 제일한인침례교회에서,주보 (2016-06-19)
2016-06-26,2016,6,특별행사,"6 26 워싱턴지구촌교회 주일 1-4부 김만풍 목사 설교14(통30) 453(통506) 땅 끝에서예수께서 갈릴리 나인 동네에 가시다Jesus Went to Nain누 가 복 음7:11-171 여는 말씀오늘은 예수께서 나인 동네에 가신 일을 기록한 누가복음 7:11-17의 본문을 통해서 이 시대 우리에게 주시는 메시지를 받고자 합니다. 먼저 본문을 이해하는 데에 도움이 될 영상을 보겠습니다. (예수께서 나인 동네에 가시다 - 영상제시)우리의 본문 바로 앞부분을 보면 예수께서 가버나움에서 백부장의 하인을 고쳐주신 일이 기록되어 있습니다. 백부장은 주께 나아가기도 감당하지 못할 줄 알고 사람을 보내어 “말씀만 하사 내 하인을 낫게 하소서!”(눅7:7) 했습니다. 예수께서는 “이스라엘 중에서도 이만한 믿음을 만나보지 못하였노라.”(눅7:9) 칭찬하시고 그의 하인을 고쳐주셨습니다. 이 일이 있은 후에 예수께서 가버나움 남쪽에 위치한 나인이란 동네로 내려가셨습니다. 이 때 열두 제자와 많은 무리가 동행했습니다. 예수께서 무리와 함께 나인 동네에 가신 목적이 무엇이었을까요?2 예수께서 나인성에 가신 목적첫째, 은혜를 베푸시기 위함이었습니다.예수께서 나인 동네에 가신 첫째 목적은 은혜를 베푸시기 위함이었습니다. 본문 11-13절 말씀을 보겠습니다.누가복음 7:11-1311그 후에 예수께서 나인이란 성으로 가실새 제자와 많은 무리가 동행하더니12 성문에 가까이 이르실 때에 사람들이 한 죽은 자 를 메고 나오니 이는 한 어머니의 독자요 그의 어 머니는 과부라 그 성의 많은 사람도 그와 함께 나 오거늘 13주께서 과부를 보시고 불쌍히 여기사 울지 말라 하시고12절 머리에 “성문”이라는 말이 나오는데 고고학자들은 나인 동네에서 아직 성터나 성문의 유적을 찾아내지 못하고 있습니다. 예수께서 나인 동네에 가까이 이르실 때에 사람들이 한 죽은 자를 메고 나왔습니다. 그 죽은 자는 홀로 된 어머니의 독자였습니다. 그 성의 많은 사람도 그 어머니와 함께 나왔습니다. 동네 사람들은 독자를 잃은 그 어머니가 어떤 형편에 처해 있었는지를 잘 알고 있었기에 장례식에 참예하여 그 슬픔을 나누고자 했던 것으로 파악됩니다.주님께서 장례식 무리를 보실 때 그 어머니에게 시선의 초점을 맞추셨습니다. 그리고 불쌍히 여기 2시고 “울지 말라.” 하셨습니다. 예수께서는 단순히 “울지 말라.”는 말씀만 하신 것이 아니었습니다. 불쌍히 여기시는 마음이 함께 전달되었습니다. 그리고 이제부터 주께서 하실 일이 그 어머니가 울지 않아도 될 충분한 이유가 될 것이었습니다.우리 주님은 나인 동네에 가실 때 그 어머니의 죽은 독자 장례식 시간에 정확히 맞춰서 가셨습니다. 그 어머니를 만나셨습니다. 그 어머니를 불쌍히 여기셨습니다. 이어서 참으로 위로와 기쁨을 베풀어 주셨습니다. 이로써 우리는 예수께서 나인 동네에 가신 첫째 목적이 그 어머니에게 은혜를 베푸시기 위함이었음을 확인할 수 있습니다. 그 일로 장례식에 참예했던 동네 사람 모두에게 은혜가 넘쳤습니다. 가버나움에서부터 예수님과 동행했던 열두 제자들과 수많은 무리에게도 그 은혜가 넘쳤습니다.우리도 우리에게 은혜 베푸시는 주님을 기대합니다. 우리에게 임하는 은혜가 이웃들과 함께 나눠지기를 소원합니다. 우리의 삶과 사명의 현장에 정확한 주님의 때를 맞추어 우리를 찾아오셔서 은혜를 베풀어 주시는 주님께 감사와 찬양과 영광을 올려드립니다.둘째, 죽은 자를 살리시기 위함이었습니다.예수께서 나인 동네에 가신 둘째 목적은 죽은 자를 살리시기 위함이었습니다. 본문 14-15절 말씀을 보겠습니다.누가복음 7:14-1514가까이 가서 그 관에 손을 대시니 멘 자들이 서는 지라 예수께서 이르시되 청년아 내가 네게 말하노 니 일어나라 하시매15죽었던 자가 일어나 앉고 말도 하거늘 예수께서 그를 어머니에게 주시니예수께서는 그 어머니에게 “울지 말라.” 말씀하신 후에 가까이 가서 죽은 자의 관에 손을 대셨습니다. 멘 자들이 멈춰 섰습니다. 그리고 관속에 있는 시신을 향해 말씀하셨습니다. “청년아, 내가 네게 말하노니 일어나라.” 물론 관 뚜껑을 열어 둔 상태였을 것입니다.주님의 명령에 죽었던 청년이 일어났습니다. 앉았습니다. 말도 했습니다. 예수께서는 살아난 독자를 그 어머니에게 주셨습니다. 그 청년 자신에게만 아니라 그 어머니에게 얼마나 큰 위로와 기쁨이 넘쳤겠습니까! 우리 주님은 죽었던 자를 다시 살리시는 권능을 가지신 참 하나님이셨습니다. 죽었다가 다시 살아난 그 청년은 주님의 권능을 체험했습니다. 이로써 그 청년은 일평생 주님을 만나 새 생명을 얻은 확실한 간증을 갖고 살 수가 있었습니다. 그 청년이 이 땅에 살다가 다시 죽을 몸으로 살아난 것으로 그쳤겠습니까? 아니면 예수를 믿고 구원을 얻어 하나님의 자녀가 되어서 영생을 누리는 은혜까지 받았겠습니까? 저는 천국에 가서 그 청년을 만나 간증을 들을 것을 기대합니다.사도 바울은 에베소교회 성도들에게 분명하게 증언했습니다. “그는 허물과 죄로 죽었던 너희를 살리셨도다.”(엡2:1) 우리는 육신의 필요를 얻는 것으로 만족하지 않기 바랍니다. 질병의 치료로 만족하지 않기 바랍니다. 영혼의 구원을 얻는 데까지 이르기를 원합니다. 죄와 허물로 죽었던 영혼이 예수 그리스도의 십자가 권능으로 다시 살아나는 복음의 은혜 관심을 갖기 원합니다. 우리는 땅 끝까지 복음을 전파하는 일에 초점을 맞추고 살기 원합니다. 예수의 제자를 세우는 일에 집중하기를 원합니다. 주님 오시는 날, 주님 앞에 서는 날, 주님께 복음의 사명을 수행한 것을 보고 드릴 그 자리까지 바라보며 매일의 삶에 임하기를 간절히 소원합니다. 3셋째, 효과적인 복음전파를 위함이었습니다.예수께서 나인 동네에 가신 셋째 목적은 효과적인 복음전파를 위함이었습니다. 본문 16-17절 말씀을 보겠습니다.누가복음 7:16-1716모든 사람이 두려워하며 하나님께 영광을 돌려 이 르되 큰 선지자가 우리 가운데 일어나셨다 하고 또 하나님께서 자기 백성을 돌보셨다 하더라17예수께 대한 이 소문이 온 유대와 사방에 두루 퍼 지니라갈릴리 나인 동네의 장례식은 예수 그리스도의 은혜와 권능을 통해서 새 생명 잔치로 바뀌었습니다. 모든 사람이 두려워했습니다. 하나님께 영광을 돌렸습니다. 그리고 고백했습니다. “큰 선지자가 우리 가운데 일어나셨다.” 했습니다. 또 말하기를 “하나님께서 자기 백성을 돌보셨다!” 했습니다.그 결과는 무엇이었습니까? 예수께 대한 소문이 온 유대와 사방에 두루 퍼지게 되었습니다. 나인 동네는 갈릴리 지방의 작은 마을이었습니다. 예수님이 그 동네에서 죽었던 청년을 관속에서 살리셨다는 소문이 온 유대에 퍼졌습니다. 또한 사방에 두루 퍼지게 되었습니다. 오늘 날의 통신수단이나 신문이나 방송국이 없던 그 당시에 청년 독자를 잃었던 어머니에게 베푸신 예수님의 은혜, 죽었던 청년을 살리신 예수님의 권능에 대한 소식이 급속도로 팔레스타인 전체에 두루 퍼졌습니다.이로써 우리는 예수께서 나인 동네에 가신 목적이 바로 효과적인 복음전파를 위함이었다는 사실을 확인하게 됩니다. 우리는 여기서 주님의 지혜 얻기를 원합니다. 같은 시간, 같은 수고, 같은 물질, 같은 인적 자원을 가지고 최대의 효과를 얻어 뜻하는 일들을 성취할 지혜를 받기 원합니다. 우리의 가정을 위해서, 일터를 위해서, 교회를 위해서, 복음의 사명을 위해서 위로부터 임하는 지혜를 사용하기 원합니다. 지혜가 부족한 우리는 “모든 사람에게 후히 주시고 꾸짖지 아니하시는 하나님께 구하여”(약1:5) 하나님의 지혜를 받아 우리의 삶과 복음전파와 제자훈련을 효과적으로 성취하는 데에 적용하기를 소원합니다.3 맺는 말씀사랑하는 성도 여러분, 우리는 이 시간 예수께서 갈릴리 나인 동네에 가신 이유를 세 가지 관점에서 살펴보았습니다.첫째, 은혜를 베푸시기 위함이었습니다.둘째, 죽은 자를 살리시기 위함이었습니다.셋째, 효과적인 복음전파를 위함이었습니다.은혜 베풀 자에게 은혜를 베푸시고, 죽은 자를 살리시며, 그 일로 인하여 복음이 효과적으로 전파되게 하신 주님의 메시아 사역을 통해 지혜를 얻고 주님의 권능을 의지하여 이 시대 우리의 복음 사명에 힘쓰기를 간절히 소원합니다.",주보 (2016-06-26)
2016-06-26,2016,6,기타행사,표어: 변화를 추구하는 지구촌교회,주보 (2016-06-26)
2016-07-03,2016,7,기타행사,"빌립보서 1:3-11 그리스도의 심장을 가진 자 - 워싱턴 지구촌교회 - 07/03/2016 빌립보서 1장 3절에서11절까지 말씀을 가지고 은혜를 나누고자 합니다. 한국, 미국, 유럽의 교회 소식을 들으면 우리를 낙담하게 만듭니다. 문닫는 교회의 숫자, 줄어드는 그리스도인의 모습들, 늘어나는 종교적 갈등과 교회를 향한 비난의 손가락질을 볼 때마다 우리는 교회의 미래를 어둡게 전망할 수 밖에 없습니다. 한 선교사님이 이러한 위기가 우리 믿는자들의 위기인가? 하나님께도 위기인가? 라는 질문을 던지십니다. 하지만, 누군가가 여전히 복음을 위한 일에 참여하고 있기에, 누군가는 지속해서 씨앗을 뿌리고 있기에 우리의 미래는 그리 어둡지만은 않습니다. 하나님께는 위기가 아니고 기회이기 때문입니다. 우리가 하나님의 마음으로, 하나님의 심장으로 세상을 바라본다면, 교회는 반드시 소망이 있습니다. 한 장로교 선교사님이 동남아 회교권 국가에서 10여년간 사역하시고 본국으로 귀국하여 후학을 양성하는 일에 매진하고 계셨답니다. 그분의 고백이 지난 10여년간 단 한명도 그리스도인으로, 제자로 양성하지 못했습니다. 누군가는 저에게 사역의 실패, 선교의 실패라 손가락질 할 수도 있겠지만, 제 사역은 결코 헛되지 않았습니다. 저는 씨뿌림의 사역을 했기 때문입니다. 언젠가 열매를 거두게 될 사역이기 때문입니다. 예수님께서도 요한복음 4:37 에 한사람이 심고 다른 사람이 거둔다하는 말이 옳도다라는 말씀이 있습니다. 이러한 수고로 인해, 그 회교권 국가를 비롯하여 주변국가들도 새로운 교회의 부흥기를 맞이하고 있다고 말합니다. 세계에서 가장 큰 무슬림 국가인 인도네시아에서 새로운 부흥의 역사가 씌여지고 있습니다. 적게는 매년 백여만명, 많게는 2백여만명이 넘는 사람들이 기독교로 개종하기 시작하였습니다. 2035년이 되면 다수가 기독교를 믿는 국가로 변화할 것이라는 전망을 내어 놓습니다. 이를 위해 옆 국가인 말레이시아에서 긴장하고 있습니다. 아프리카에서도 부흥의 소식이, 남미의 몇 국가에서도 부흥의 소식이, 그리고 한국과 미국에서도 여전히 교회개척하는 사람들이 있고, 그 숫자는 점점 늘어나고 있습니다. 우리의 위기가 하나님께 기회가 되기 때문입니다. 교회는 주님의 교회입니다. 예수 그리스도를 머리로, 우리는 그분의 몸이 되고 지체가 되어 예수님께서 세우시는 교회를 함께 세워 갑니다. 이 위기가 기회로 교회가 더 성숙하고 건강해져가기 위해 오늘 빌립보서 1장에서 우리에게 세가지를 기억할것을 말씀합니다.",주보 (2016-07-03)
2016-07-03,2016,7,부흥회/집회,"그리스도의 심장으로 계속 복음을 위한 일에 참여해야 합니다. 3절부터 6절까지 보시면, 사도 바울은 기쁨의 편지를 쓰고 있습니다 감사의 편지를 쓰고 있습니다. 너희를 생각할 때마다 나의 하나님께 감사하며, 간구할 때마다 빌립보 교회를 위해 기쁨으로 항상 간구합니다. 너희가 첫날부터 이제까지 복음을 위한 일에 참여하고 있기 때문이라. 너희 안에 착한 일을 시작하신 이가 그리스도 예수의 날까지 이루실 줄을 우리는 확신 하노라. 하나님께서 시작하신 이 사역을 예수 그리스도의 심판 날까지 지속해서 복음을 위한 일로 참여케 한다는 사실을 강조하고 있습니다. 복음을 위한 일에 지속적으로 참여함은 사도바울의 마음 가운데 감사하고, 기쁨으로 항상 기도 할 수 있다는 사실입니다. 여러분은 어떻게 복음을 위한 일에 참여하고 계신가요? 저는 대학교 3학년이 올라가던 겨울에 2003년에 Calling 을 받았습니다. 당시 South Dakota 주의 University of Sioux Falls 에서 교환학생의 시기를 보내고 있었습니다. 미래에 대한 고민을 하던 시기였습니다. 그 당시에 하나님께서 저에게 주신 메시지가, “명천아, 네 인생에 가장 기뻤던 때가 언제인가? 물어보셨습니다. 잘 몰랐었습니다. 제 인생의 최고의 환희의 순간? 제가 대학에 입학했을때? 아니었습니다. 차선책의 대학이었습니다. 군생활을 제가 원하던 대로 잘 마쳤을때? 아니었습니다. 그것또한 차선책이었습니다. 돌아보니 인생이 제가 원하는 대로 간 적이 단 한번도 없었습니다. 그런데요. 제가 예수님 만났을 때. 선교집회에서 선교에 대한 도전을 받았을 때, 청년 기도 모임에서 모든 기도제목이 하나 둘씩 이뤄지는 하나님의 역사를 경험했을 때… 그리고 워싱턴 주의 인디언 보호구역에서 전도와 선교활동을 하며, 찬양과 말씀을 선포하다가, 한 알콜중독자의 회심을 보았을 때였습니다. 이 모든 하나님의 역사가 하나로 투영되기 시작했습니다. 그때가 가장 기쁜때였기에… 하나님 그렇습니다. 한 사람의 회심이 저에게 가장 큰 기쁨이었습니다. 하나님께서 그렇다. 그게 너의 할 일이다. 그러면서 말씀을 주십니다. 먼저 그의 나라와 그의 의를 구하라 그리하면 이 모든 것을 더하리라 하셨던 마태복음 6장 33절의 말씀이, 저를 사로 잡았습니다. 제가 하던 염려, 미래에 대한 걱정, job 과 학교에 대한 모든 생각이 주님께로 조정되었습니다. 그리고 복음을 위한 일에 참여하기 시작했습니다. 이것이 제 마음 깊숙히 자리 잡아 기쁨이 되었습니다. 지구촌교회 성도 여러분, 지난 시절을 되돌아 보면, 지구촌 교회가 한국교회, 미주 한인교회에 미친 영향력은 막대합니다. 그 복음을 위한 지난 세월이 하나님께서 시작하셨고, 그 착한일이 여전히 이뤄기시는 줄 확신합니다. 그 일이 그리스도 예수의 날까지 지속될 것입니다. 여전히 복음이 필요한 지역이 많습니다. 제가 13년만에 인디언 보호구역으로 다시 선교하러 다음주에 떠납니다. 저는 기대합니다. 하나님께서 하실 일을… 두번째, 본문은 말씀합니다. 그리스도의 심장으로 사랑의 은혜 나눔에 참여해야 합니다. 7절과 8절을 보시면, 빌립보 교회가 착한일을 시작하여, 지금까지 일하는 것을 보면서, 사도바울이 항상 생각하고 확신을 갖고 기도하고 있음을 말하고 있습니다. 그리고 바울의 매임과 복음을 변명함과 확정함에 빌립보 교회가 지속적으로 함께 참여하고 있음을 기억합니다. 그리고 8절, 내가 예수 그리스도의 심장으로 그러한 복음을 위한 일에 참여하는 당신들을 얼마나 사랑하고 사모하는지 하나님께서 내 증인이라. 빌립보 교인 한사람 한사람이 모두 내 마음 속에 있고 당신들을 기억하며 기도한다 고백합니다. 함께 동역함이 얼마나 아름다운지요, 그러한 빌립보 교회를 마음 깊숙히 품고, 그리스도의 마음으로 그리스도의 심장으로 그들을 여전히 사랑하고 있음을 고백합니다. 이것을 헬라어 원문으로 심장이라는 단어를 살펴보면, 예수 그리스도의 폐부, 예수 그리스도의 내장 기관, 예수 그리스도의 심장으로 내 마음을 다해, 내 마음의 가장 깊숙한 그곳을 통해 너희를 사랑하고, 너희의 은혜 참여에 복음을 위한 일에 함께 나눔에 감사드립니다. 사랑을 드립니다. 라고 쓰고 있습니다. 사랑을 한번 고백해 보십시요. 제 내장을 다해, 내 심장을 다해, 내 폐와 간과 쓸개를 다해 당신을 사랑합니다. 이러한 나눔의 고백이 우리 가운데 있기를 소망합니다. 저는 이민 1세입니다. 19살때 미국을 경험하기는 했지만, 카투사로 군복무를 했지만, 영어 사역과 유스 사역을 오랫동안 했지만, 제가 1세임을 자각하게 됩니다. 그 이유가, 제 스스로 “I Love You” 라는 말이 쑥스럽습니다. 가끔 하려고 노력하지만, 아들들을 향해, 아내를 향해, 사랑합니다. 말하지만, 제 마음, 심장을 다해 말하기는 여전히 쑥스럽습니다. 여러분도 그러세요? 사도바울이 빌립보 교회에게 편지를 쓰면서 하고 있는 말씀이 제 마음, 제 심장, 제가장 깊숙히 자리 잡고 계신 그리스도의 사랑을 당신들에게 전달하고 싶습니다. 한글 성경으로는 그리스도의 심장, 영어로는 Affection of Christ, Bowels of Christ. 이단어로 다 설명하기 힘든… 말로 다 할 수 없는 사랑의 전달입니다. 이러한 사람과 사람의 만남가운데 사랑이 있기를 원합니다. 건국대학교 영어과 교수였던 민재기 교수… 책을 가장 많이 읽는 학자로 기네스에 오르기도 한 이분은… 사람, 삶, 사랑은 모두 한 어원을 가지고 있습니다. 라는 책을 썻습니다. 사람이 삶을 살면서 사랑해야 한다는 말입니다. 예수 그리스도의 십자가의 희생적 사랑. 그러한 예수 그리스도를 이땅에 보내신 하나님의 사랑. 그리고 우리가운데 역사하시는 성령의 열매 사랑이 우리를 풍성케 할 것입니다. 그러한 사랑으로… 그리스도의 사랑으로 사랑하며 그 사랑을 나누길 원합니다. 세번째로, 그리스도의 심장으로 기도하며 하나님을 더 알아가야 합니다. 9절부터 11절까지 보시면, 바울은 기도합니다. 빌립보 교회를 위한 기도, 이 편지를 읽고 있는 우리를 위한 기도입니다. 너희 사랑을 지식과 모든 총명으로 더 풍성하게 하사, 너희로 지극히 선한 것을 분별하며 또 진실하여 허물없이 그리스도의 날까지 이르고, 예수 그리스도로 말미암아 의의 열매가 가득하여 하나님의 영광과 찬송이 되기를 원합니다. 바울이 쓰기를, 내가 전하고자하는 그리스도의 심장으로 전하는 이 사랑을 너희도 가지고 있음을 잘 알고 있습니다. 그 사랑이 하나님을 아는 지식으로, 모든 총명으로… 다른 말로 knowledge of God, perception of God 으로 점점 더 풍성하게 하셔서, 지극히 선한 것을 분별하며, 진실하여 허물이 없이… 죄를 짓지 않고 진리가운데 거하여 그리스도의 심판의 날까지 이르기를 원합니다. 라고 쓰고 있습니다. 성경을 배우다 보면, 사역을 하다보면, 균형만큼 중요한 것이 없다 생각이 듭니다. 사역과 쉼의 균형 가정과 교회의 균형 하나님의 만남과 세상속의 그리스도인의 균형 하나님께서 하나님의 진노, 심판과 용서, 은혜, 사랑 간의 균형을 가지신 것처럼… 말씀 사역과 기도사역의 균형이 중요합니다. 오늘 본문에서도 하나님을 아는 지식과 하나님을 사랑하는 마음 사이의 균형이 중요함을 말씀합니다. 하나님을 지식적으로 경험적으로 아는 것과 하나님을 더 사랑해 가는 것이 중요하다는 것입니다. 저는 아내를 만나 결혼했지만, 잘 안다 생각했지만, 잘 몰랐습니다. 10년쯤 사니까 조금 알겠습니다. 경험적으로, 사랑으로… 눈빛을 보면 그 마음을 알 수 있습니다. 마음과 마음이 만나기에… 사랑과 사랑이 만나기에… 그러한 알아감이 하나님을 만나는 만남가운데도 있어야 합니다. 예수님 믿을 때도, 제가 누구보다도 성경도 예수님도 하나님도 잘 안다 생각했지만, 그렇지 못했습니다. 그러한 자만심이 저를 더 모르게 만들었습니다. 하나님의 마음과 우리의 마음이 만날 때, 하나님의 심장이 우리의 심장과 만날 때, 무슨 일이 생깁니까? 11절입니다. 예수 그리스도로 말미암아 의의 열매가 가득하여 하나님의 영광과 찬송이 되기를 원하노라. 그렇습니다. 주님을 사랑하여 주님을 더 깊이 알아 의의 열매가 가득하여 하나님의 영광과 찬송이 되는 삶. 얼마나 위대한 삶입니까? 그 삶을 위해 사도 바울은 기도하고 있습니다. 우리는 함께 기도해야 합니다. 하나님을 더 깊이 경험하기를… 하나님을 더 깊이 알아가기를… 우리는 하나님을 다 알 수 없습니다. 그렇지만, 하나님께서 우리에게 Reveal 계시하여 주시고, 삶을 통해 하나님의 계획, 하나님의 인도하심, 보호하심, 공급하심, 함께하심, 역사하심을 경험케 하십니다. 결론 오늘 예배를 드리고 계신 저와 여러분은 혹, 마음 가운데 예수 그리스도의 심장을 갖고 계신지요? 마음 가장 깊숙한 그곳, 믿음과 사랑과 소망이 자리잡는 그곳에 내 삶의 가치가 존재하는 그곳에 예수 그리스도의 심장을 갖고 계신지요? 나이가 많아 병원에 입원한 한 노인이 있었습니다. 남의 심장을 이식하지 않으면, 살수 없었습니다. 건강이 너무 나빠져 하나있던 딸도 직장을 쉬고 아버지를 간호하고 있었습니다. 이식할 만한 심장을 기다리고 있던 차였습니다. 안좋은 일은 겹쳐서 일어납니다. 병원으로 아버지 병간호를 위하여 가던 딸은 그만 불의의 사고로 뇌사 상태에 빠지게 됩니다. 모든 것을 절망한 그 노인은 심장 이식을 거부합니다. 사고후 면허증 확인 결과 모든 장기가 기증되도록 있었고, 절차상 아버지가 첫번째 이식 대상자였습니다. 하지만 어떻게 딸의 심장을 갖고 살아가냐고… 내 하나 남은 삶의 소망이었는데. 그 딸이 떠났는데… 이때 한 인턴이 노인을 설득합니다. 저도 얼마전 이 병원에서 아버지를 잃었습니다. 별것 아닌 병으로 입원하셨다가, 큰 병이 발견되어 돌아가시게 되었습니다. 간호 가운데, 치료 가운데 제 모든 것을 다해 아버지를 살리고 싶었습니다. 할수 만 있었더라면, 제 심장도 아버지께 드렸을 것입니다. 아마 따님도 같은 마음이셨을 것이라고… 결국 그 노인은 심장의 수술을 받습니다. 그렇습니다. 우리에게 심장을 내어 주신분이 계십니다. 예수 그리스도이십니다. 예수님께서 십자가에 돌아가셨을 때의 사인이 심장 파열 이었다는 사실을 혹 아십니까? 그 심장을 내어 주셔서, 우리에게 새로운 심장, 예수 그리스도의 보혈이 펌핑되는 그 심장을 우리에게 허락하셨습니다. 그 심장이 없으시면, 죄인된 우리를 위해 십자가에 달리신 예수 그리스도를 바라보십시요. 그분의 피로 우리가 씻겼고 나음을 입었으며, 은혜를 받았습니다. 그 귀한 그리스도의 심장으로 복음을 전하고, 사역에 참여하며, 하나님을 더 깊이 알고 성숙하며 더 사랑할 것을 본문은 강조하고 있습니다. 지구촌 교회 여러분, 예수 그리스도의 심장을 소유하시길 소망합니다. 우리가운데 착한 일을 시작하신 이가, 그리스도 예수의 날까지 이루실 것입니다.",주보 (2016-07-03)
2016-07-03,2016,7,기타행사,표어: 변화를 추구하는 지구촌교회,주보 (2016-07-03)
2016-07-05,2016,7,훈련/수련회,"Summer Camp Director(유급) 구함(Summer Camp Director): 일시: 7/5(화)~7/29(금) 한달간 지구촌 썸머캠프를 이끌 디렉터를 구합니다. 문의: 이백규 집사(240-447-9909), 서보신 집사(443-280-3661)",주보 (2016-05-01)
2016-07-05,2016,7,선교,GMCYO/영어 고등부 단기선교(Summer Mission): 일시: 7/5(화)~7/14(목) 장소: 한국 등록마감: 1/24(주일),주보 (2016-01-10)
2016-07-05,2016,7,훈련/수련회,"지구촌 여름캠프(Global Summer Camp): 캠프기간: 7/5(화)~7/29(금), 4주, 9am~12pm(유아부: 3~4살), 9am~3pm(초등부: K~5학년) 수업료: 유아부(3~4살): 400불 초등부(K~5학년): 520불, 둘째 부터 할인됩니다. 등록/장소: 5/29(오늘), 11am~1pm, 다목적대강당 문의: 지인선 집사(301-312-7301), 서보신 집사(443-280-3661)",주보 (2016-05-29)
2016-07-09,2016,7,기타행사,"P2 미션(P2 Mission): P2 Mission은 NAMB(North American Mission Board)에서 워싱턴 D.C.지역의 교회개척을 돕는 사역입니다. 이 협력사역을 위해 약 120명의 청소년들이 7/9(토)부터 7/15(금) 까지 저희 교회에서 숙박하며, DC 교회개척, 지역교회들을 돕는 사역을 할 예정입니다. 이 학생들의 숙박과 안전, 사역을 위해 많은 기도 부탁드리고 혹 이 기간 동안 교회사용에 조금 불편이 있으시더라도 양해해 주시기 바랍니다. 일시: 7/9(토)~7/15(금) 장소: 지구촌교회 문의: 김우준 목사(817-793-1219)",주보 (2016-07-10)
2016-07-10,2016,7,기타행사,표어: 변화를 추구하는 지구촌교회,주보 (2016-07-10)
2016-07-16,2016,7,선교,"MET2016 독일 단기선교(시리아 난민) 사역물품 수집(Germany Mission): 일시: 7/16(토)~7/31(주일), 2016 사역내용: 난민사역, 청년/어린이 사역 물품 수집: 크레용, 컬러링북, 스케치북 수집기간: 7/10(주일)까지 물품수집장소: 다목적대강당 문의: 오병하 집사(240-603-3553)",주보 (2016-06-26)
2016-07-17,2016,7,회의/의회,"사실확인: 김만풍 담임목사님의 42만불 유용에 관한 소문에 관하여는 사실이 아님이 지난 7/17(주일), 정기제직회에서 해명되었음.",주보 (2016-07-31)
2016-07-17,2016,7,회의/의회,"정기제직회(Deacon's Meeting): 일시: 7/17(주일), 1:45pm 장소: 커버넌트 채플",주보 (2016-07-03)
2016-07-18,2016,7,기타행사,"1 24 워싱턴지구촌교회 김만풍 목사 설교21(통21) 503(통373) 땅 끝에서 진정한 복음의 동역자True Coworkers of the Gospel디 모 데 후 서1:15-181 여는 말씀오늘은 사도 바울이 디모데에게 두 번째 보낸 목회서신의 한 대목을 살펴보고자 합니다. 이 편지를 기록할 때 바울은 로마 감옥에 수감되어 있었습니다. 성경학자들은 그 때를 AD66-67년경으로 추정합니다. 당시 네로 황제(Emperor Nero, r.37-68 AD)는 64년 7월 18일 기름 창고에서 발화되어 로마 시를 잿더미로 만든 사건의 책임을 기독교인들에게 뒤집어 씌워 박해하다가 68년에 죽었습니다. 바울을 비롯한 수많은 기독교인들이 그의 통치 말년에 체포되어 순교한 것으로 추정됩니다. 이러한 상황에서 로마 제국 안에 있는 기독교인들은 물러가 숨거나 배교했던 것을 짐작할 수 있습니다.디모데후서 1:15에서 바울은 디모데에게 “아시아에 있는 모든 사람이 나를 버린 이 일을 네가 아나니 그 중에는 부겔로와 허모게네도 있느니라.”고 상기시켜 주고 있습니다. 부겔로와 허모게네는 아마도 교회의 중직자였거나 바울의 선교사역에 큰 역할을 했던 인물들이었을 가능성이 있습니다. 그들이 사도 바울을 버린 일이 바울에게 큰 충격을 던져주었던 것이 분명합니다. 이 편지를 받을 당시 디모데는 오늘날의 터키 서쪽 소아시아 지역의 에베소에 머물고 있었던 것으로 보입니다.하지만 네로 황제의 핍박이 아시아 지역까지 미치고, 사도 바울을 버리고 떠나버린 사람들이 많았던 그 당시 상황에서도 바울 곁에는 진정한 복음의 동역자들이 남아 있었습니다. 물론 누가와 디모데가 그러한 동역자였습니다. 바울은 오늘 우리의 본문에 또 다른 동역자를 소개하고 있습니다. 그가 바로 오네시보로였습니다. 그는 우리에게 진정한 동역자의 모습을 보여주고 있습니다. 이 시간 우리가 함께 살펴 우리가 본받기 원합니다.2 진정한 복음의 동역자첫째, 자주 격려해 주는 사람입니다.진정한 복음의 동역자는 자주 격려해 주는 사람입니다. 오네시보로는 사도 바울을 자주 격려해 주었습니다. 본문 16절 전반의 말씀을 보겠습니다.디모데후서 1:1616원하건대 주께서 오네시보로의 집에 긍휼을 베푸 시옵소서 그가 나를 자주 격려해 주고 ...너무 자주 격려하는 것은 피차에 부담을 줄 수 있습니다. 그러나 절실히 필요할 때마다 격려해주는 것은 서로에게 말할 수 없는 힘을 실어줄 수 있습니다. 어떤 경우에는 많은 말이 필요 없고 그저 곁에 있어주는 것만으로도 용기를 북돋아 줄 수 있습니다. 2격려는 특별한 사람만 할 수 있는 것이 아닙니다. 격려는 특별한 사람에게만 필요한 것이 아닙니다. 오네시보로 같은 후배 일꾼도 격려할 수 있었습니다. 사도 바울 같은 대선배 거장에게도 격려가 필요했습니다. 새해에 우리는 오네시보로를 본받아 격려의 사람이 되기를 원합니다. 오네시보로 같은 진정한 복음의 동역자로 성숙하기를 간절히 소원합니다.둘째, 부지런히 찾아와 만나주는 사람입니다. 진정한 복음의 동역자는 부지런히 찾아와 만나 주는 사람입니다. 오네시보로는 사도 바울을 부지런히 찾아와 만나 주었습니다. 본문 16-17절 말씀을 보겠습니다.디모데후서 1:1616... 내가 사슬에 매인 것을 부끄러워하지 아니하고17로마에 있을 때에 나를 부지런히 찾아와 만났음이 라오네시보로는 복음을 전파하다가 체포되어 로마 옥중에 수감되어 있는 사도 바울을 부끄러워하지 않았습니다. 피하지 않았습니다. 그는 자신의 안전을 위하여 몸을 사리지 않았습니다. 오네시보로는 바울을 신뢰했습니다. 하나님 나라의 일들을 우선순위에 둔 바울을 존경했습니다. 바울이 복음을 위하여 옥에 갇힌 것을 결코 부끄러워하지 않았습니다. 그것은 복음의 사명을 수행하는 현장에서 당면한 고난임을 알고 있었기 때문이었습니다.바울이 로마에 있을 때 오네시보로는 부지런히 찾아와 만났습니다. 그는 복음의 동역자를 위하여 시간을 아끼지 않았습니다. 수고를 마다하지 않았습니다. 물질로 헌신했습니다. 무엇보다도 마음 중심에서 우러나오는 격려로 바울의 선교사역을 지원하였습니다.오늘날 이 시대에도 복음전파와 제자 삼는 사역의 현장에서 오네시보로처럼 부지런히 찾아가 선교사들을 찾아갈 격려해 줄 진정한 복음의 동역자가 필요합니다. 교회에서도 필요합니다. 일터에서도 필요합니다. 가정에서도 필요합니다. 우리 자신이 먼저 진정한 복음의 동역자가 되기를 소원합니다.셋째, 많이 봉사하는 사람입니다.진정한 복음의 동역자는 많이 봉사하는 사람입니다. 오네시보로는 에베소에서 많이 봉사한 일꾼이었습니다. 본문 18절 말씀을 보겠습니다.디모데후서 1:1818(원하건대 주께서 그로 하여금 그 날에 주의 긍휼 을 입게 하여 주옵소서) 또 그가 에베소에서 많이 봉사한 것을 네가 잘 아느니라사도 바울은 주께서 오네시보로로 하여금 그 날에 하나님의 긍휼을 입게 하여 주시기를 소원하고 기도했습니다. 그 날이 언제이겠습니까? 세상 끝에 예수 그리스도께서 다시 오시는 그 날입니다. 주께서 언제 다시 오시겠습니까? 온 천하 만민에게 복음이 전파되는 날 오실 것입니다. 마태복음 24:14에서 주님은 분명히 말씀하셨습니다.마태복음 24:1414이 천국 복음이 모든 민족에게 증언되기 위하여 온 세상에 전파되리니 그제야 끝이 오리라 3주님 다시 오실 그 날을 예비하기 위하여 오네시보로는 에베소에서 많이 봉사한 것을 사도 바울이 알고 있었습니다. 또한 디모데 역시 그것을 잘 알고 있었습니다. 에베소에는 사도 바울이 개척한 교회가 있었습니다. 오네시보로가 에베소에서 많이 봉사했다는 것은 에베소교회를 위해서 많이 섬겼다는 것을 의미합니다. 오네시보로가 에베소교회를 위하여 많이 봉사한 일에 관하여는 몇 가지 일을 생각할 수 있습니다. 먼저 성도의 필요를 공급했을 것입니다. 예배 진행을 도왔을 것입니다. 성도의 교제를 위해 봉사했을 것입니다. 손님을 영접하는 일들을 도왔을 것입니다. 지역사회에 복음 전하는 일을 섬겼을 것입니다. 교인들의 영적 성장과 제자훈련을 위해 힘썼을 것입니다. 선교사들과 순회 강사들을 지원하는 일에 동참했을 것입니다. 손 대접하는 일에 동참했을 것입니다.“또 그가 에베소에서 많이 봉사한 것을 네가 잘 아느니라.” 고 강조한 사도 바울의 언급은 오네시보로가 얼마나 열성적인 복음의 동역자였는가를 잘 이해할 수 있게 해 줍니다. 오네시보로는 이름 뿐인 신자가 아니었습니다. 그의 믿음은 말만 무성하고 행동은 따르지 않는 죽은 믿음이 아니었습니다. 그의 믿음에는 행함이 따랐습니다.가까이 있든지 멀리 있든지 오네시보로처럼 남들을 위하여, 이웃을 위하여, 교회를 위하여 많이 봉사하는 일꾼이 진정한 복음의 동역자입니다. 그러한 동역자가 있으면 믿음과 소망과 사랑이 더욱 넘쳐납니다. 나이 많은 사도 바울은 복음을 위하여 로마 옥중에 갇혀서 순교의 날을 눈앞에 두고 있을 때 오네시보로를 인하여 큰 격려를 얻었습니다.사도 바울 당시 교회에 일은 안하고 일만 만드는 사람들이 있었습니다. 봉사는 안하고 대접 받기만 바라는 사람들이 있었습니다. 위기와 고난이 닥치면 다 버리고 떠나는 사람도 있었습니다. “아시아에 있는 모든 사람이 나를 버린 이 일을 네가 아나니 그 중에는 부겔로와 허모게네도 있느니라.”그러나 우리는 오네시보로처럼 많이 봉사하는 사람이 되기를 원합니다. 각기 자신의 일을 돌아보고 또한 다른 사람들의 일을 돌아보아 하나님께 영광을 돌리고 서로의 기쁨이 되기를 원합니다. 우리가 다 오네시보로처럼 진정한 복음의 일꾼이 되기를 간절히 소원합니다.3 맺는 말씀사랑하는 성도 여러분, 우리는 이 시간 사도 바울이 디모데에게 소개한 오네시보로를 통해서 진정한 복음의 동역자가 누구인가를 세 가지 관점에서 살펴보았습니다.첫째, 자주 격려해 주는 사람입니다.둘째, 부지런히 찾아와 만나주는 사람입니다.셋째, 많이 봉사하는 사람입니다.우리는 이 시대 복음의 사명을 맡은 자들로서 사도 바울, 디모데, 오네시보로 같은 진정한 복음의 동역자로 주님 나라를 위하여 협동하는 일꾼들이 되기를 주님의 이름으로 축복하며 격려합니다.",주보 (2016-01-24)
2016-07-31,2016,7,기타행사,표어: 변화를 추구하는 지구촌교회,주보 (2016-07-31)
2016-07-31,2016,7,회의/의회,"임시사무총회(Congregational Meeting): 일시: 7/31(오늘), 1:30pm 장소: 다목적대강당 안건: 김만풍 담임목사님 은퇴 예우에 관한 7/17(주일), 정기제직회 결의안 인준 건. 오늘 임시사무총회로 인해 다목적대강당에서 점심식사를 하실 때에, 오후 1시까지 마쳐주시면 감사하겠습니다.",주보 (2016-07-31)
2016-07-31,2016,7,은퇴,은퇴: 본교회 담임 김만풍 목사님께서 오늘로 24년 7개월의 목회사역(1992.1.1.~2016.7.31.)을 마감하시고 은퇴하심.,주보 (2016-07-31)
2016-07-31,2016,7,목회자 사임,사임: 목회비서로 섬기신 조영복 집사와 식당사역자로 섬기신 김선희 집사께서 7월31일 자로 사임.,주보 (2016-07-31)
2016-07-31,2016,7,회의/의회,"담임목사 은퇴(Senior Pastor's Retirement): 2016년 정기사무총회에서 2016년 7월31일 자로 조정, 결정되었습니다.",주보 (2016-02-21)
2016-08-07,2016,8,기타행사,표어: 변화를 추구하는 지구촌교회,주보 (2016-08-07)
2016-08-07,2016,8,은퇴,은퇴: 본교회 담임 김만풍 목사님께서 24년 7개월의 목회사역(1992.1.1.~2016.7.31.)을 마감하고 은퇴하셨습니다.,주보 (2016-08-07)
2016-08-07,2016,8,기타행사,"예배와모임출석예배와모임출석예배와모임출석1부예배 94영어중등부 29신생아부 14 2부예배 210영어고등부 45영어장년1273부예배 394한어청소년 5부합동 4부예배 152유초등부 78 5부예배 136유치부 24수요예배 68유아부 15 새벽기도 274영아부 17주간/주일출석:1,677명주일출석: 1,335명건축헌금:$105.00일반헌금:$27,403.00참여가정수:310건축약정헌금:$3,014,312.00건축헌금누계:$2,272,711.70",주보 (2016-08-07)
2016-08-08,2016,8,선교,수요찬양예배저녁7:30-GMCYO단기선교보고/설교:배익호목사-기도: 남연우 집사새벽기도회(월-토새벽5:30)월(8/8)화(8/9)수(8/10)목(8/11)금(8/12)토(8/13)최인돈(삼하 15:13~23)최인돈 (삼하 15:24~37)최인돈 (삼하 16:1~14)최인돈 (삼하 16:15~23)최인돈 (삼하 17:1~14)임광 (삼하 17:15~23),주보 (2016-08-07)
2016-08-14,2016,8,성례,"남침례교단 한인총회 사역을 위하여2. 반석마을 셀과 이태호 목자의 사역을 위하여3. 목회지원팀의 열매 맺는 사역을 위하여4. 우리 모두 기도하는 일과 말씀과 예배에 힘쓰기를 위하여5. 8월 8~12일에 있는 여름성경학교(VBS)에 하나님의 기쁨과 은혜가 넘치도록 ◈8월예배안내위원◈터치마을 1부예배: 윤대성, 이승기/정순 2부예배: 터치 마을, 임채현 3부예배: 터치 마을, 계준교 4부예배: 터치 마을, 김봉준 5부예배: 오유정(청년부) 수요 예 배: 남연우 ◈성경봉독담당◈08/14 1부-남선향08/21 1부-유미숙2부-홍경희2부-이경호3부-박지원 3부-김미옥4부-진동혁4부-서보신",주보 (2016-08-07)
2016-08-14,2016,8,기타행사,"예배와모임출석예배와모임출석예배와모임출석1부예배 98영어중등부 28신생아부 8 2부예배 219영어고등부 52영어장년1233부예배 385한어청소년 5부합동 4부예배 147유초등부 71 5부예배 136유치부 29수요예배 103유아부 19 새벽기도 260영아부 13주간/주일출석: 1,691명주일출석: 1,328명건축헌금:$205.00일반헌금:$49,188.23참여가정수:310건축약정헌금:$3,014,312.00건축헌금누계:$2,272,916.70",주보 (2016-08-14)
2016-08-19,2016,8,훈련/수련회,"청년부 그루터기 여름수련회: 청년부 그루터기 수련회를 위해서 기도해주시기를 부탁드립니다. 주제: “하나님의 사랑때문에(요일4:19)” 강사: 김진광 목사(휄로우십교회) 일시/장소: 8/19~20(금~토), 안나산 기도원 문의: 허도녕 회장(301-910-9036).",주보 (2016-08-14)
2016-09-04,2016,9,목회자 부임,부 찬양대 지휘자 부임: 9월 4일자로 김종빈 지휘자가 부임했습니다.,주보 (2016-09-04)
2016-09-04,2016,9,기타행사,"예배와모임출석예배와모임출석예배와모임출석1부예배 92영어중등부 36신생아부 122부예배 209영어고등부 53 영어장년1383부예배 369한어청소년 5부합동 4부예배 156유초등부 735부예배 125유치부 36수요예배 79유아부 17 새벽기도 294영아부 13주간/주일출석: 1,702명주일출석: 1,329명건축헌금:$62.00일반헌금:$32,761.94참여가정수:310건축약정헌금:$3,014,312.00건축헌금누계:$2,273,338.70",주보 (2016-09-04)
2016-09-05,2016,9,선교,"수요찬양예배저녁7:30- 독일단기선교보고/설교:임광 목사""세상의나그네를천국의순례자로""(히브리서11:13~16)기도: 임채현 집사새벽기도회(월-토새벽5:30)월(9/5)화(9/6)수(9/7)목(9/8)금(9/9)토(9/10)최인돈(고후 4:1~18)최인돈(고후 5:1~10)최인돈(고후 5:11~21)최인돈(고후 6:1~7:1)최인돈(고후 7:2~16)이동원(빌 3:14)",주보 (2016-09-04)
2016-09-08,2016,9,부흥회/집회,"가을철 부흥회주제: 다시 기뻐하는 공동체강사: 이동원 목사일시: 9/8(목) ~ 10(토)지구촌 가을 부흥회에 지구촌 성도님 모두를 초청합니다.하나님께서 주시는 기쁨과 행복이 넘치는 귀한 집회를 통해교회와 온 성도들과 함께 은혜를 누리길 소망합니다. (집회기간 동안 베이비, 차일드 캐어가 제공될 예정입니다)9/8(목)저녁 7:30생명되신 그리스도(빌 1:21)9/9(금)저녁 7:30모본되신 그리스도(빌 2:5)9/10(토)새벽 5:30목표되신 그리스도(빌 3:14)9/10(토)저녁 7:30풍성함되신 그리스도(빌 4:19)9/11(주일)각 예배회복 (하박국 3:1-2, 17-19) 표어: 변화를 추구하는 지구촌교회",주보 (2016-08-14)
2016-09-11,2016,9,기타행사,표어: 변화를 추구하는 지구촌교회,주보 (2016-09-11)
2016-09-11,2016,9,부흥회/집회,부흥집회(가을맞이 축제) 감사: 가을맞이 축제가 은혜 중에 마쳤습니다. 이번 축제에 여러 모습으로 헌신하여 참여해주신 성도님들께 감사드립니다.,주보 (2016-09-11)
2016-09-11,2016,9,기타행사,"예배와모임출석예배와모임출석예배와모임출석1부예배 105영어중등부 40신생아부 172부예배 183영어고등부 62 영어장년1473부예배 343한어청소년 5부합동 4부예배 155유초등부 705부예배 119유치부 27 수요예배 107유아부 12 새벽기도 257영아부 22주간/주일출석: 1,666명주일출석: 1,302명건축헌금:$277.00일반헌금:$39,057.77참여가정수:310건축약정헌금:$3,014,312.00건축헌금누계:$2,273,615.70",주보 (2016-09-11)
2016-09-18,2016,9,회의/의회,"정기제직회: 일시: 9/18(주일), 1:45pm 장소: 커버넌트 채플",주보 (2016-09-11)
2016-09-18,2016,9,기타행사,표어: 변화를 추구하는 지구촌교회,주보 (2016-09-18)
2016-09-18,2016,9,부흥회/집회,"예배와모임출석예배와모임출석예배와모임출석1부예배100영어중등부34신생아부182부예배194영어고등부56영어장년1423부예배472한어청소년5부합동가을철부흥회(목)4674부예배188유초등부72가을철부흥회(금)5265부예배143유치부30가을철부흥회(토)308수요예배74유아부22가을철부흥회(토)423새벽기도195영아부15주간/주일출석: 3,479명주일출석: 1,486명건축헌금:$130.00일반헌금:$39,386.00참여가정수:310건축약정헌금:$3,014,312.00건축헌금누계:$2,273,745.70",주보 (2016-09-18)
2016-09-18,2016,9,목회자 부임,"운영규정 검토위원회와 청빙위원회 구성: 실행위원회와 지난 9/18 정기제직회를 거쳐 운영규정검토위원회와 담임목사 청빙위원회가 구성되었습니다. 운영규정 검토위원회는 임채현 집사님, 청빙위원회는 이태호 집사님이 각각 위원장으로 섬기게 되었습니다. 위해서 기도해주시기 바랍니다.",주보 (2016-10-16)
2016-09-25,2016,9,선교,"선교헌신주일: 9/25(주일) 1부~5부, 2017년 상반기(1월~5월) 선교헌신하는 시간을 갖습니다.선교헌신 주일 1부~5부 예배에는 김한수 목사님께서 말씀을 전해 주십니다.2017년상반기(1월~5월)단기선교팀파송지역선교지기간사역내용페루2/6~2/18전도,의료,미용,사진베트남3월전도,의료,영어,사진,현지교회협력사역독일3월난민사역,현지교회협력사역키르키즈스탄5월전도,VBS,현지교회협력사역",주보 (2016-09-18)
2016-09-25,2016,9,기타행사,표어: 변화를 추구하는 지구촌교회,주보 (2016-09-25)
2016-09-25,2016,9,성례,"남침례교단 주총회 사역을 위하여2. 백향나무 셀과 이재호 목자의 사역을 위하여3. 행정운영팀의 열매 맺는 사역을 위하여4. 우리 모두 기도하는 일과 말씀과 예배에 힘쓰기를 위하여5. 선교헌신주일에 모든 성도가 함께 선교를 위해 기도하고, 헌신하길 위하여",주보 (2016-09-25)
2016-09-25,2016,9,기타행사,"예배와모임출석예배와모임출석예배와모임출석1부예배 97영어중등부40신생아부122부예배200영어고등부52영어장년1333부예배381한어청소년5부합동4부예배177유초등부725부예배145유치부30수요예배69유아부25새벽기도266영아부12주간/주일출석: 1,711명주일출석: 1,376명건축헌금:$315.00일반헌금:$29,126.92참여가정수:310건축약정헌금:$3,014,312.00건축헌금누계:$2,274,060.70",주보 (2016-09-25)
2016-10-02,2016,10,세미나,"- 주일설교 년 월 일(2016 10 2 ) 예배하는 자들을 찾으시느니라“”The Father Seeks True Worshipers 요한복음 (4 : 2 3 ~ 2 6 ) 들어가는 말 우리는 찾고 또 찾습니다: . 한국에서 많이 읽히는 책 가운데 죽을 때 후회하는 가지 라는 책이 있습니다 일본에서 호스피스“2 5 ” . 로 일하던 오츠 슈이치大津秀一가 쓴 책입니다 그는 말기 환자의 고통을 덜어주는 호스피스 전문의로. 서 여명의 죽음을 지켜본 후에 죽을 때에 후회하는 것들을 정리하여 책을 출판했습니다 그 1000 . 25 가지 중에서 대표적인 것들을 보면 다음과 같습니다. 사랑하는 사람에게 고맙다는 말을 많이 했더라면1) 친절을 베풀었더라면 4) 가고 싶은 곳으로 여행을 떠났더라면11) 고향을 찾아가 보았더라면12) 맛있는 음식을 많이 맛보았더라면 13) 건강을 소중히 여겼더라면 22) 좀 더 일찍 담배를 끊었더라면23) 우리는 인생을 마무리하면서 이렇게 후회하는 인생을 살지 않을까 항상 걱정을 합니다 그, . 러므로 우리에게 주어진 시간을 우리는 효과적으로 사용해야 합니다 의미있게 쓸 수 있어야 합니. 다 그렇다면 왜 그렇게 시간이 중요할까요 시간과 인생이 중요한 것은. , ? 여러 가지 이유가 있겠으 나 그중에서 가지만 생각한다면 다음과 같습니다, 3~4 , . 먼저 시간은 유한합니다 시간이 무제한적으로 주어진 사람은 이 세상에 단 한 사람도 없습. 니다 시간은 한정적입니다 이것을 성경에서도 말합니다 시편 편 절에서 우리의 인생이 칠십. . . 90 10 이요 강건하면 팔십이라고 말을 합니다 요즘처럼 의학이 발달하고 세상이 좋아졌다 할지라도 , . , 120 살 넘게 사는 사람은 없습니다 앞으로도 그럴 것입니다 시간이 무한대로 주어져 있지 않기에 우리. . 는 시간을 잘 사용해야 합니다 이러한 시간은 세 가지의 불가능한 것이 있습니다 멈출 수 없습니. . 다 저장할 수 없습니다 그리고 되돌릴 수 없습니다 그리고 . . . “No Stop,” “No Store,” “No Set back” 입니다 그러기에 시간은 너무나 소중한 것입니다 가장 소중한 것은 시간입니다. . . 그런데 이렇게 소중한 시간을 우리는 함부로 사용합니다 마치 영원할 것처럼 함부로 사용. 합니다 마치 물쓰듯이 시간을 쓰는 사람이 있습니다 그렇게 마지막에 이르면 후회할 거면서 우리. . , 는 시간을 가치 없게 사용하곤 합니다 신문 지상에서 자주 보았던 글 가운데 우리가 평생 살면서 . , 쓰는 시간의 내역서가 있습니다 혹시 보셨는지요 칼럼이나 기사마다 다르게 나오는 경우가 있기는 . ? 하지만 대충 거의 비슷비슷합니다 인생을 년이라고 할 때에 사용하는 시간의 내역을 한 번 들어, . 80 보시죠 영국의 타블로이드 더 선 에서 발표한 것입니다. ‘ ’ . 일하는 시간으로 년 잠자는데 년 텔레비전 앞에 있는 시간 년 먹는 시간 년26 , 25~30 , 12 , 6 , 전화받는 시간 년 화장실에서 년 목욕 시간 년 신호등 앞에서 개월 광고를 보고 우편물을 열4, 3, 2, 6 , 어보는데 개월 평생동안 잃어버린 물건을 찾는데 쓰는 시간 년이라고 합니다8, 1 . 참으로 중요한 시간을 우리는 허투루 쓰고 있는 것 같죠 제가 여기에서 주목한 것은 바로 . 잃어버린 물건을 찾는데 쓰는 시간입니다 저는 젊은 나이에도 왜 이렇게 건망증이 심한지 모르겠습. 니다 항상 외출할 때마다 열쇠를 찾습니다 지갑을 찾곤 합니다 그 열쇠를 찾지 못해서 교회에 늦. . . , 을 뻔한 적도 있었습니다 항상 읽고 있었던 책을 찾느라 서재에서 우두커니 책장을 바라보고 있을 . 때도 많습니다 저는 아마도 잃어버린 것을 찾는 데 쓰는 시간이 년은 족히 넘을 것 같습니다 조. 1 . 금 제대로 놓으면 그 시간을 절약할 수 있을텐데 말이지요, . 그런데 잃어버린 것을 찾는데 시간을 쓰는 것보다도 더 애를 태우는 것은 저의 마음입니다. 정말 잃어버렸으면 어떻게 하지 하는 생각에 사로잡히면 정말 애가 탑니다 정말 긴장하고 또 긴장, . 합니다 그것이 별로 중요한 것이 아니라면 괜찮겠지요 그러나 그것이 거금의 돈이라면 중요한 귀. , . , 중품이라면 어떨까요 크레딧 카드가 들어있는 지갑이라면 어떨까요 아니면 상상하기도 싫지만 자? ? , 녀라면 어떨까요 그 애타는 심정을 우리는 어떤 것으로도 표현하지 못할 것입니다 정말 그 심정을 ? . 상상하는 것조차 끔찍합니다 한국이나 미국에 우유곽 표지에 미아 광고를 볼 때가 있습니다 그 잃. . 어버린 부모의 마음이 어떨까요 이들에게는 정말 하루가 년 년 같을 것입니다 애타는 심정을 ? 10 , 20 . 이루 말할 수 없겠죠 잃어버린 마음처럼 고통스러운 마음은 없을 것입니다. . 그런데 성경의 이야기가 바로 잃어버린 것을 찾는 이야기입니다 하나님께서 찾으시는 이야. 기가 성경의 이야기입니다 하나님은 늘 찾으십니다 하나님은 사람을 찾으십니다 하나님의 사람을 . . . 찾으십니다 하나님의 잃어버린 자녀들을 찾으십니다 에덴동산에서 선악과를 먹은 아담과 하와를 . . 찾으셨습니다 아벨을 죽인 가인을 찾으셨습니다 죄가 가득한 세상에서 의인이었던 노아를 찾으시. . 고 부르셨습니다 영적으로 어두운 시대에 하나님은 아이 사무엘을 찾으시고 부르셨습니다 우상으. , . - 2 - 로 가득한 바벨론에서 하나님은 아브라함을 찾으시고 부르셨습니다. 소돔과 고모라의 죄악을 보시고 하나님은 안타까워 하셨습니다 소돔과 고모라가 왜 망했습. 니까 왜 하나님의 심판을 받았습니까 죄가 많아서 그랬을까요 그곳에 동성애와 음란한 일들이 가? ? ? 득해서 그랬을까요 예 맞습니다 그런데 진짜 그곳이 망한 이유는 의인 명이 없어서 망한 것입? , . 10 니다 죄가 있어서 망한 것도 맞지만 더 정확한 답은 하나님께서 찾으시는 의인 명이 없어서 그. , 10 런 것입니다 그래서 하나님은 의인을 찾으십니다 하나님의 사람을 찾으십니다 저는 개인적으로 예. . . 레미야 장 절을 자주 묵상하곤 합니다51 . 너희는 예루살렘 거리로 빨리 다니며 그 넓은 거리에서 찾아보고 알라 너희가 만일 정의를 행하며 “ 진리를 구하는 자를 한 사람이라도 찾으면 내가 이 성읍을 용서하리라 예레미야 ” ( 5:1) 하나님은 이렇게 의인을 찾으십니다 이 세상은 죄인이 많기 때문에 어두운 것이 아닙니다. . 죄인은 어제나 오늘이나 내일에도 계속해서 있을 것입니다 하나님께서 찾으시는 것은 바로 의인입. 니다 죄가 가득한 세상에서 그 죄악과 심판을 막아설 하나님의 의인을 찾고 계시는 것입니다 하나. , . 님의 용서를 구하는 사람을 찾으십니다 그 사람이 바로 하나님의 사명자라고 할 수 있겠죠 하나님. . 은 그렇게 사명자도 찾으십니다 그 대표적인 경우를 구약의 이사야 장에서와 신약의 마태복음 장. 6 9 에서 우리는 찾아볼 수 있습니다 암울한 이스라엘의 역사 속에서 하나님은 이사야에게 말씀하십니. 다 이사야서 장 절입니다. 6 8a . 내가 또 주의 목소리를 들으니 주께서 이르시되 내가 누구를 보내며 누가 우리를 위하여 갈꼬 하시“ 니 이사야 ” ( 6:8a) 하나님은 하나님의 사람을 찾으신 것입니다 하나님의 마음을 가지고 보낼 사람을 찾은 것. 입니다 예수님도 마찬가지이십니다 예수님도 마태복음 장 절입니다. . 9 37~38 . 이에 제자들에게 이르시되 추수할 것은 많되 일꾼이 적으니 그러므로 추수하는 주인에게 청하여 추“ 수할 일꾼들을 보내 주소서 하라 하시니라 마태복음 ” ( 9:37~38) 하나님은 그렇게 하나님의 사람을 찾고 계십니다 그리고 그 찾음의 역사가 바로 누가복음 . 장에 비유로 증거되고 있습니다 잃은 양의 비유 잃은 드라크마의 비유 그리고 잃은 아들의 비15 . , , 유로 하나님의 찾고 찾으시는 마음이 우리에게 전해지고 있습니다 하나님은 우리를 찾으십니다 우. . 리 영혼들을 찾으십니다 하나님의 사람들을 찾으십니다 그래서 영국의 프랜시스 톰슨은 하나님을 . . 천국의 사냥개라고 비유했습니다 이 비유가 불편하실 분들도 있을 것입니다 그런데 여기에서 중요. . 한 것은 하나님께서 그렇게 사랑으로 추적하고 계신다는 것을 의미합니다 그리고 오늘 이 찾음의 . 역사 속에 하나의 말씀을 더 발견할 수 있습니다 바로 예배자를 찾으신다는 것입니다 오늘 본문 . . 요한복음 장 절을 보십시오42 3 . 아버지께 참되게 예배하는 자들은 영과 진리로 예배할 때가 오나니 곧 이때라 아버지께서는 자기에“ 게 이렇게 예배하는 자들을 찾으시느니라 요한복음 ” ( 4:23) 하나님 아버지는 예배하는 자를 찾으신다는 것입니다 기도하는 자 말씀을 묵상하는 자. , , 순종하는 자를 찾으신다고 하시기보다도 예배자를 찾으신다고 말씀하고 있습니다 왜 예배자를 찾으. 시는 것일까요 그것이 바로 우리의 존재 목적이기 때문입니다 우리가 지음 받은 목적이기 때문입? . 니다 이사야서 장 절에서는 이렇게 증거합니다. 43 21 . 이 백성은 내가 나를 위하여 지었나니 나의 찬송을 부르게 하려 함이라 이사야 “” ( 4 3 : 2 1 ) 우리의 지음 받은 목적이 바로 예배라는 것입니다 우리가 창조되었다는 것은 분명한 목적. 이 있는 것이지요 그 목적대로 살아갈 때에 행복한 것입니다 목적에 따라서 살지 않고 목적에 따. . , 라서 쓰임 받지 못하는 것이 불행한 것입니다 장인의 손길로 만들어진 악기와 도자기가 창고에서 . 썩히고 있다고 생각해보십시오 그 악기와 도자기는 정말 불행한 것입니다 최고의 노래 실력을 가. . 지고 있는 사람이 그 사실을 모른채 그냥 살아간다고 생각해보십시오 그 사람은 얼마나 불행할까. 요 아니 그 사람을 그렇게 만드신 하나님의 마음은 얼마나 아프실까요 목적대로 살아가지 않는 것? ? 은 불행한 것입니다. 오늘 예수님께서 하나님 아버지가 예배자를 찾으신다는 말씀을 하는 것은 사마리아 여인과 의 대화 속에서 나온 것입니다 사마리아 여인은 어떤 여인입니까 여러 가지로 말할 수 있겠죠 그 . ? . 중에 많이 언급하는 것은 사람의 눈길을 피해 우물가에 나왔다는 것입니다 수치와 부끄러움을 당한 . - 3 - 여인이었다는 것을 알 수 있지요 그래서 그런지 예수님께 답하는 태도와 말이 상당히 까칠하고 불. 손합니다 그녀는 아마도 버림을 많이 받은 것 같습니다 남편이 다섯이 있었고 지금 같이 있는 남. . , 자도 남편이 아니라는 것이지요 당시 여성의 권리가 낮았던 시대로 볼 때에 수많은 버림을 받았을 . 것으로 추정이 됩니다 게다가 그녀는 사마리아 여인입니다 유대인에게 차별을 받고 개만도 못한 . . , 취급을 받던 민족입니다 게다가 그들은 알지 못하는 것을 예배하는 자들이었습니다 역사학자들에 . . 따르면 열정적인 예배이긴 하지만 대상이 분명하지 않은 예배를 드렸다고 하더군요 그랬던 그녀의 , , . 삶을 행복하지 않았습니다 목적대로 살지 않으니 불행한 인생이었던 것입니다. , . 하나님께서는 참되게 예배하는 자들을 찾으십니다 우리가 지음 받은 목적대로 살아가길 원. 하시고 그렇게 살아가는 자들을 찾으시는 것입니다 아니 그렇게 우리가 살아가길 소망하고 또 바, . , 라시는 것입니다 그래서 그렇지 못한 사마리아 여인에게 참된 예배자에 대해서 말씀하십니다 말씀. . 의 후반부를 보면 양동이를 버려두고 예수님을 증거하러 마을로 들어가는 여인의 모습을 볼 수 있, , 습니다 그녀가 변화되어졌음을 알 수 있는 것이지요 그렇습니다 참된 예배자를 찾으시고 또 그렇. . . , 게 참되게 예배하는 사람으로 예수님은 회복시키신 것입니다 그렇다면 참되게 예배하는 자는 어떤 . , 사람일까요 참된 예배는 무엇일까요 오늘 본문 말씀을 통해서 하나님 아버지께서 찾으시는 참된 ? ? 예배 참된 예배자를 알아보길 소원합니다, . 어디서나 하나님을 예배합니다1. Everywhere: . 우리나라 사람들은 장소를 상당히 중요하게 여깁니다 어느 위치에 사느냐에 집착하다시피 합니다. . 과거에 우리나라 전통에 풍수지리설이 있어서 그런 경향이 있는 것 같습니다 장소에 집착합니다. . 어디에 살 것이며 어느 곳을 향하여 집을 만들 것인가도 상당한 관심을 기울입니다 그런데 이런 , . 장소에 대한 개념이 성경에서도 있다는 것을 아십니까? 저의 아버지는 개척교회 목사님이셨습니다 늦깎이로 신학대학교에 들어가시고 세가 거. , 40 의 다 되어서 교회를 개척하셨습니다 그때 개척을 하시면서 예배실 이름을 시은예배실 이라고 하. , “ ” 셨지요 그리고 몇 해가 더 지난 후에 교회 이름을 아예 시은교회 라고 하셨습니다 다시 말씀을 . , “ ” . 드립니다 시온예배실 시온교회 가 아니라 시은예배실 시은교회 입니다 온 이 아니라 은 입. “ ”, “ ” , “ ”, “ ” . “ ” “ ” 니다 저도 한 때는 시온 이라고 생각했습니다 교회로 오는 우편물이나 교회 주소록을 보면 교회. “ ” . , , 의 이름을 알아서 시온교회 라고 써져 있었기 때문입니다 그런데 정확한 이름은 시은 이었습니다“” . “ ” . 그렇다면 우리 아버지는 왜 시은교회 라고 이름을 지으셨을까요, “ ” ? 구약성경 출애굽기 레위기 민수기에 등장하는 성막의 증거궤의 윗 부분 뚜겅에 해당되는 , , , 부분을 속죄소 라고 합니다 히브리어로 카포렛 이라고 하는데 영어에서는 ‘’ . “ : k a p p o r e t h :” , 라고 그리고 대부분의 성경은 이라고 번역했습니다 속죄소 라 함은 “atonemont cover” , “mercy seat” . “ ” 은혜가 베풀어지는 자리라는 것이지요 그래서 베푼다는 뜻의 한자 시 와 은혜를 뜻하는 한자 은. “ ” “ ” 을 합쳐서 시은 혹은 시은소 라고 하는 것입니다 속죄소 라는 말보다 시은소 혹은 시은 이, “ ”, “ ” . “ ” , “ ”, “ ” 라는 말이 더 부드러운 느낌이 있습니다 그래서 아버지는 교회의 이름을 시은교회 라고 하신 것입. “ ” 니다 그렇다면 왜 시은 이 중요한 것일까요 그곳에서 말씀이 임합니다 출애굽기 장 절과 민. , “ ” ? . 25 22 수기 장 절입니다78 9 . 거기서 내가 너와 만나고 속죄소 위 곧 증거궤 위에 있는 두 그 룹 사이에서 내가 이스라엘 자손을 “ 위하여 네게 명령할 모든 일을 네게 이르리라 출애굽기 ” ( 25:22) 모세가 회막에 들어가서 여호와께 말씀하려 할 때에 증거궤 위 속죄소 위의 두 그룹 사이에서 자기“ 에게 말씀하시는 목소리를 들었으니 여호와께서 그에게 말씀하심이었더라 민수기 ” ( 7:89) 무엇보다도 시은소 그곳에서 하나님과 우리가 만나게 됩니다 하나님께서 우리를 만나주십, . 니다 출애굽기 장 절을 보십시오. 30 6b . 그 속죄소는 내가 너와 만날 곳이며 출애굽기 “” ( 3 0 : 6 b ) 하나님을 만나는 곳이 시은소 속죄소 그리고 하나님의 보좌입니다 하나님의 성소입니다, , . . 지극히 거룩한 장소에서 하나님은 우리를 만나주십니다 그래서 풍수지리학의 영향을 받은 우리나라 . 사람들은 성소 성전 교회 예배당을 지극히 거룩하게 여기기 시작했습니다 물론 맞습니다 우리는 , , . , . 예배당을 거룩하게 생각해야 합니다 예배 강단을 성스럽게 여겨야 합니다 소중히 여겨야 합니다. . . 예배당에 오면 우리는 옷 매무새를 한 번 더 점검해야 합니다 제가 다닌 신학교에서 실천신학을 , . 가르치는 교수님은 정말 단정하게 예배당에 오셨고 그 앉으신 자리에 티끌하나도 다 주머니에 넣어 , 가지고 나가실 정도로 성소를 소중하게 여기셨습니다, . 교회는 예배당을 소중하게 강조했습니다 목사님들은 여기에서 그치지 않았습니다 예배당 . . 앞자리를 가장 거룩한 장소라고까지 했습니다 흔히 부흥사 목사님들이 앞자리는 금자리 중간자리. , - 4 - 는 은자리 그리고 뒷자리는 그렇게 말을 했습니다 거기에 한 수 거드는 것이 세계 최고의 부자 , ... . 존 록펠러의 이야기였습니다 록펠러의 어머니의 가지 유언이 있다고 하지요 그중에 번째의 유. 10 . 5 언이 예배를 드릴 때는 항상 앞자리에 앉아라 고 하셨다고 하는 것을 자주 인용합니다 물론 앞자리 “”. 중요합니다 그런데 그 앞자리가 마치 부자가 되는 자리라고 생각하면서 말한다는 것이지요 저는 . . 성소가 중요하다고 믿습니다 그리고 앞자리에서 예배를 드리는 분 귀하다고 생각합니다 그렇다면. , . , 다음의 이야기는 어떨까요? 누가복음 장에서 예수님께서 바리새인과 세리의 비유를 말씀하십니다 이곳에서 바리새18 . 인과 세리가 성전에 기도하러 올라갑니다 그리고 바리새인은 따로 서서 기도를 합니다 앞자리라. “ ” . 고는 나와 있지 않지만 누가복음 장 절에서 회당의 높은 자리에서 문안받는 것을 기뻐한다는 , 11 43 말씀이 있고 마태복음 장 절에서도 시장에서 문안 받는 것을 좋아한다는 뜻으로 비추어 볼 때, 23 7 에 눈에 띄는 자리였음에 분명합니다 게다가 마태복음 장 절에서는 바리새인은 사람에게 보이려, . 6 5 고 회당과 큰 거리 어귀에 서서 기도하기를 좋아한다고 말씀합니다 그러나 세리는 어떻습니까 그. ? 는 멀리 서서 기도를 합니다 아마도 바리새인으로부터 멀리 떨어진 곳일 것입니다 그곳이 사람들“” . . 에게 주목받지 않은 뒷자리라고도 볼 수 있겠지요 그렇게 구석진 곳에서 기도를 했습니다 그러나 . . 예수님은 그들의 위치에 주목하지 않으셨습니다 그들의 마음과 그들의 자세 그리고 그 고백의 진. , 실함에 주목을 하셨습니다. 다시 한 번 말씀을 드립니다 장소와 위치가 중요하지 않다는 것 아닙니다 성소와 성전. . , 예배를 드리는 예배당 그리고 앞자리는 소중합니다 그러나 그보다 더 중요한 것은 우리의 방향입, . 니다 하나님을 향하는 방향입니다 하나님은 어느 곳에 있든지 우리의 예배를 받으십니다 성경에서 . . . 하나님은 어느 곳에서든지 하나님의 사람들을 만나주셨습니다 방주에 있는 노아와 함께 하셨습니. 다 요셉이 감옥에 있을 때에 노예로 있을 때에도 함께하셨습니다 모세가 광야에서 잊혀지고 있을 . , . 때에도 만나셨습니다 요나가 물고기 뱃속에 있을 때에도 다니엘이 예루살렘이 아닌 타향에 있을 . , 때에도 심지어는 사자굴에서도 함께 하셨습니다 다니엘의 세 친구가 풀무불에 있을 때에도 함께하, . 셨습니다 스데반이 돌에 맞아서 순교하는 사형장에서도 하나님 우편과 그 곳에서 서서 바라보시는 . 예수님을 보았습니다 어떤 곳에서든지 하나님은 만나주셨습니다. . 사도 바울은 더욱 이 부분에 경험자입니다 간증자입니다 사도행전 장에서 그는 난파되. . 27 었을 때 구원의 여망이 없을 때 하나님의 사자가 그에게 말씀하시는 것을 들었습니다 또한 사도행, , . 전 장에서는 감옥에 갇혔습니다 그때에도 실라와 함께 기도하고 하나님을 찬송했습니다 그때16 . . , 큰 지진이 나고 옥터가 움직이고 문이 다 열렸습니다 하나님은 어느 곳에서든지 그분을 인정하고, . , 찬양하고 예배하는 자들을 만나주십니다 감옥에서 예배를 받으신 하나님을 생각하니 잊지 않았다. “ Not Forgotten을 쓴 케네스 배” Kenneth Bae가 생각납니다 그는 그의 책에서 일 동안 북한에 억류되어 . 735 있었을 때에 예배의 능력을 말합니다. 의자에 앉아 한 치 앞도 알 수 없는 이 불확실한 상황에 관해 생각하는데 문득 내 머릿속에 , 그래함 켄드릭의 나의 만족과 유익을 위해 라는 찬양이 떠올랐다 마치 누군가가 라디오를 “” . 틀은 것처럼 생생하게 느껴졌다 내 안에 가장 귀한 것 주님을 앎이라 어느새 나도 모르. “ , .” 게 입으로 부르고 있었다 처음에는 나직이 부르다가 점점 목소리가 커졌다 나의 만족과 유. . “ 익을 위해 내 안에 가장 귀한 것 주님을 앎이라 그렇게 부르고 또 불렀다 가족을 다시 ... , .” . 보게 될지 아니 북한에서 살아서 나가게 될지조차 알 수 없었지만 한 가지는 분명히 알았, 다그 것 은 바 로 내 가 혼 자 가 아 니 라 는 사 실 이 었 다내 구 주 께 서 나 와 함 께 계 셨 다그 분 이 . . . 내가 가진 전부였다 그리고 그때 나는 그분만으로 충분했다. . 케네스 배 잊지 않았다 두 ( , “” , 란노) 우리의 장소보다 더 중요한 것이 어디든지 우리를 만나시는 하나님을 바라는 것입니다 어, . 느 곳에서든지 우리는 찬양할 수 있고 예배할 수 있습니다 사마리아 여인은 그들의 관심사 어느 , . , 산에서 예배를 드려야 하는지를 예수님께 묻습니다 그러나 예수님은 장소보다도 하나님께 예배를 . “ ” 드리는 것이 중요하다고 말씀하시는 것입니다 우리의 예배를 받으시는 하나님은 어느 곳에든지 함. 께하시기 때문입니다 무소부재의 하나님이시기 때문입니다 하나님은 우리와 지금도 함께하시고 어. . , 디에 있든지 우리와 동행하십니다. 저는 개인적으로 잊혀지지 않는 예배가 있습니다 평생 동안 이 예배는 잊혀지지 않을 것입. 니다 이 예배는 수많은 사람들이 모여서 최고 화려한 예배당에서 드린 예배가 아닙니다 멋진 오케. , . 스트라와 찬양대 그리고 멋진 워십팀이 있었던 예배도 아닙니다 이 예배는 다름이 아닌 군대에서 , . 드린 예배입니다 저는 모태신앙으로 항상 주일성수를 했습니다 자의든 타의든 교회를 떠나본 적이 . . 없습니다 제가 어릴 때에 은하철도 나 요술공주 밍키 와 같은 만화영화는 꼭 주일 아침에 텔. ‘ 999’ ‘ ’ 레비전에서 방영했습니다 그래도 저는 주일에 빠진 적이 없습니다 년간 한 번도 주일을 어긴 적. . 21 이 없습니다 경주로 수학여행을 갔었을 때에도 주일에는 교회에 찾아서 예배를 드렸습니다 그런데 . , . 군대에 가니까 상황은 달라졌습니다 제가 주일에 교회를 가는 것을 선임들이 싫어했습니다 박해하. . - 5 - 기 시작했습니다 그런데 이 선임들이 꾀를 내었습니다 제가 맞고 맞아도 가니까 제 후임들을 때리. . , 기 시작한 것입니다 제가 주일성수를 하는 것 때문에 다른 사람들이 맞는 것입니다 고통을 당하는 . , . 것입니다 제가 어떻게 했을까요 그래도 교회를 나가서 예배를 드렸을까요. ? ? 하나님께서 역사하셔서 선임들을 깨우치시고 저와 모든 내무반의 군인들이 예배를 드리러 , , 가게되었다면 얼마나 좋을까요 그러나 그렇지 않으셨습니다 저는 주일에 예배를 드리러 교회를 , ? . 가는 것을 포기했습니다 예배를 드릴 시간이 없었습니다 선임들이 감시했기 때문입니다 그러다가 . . . 오후 시간이 되어서 초소 근무를 나가게 되었습니다 그 초소에서 홀로 예배를 드렸습니다 총들을 . . 들고 군복과 정모를 쓰고 예배를 드렸습니다 홀로 기도를 하고 홀로 찬양을 하고 홀로 외우던 성, , . , , 경말씀을 암송하고 그렇게 예배를 드렸습니다 예배를 드리면서 얼마나 울었는지 모릅니다 얼마나 , . . 감격했는지 모릅니다 그 어떤 예배보다도 하나님의 임재를 느꼈습니다. . 우리가 있는 자리가 예배의 자리가 되어야 합니다 왜 그렇습니까 바로 그곳에 하나님께서 . ? 계시기 때문입니다 그곳에서 예배를 우리의 예배를 찾고 계시기 때문입니다 교회에서만 앞자리에. , . , 서만 예배를 드릴 수 있는 것이 아닙니다 우리가 거하는 곳 어느 곳에서든지 우리는 예배를 드릴 . , 수 있고 예배를 드려야만 합니다 절을 보십시오, . 21 . 여자여 내 말을 믿으라 이 산에서도 말고 예루살렘에서도 말고 너희가 아버지께 예배할 때가 이르“ 리라 요한복음 ” ( 4:21) 하나님은 성소에 가두지 마십시오 예배당 안에만 제한하지 마십시오 우리가 있는 곳 그. . , 곳에 하나님을 초청하십시오 아니 그곳에 계신 하나님을 경험하십시오 그곳에서 하나님을 경배하. . 십시오. 언제든지 하나님을 예배합니다2. Every time: . 예수님은 장소에 제한을 받지 않으시기에 어디에서든지 예배를 드려야 한다고 말씀하셨습니다 그와 . 함께 이어지는 것이 바로 시간입니다 예수님은 장소는 말씀하지 않으시고 시간에 대해서 언급하셨. 습니다 다시 한 번 절을 보십시오. , 21 . 여자여 내 말을 믿으라 이 산에서도 말고 예루살렘에서도 말고 너희가 아버지께 예배할 때가 이르“ 리라 요한복음 ” ( 4:21) 장소보다도 시간을 말씀하십니다 예배하는 곳을 말씀하지 않으시고 예배하는 때를 말씀하. 십니다 그리고 더 본격적으로 말씀하십니다 절입니다. . 23 . 아버지께 참되게 예배하는 자들은 영과 진리로 예배할 때가 오나니 곧 이때라 아버지께서는 자기에“ 게 이렇게 예배하는 자들을 찾으시느니라 요한복음 ” ( 4:23) 굳이 이 말씀을 더 쉽게 번역을 하면 이렇게 할 수 있습니다 예배할 시간이 오는데 바로 , . “ , 지금이야 라고 할 수 있습니다 지금입니다 지금해야 합니다 지금 지금은 계속됩니다 지금의 지!” . . . ... . 금이 또 지금의 지금입니다 계속해서 이어지는 것이지요 예배의 시작은 있지만 마침은 없습니다, . . , . 우리는 예배를 드리고 예배를 마치면 의무를 다했다고 생각합니다 아닙니다 예배는 계속됩니다, , . . . 예배는 그치지 않습니다 그래서 장소와 시간의 개념에서의 예배는 같은 것입니다. . 저는 이 사실을 제가 가장 좋아하는 로렌스 형제Brother Lawrence를 통해서 배우게 됩니다 로. 렌스 형제는 수사가 아니었습니다 그는 수도원의 요리사에 불과했습니다 그런 그가 하나님과 함께 . . 동행하는 삶을 삽니다 언제든지 그는 하나님과 함께 합니다 그리고 그가 책을 한 권 남겼는데 그 . . , 책의 이름이 바로 하나님의 임재연습“ The Practice of the Presence of God입니다 최근에 번역한 책에는 부”. 제가 있더군요 그 부제는 거룩한 생활의 최고의 규칙 이라고 되어 . “The Bes t Rule of Holy Life”, “ ” 있었습니다 우리의 삶에 최고의 법칙은 곧 하나님과 임재를 경험하는 것입니다 그 책은 하나님과 . . 항상 동행하는 삶에 대해서 강조합니다 그리고 로렌스 형제는 그 책에서 이렇게 고백합니다. . 밥을 먹을 때나 허드렛일을 할 때에도 심령을 그분께 올려드리십시오 아주 작고 사소해 보이는 순“. 간에 그분을 기억하는 것이 그분을 기쁘게 해드리기 때문입니다 로렌스 형제 .” 예배드리지 못하는 순간은 없습니다 언제나 예배를 드릴 수 있습니다 하나님은 항상 우리. . 와 함께 하시기 때문입니다 그래서 로렌스 형제는 밥을 먹을 때에도 하나님을 기억했습니다 허드. . 렛일 청소하고 사소한 일을 하는 순간에도 하나님을 예배했습니다 그는 일터에서 예배를 드렸습니, . 다 그의 방에서도 화장실에서도 잠을 자는 순간에도 하나님을 예배했습니다 그래서 그는 이렇게 . , , . 고백까지 합니다. - 6 - 나는 후라이팬의 계란을 뒤집을 때에도 하나님을 사랑하는 마음으로 뒤집는다 로렌스 형제“. ” 성경은 우리에게 지금을 강조합니다 당장을 강조합니다 제자들은 예수님의 부르심을 받. . 고 즉시 그물과 배를 버려두고 떠났습니다 사도 바울은 예수님을 다메섹에서 만났습니다 그리고 , . . 그가 일 후에 예수님을 증거합니다 그래서 그는 성령님을 통해서 고린도후서 장 절에서 이렇3. 6 2 b 게 선포합니다. 보라 지금은 은혜 받을 만한 때요 보라 지금은 구원의 날이로다 고린도후서 “” ( 6 : 2 b ) 지금입니다 미루지 말아야 합니다 언젠가 생각해서는 안 됩니다 저는 항상 기억하는 말. . . 이 있습니다 가장 파괴적인 단어는 나중이라는 단어이고 가장 생산적인 단어는 지금이라는 단어. “ , 다 라는 말이지요 예배를 미루지 마십시오 지금 드리십시오 예배가 멈추지 말게 하십시오 어느 .” . . . . 곳에 있든지 어느 때에든지 하나님을 기억하십시오 모든 순간이 하나님을 예배하는 시간이 되게 , . 하십시오 성령님을 통해 하는 사도 바울의 말을 한 번 더 들어보십시오. . 그런즉 너희가 먹든지 마시든지 무엇을 하든지 하나님의 영광을 위하여 하라 고린도전서 “” ( 1 0 : 3 1 ) 우리의 모든 시간 모든 행동이 하나님의 영광을 위하여 하는 예배가 되어야 합니다 골로, . 새서 장 절도 보십시오32 3 . 무슨 일을 하든지 마음을 다하여 주께 하듯 하고 사람에게 하듯 하지 말라 골로새서 “” ( 3 : 2 3 ) 모든 순간들이 하나님을 찬양하는 예배가 되게 하십시오 날마다 예배를 하십시오 매 순간. . 마다 하나님을 기억하십시오 예배를 꼭 노래로 국한시키면 장소로 제한하면 예배를 드리기가 힘이 . , , 듭니다 그러나 모든 언어가 하나님을 예배하는 것이 될 수 있습니다 화살기도라는 개념을 모두 다 . . 아시죠 저는 화살고백 아니면 화살예배라고도 말을 하고 싶습니다 좋은 날씨를 보면서 하나님을 ? ? . , 찬양하는 것입니다 좋은 것을 공급해주시는 하나님을 보면서 감사함으로 찬양할 수 있는 것입니다. . 순간마다 고백을 드리십시오 날마다 숨쉬는 순간마다 하나님을 경배하십시오 그렇게 함께하시는 . . 하나님께 예배하는 기쁨을 누리시길 기도합니다. 모든 것으로 하나님을 예배합니다3. Everything: . 예배 예배가 무엇일까요 아주 본질적인 것을 나누고자 합니다 과연 예배가 무엇일까요 예배를 , ? . , ? 원어적으로 살펴볼 필요가 있습니다 이 부분은 그냥 듣기만 하십시오 예배학 강의를 들으시거나. . , 찬양대에서 세미나를 하실 때에 기록하여 외우시면 됩니다 지금은 듣기만 하십시오 제가 오늘 예. . 배에 대한 단어를 히브리어에서는 단어 헬라어에서 단어 그리고 영어로 단어 그리고 한글로 5, 2, 2, 1 단어 총 가지의 단어를 알려드릴 것입니다 한 번 들어보기만 하십시오, 10 . . 히브리어입니다 첫째는 아바드 입니다 출애굽기 장 절과 민수기 장 절에 나오. ( ) . 9 1 18 2 는 단어로 섬긴다 돕다 봉사한다는 뜻이 있습니다 즉 노동과 행함을 뜻하는 것이지요 둘째는 사, . , . . 하 입니다 이 단어는 엎드린다 무릎을 꿇다 때로는 섬김다는 뜻도 있습니다 세 번째는 바락() . , , . 입니다 송축한다는 것인데 무릎을 꿇는다는 뜻이 있죠 네 번째는 야드 인데요 이것은 손() . , . ( ) . 을 말합니다 손을 들어서 찬양을 하는 것이지요 마지막 다섯 번째는 우리가 너무나 잘 아는 할랄. . ‘ ’ 입니다 이것은 기뻐한다는 것이지요 칭찬하고 자랑하고 찬양한다는 것입니다. . , , . 헬라어로 갈까요 첫째는 오늘 본문에 쓰인 프로스쿠네오 입니다 이것은 앞 상대의 발에 ? ‘ ’ . 키스를 한다는 것입니다 완전히 굽혀서 그 발에 키스를 하는 것은 존경의 표시입니다 인정의 표지. . 입니다 완전한 굴복을 뜻하는 것이지요 두 번째는 라이툴기아 입니다 로마서 장 절에서 영적. . ‘ ’ . 12 1 인 예배를 말할 때에 쓰이는 단어인데요 이것도 섬김과 봉사의 의미가 있습니다. . 그러면 영어와 한글을 볼까요 영어로는 워십 이 있습니다 이것은 가치를 드리는 ? ‘ worship’ . 것입니다 가치를 인정하는 것입니다 또한 예배를 우리는 서비스 라고도 합니다 이것은 섬. . ‘ service’ . 김과 봉사를 말하는 것이지요 한글로 예배는 예절을 뜻하는 예 와 절한다는 뜻의 배 가 합쳐져서 . ‘ ’ ‘ ’ 공손하게 마음을 절하는 일 이라고 말할 수 있습니다“” . 가지 모두 기억이 나십니까 다 기억을 못하셔도 됩니다 제가 이렇게 복잡하게 말씀을 10 ? . 드리는 이유는 단 한 가지입니다 모든 예배의 용어적인 정의는 우리를 위한 것이 아니라 상대를 위. 한 것입니다 상대를 칭찬하고 자랑하고 손을 뻗어서 경의를 표합니다 그리고 엎드리고 절하고 무. , , . , 릎을 꿇습니다 더 나아가서 상대를 섬기고 봉사하고 돕습니다 여기에서 단 한 가지의 정의를 내리. , . 고자 합니다. - 7 - 예배 란 예배하는 자를 위한 것 이 아니라 예배의 대상을 위한 것 이다“‘ ’ ‘ ’ ‘ ’ .” 이것 하나만 기억하면 됩니다 정의 하나만 더 말씀을 드릴까요. ? 예배 란 받는 것 이 아니라 드리는 것 이다“‘ ’ ‘ ’ ‘ ’ .” 이 두 가지만 기억하십시오 예배는 예배하는 사람들을 위한 것이 아니라 예배를 받으시는 . 하나님을 위한 것이라는 것과 예배는 예배하는 사람이 받고 누리는 것 이전에 예배를 받으시는 분께 드리는 것이라는 것을 기억해야 합니다 예배는 드리는 것입니다 헌신하는 것입니다 섬기는 것입니. . . 다 우선적으로 하나님을 위한 것입니다 우선적으로 드리는 것입니다 그런데 문제는 차적인 하나. . . 1 님과 드림을 뒤로 하고 차적인 예배하는 우리와 받음이 목적이 되어버렸습니다, 2 . 예배를 드리고 나서 어떤 느낌과 기쁨이 있었는지로 예배의 성패를 결정합니다 누가 설교, . 를 하느냐 어떤 팀이 찬양을 하느냐로 예배의 질을 판단합니다 하나님이 빠진 상태에서 예배를 생, . 각합니다 예배는 우리가 아닙니다 예배는 하나님을 향하는 것입니다 우리가 듣는 것이 아니라 우. . . 리가 고백하는 것입니다 예배의 주체는 우리가 아니라 하나님이십니다 그러므로 우리는 하나님을 . , . 향해야 합니다 하나님께 드리는 것이 필요합니다 이런 상황 속에서 예수님은 참된 예배 를 말씀하. . ‘ ’ 십니다 참된 예배를 이렇게 말씀하십니다 먼저 요한복음 장 절을 보십시오. . 4 23 . 아버지께 참되게 예배하는 자들은 영과 진리로 예배할 때가 오나니 곧 이때라 요한복음 “” ( 4 : 2 3 a ) 참되게 예배하는 자들은 영과 진리로 예배한다는 것입니다 그리고 한 번 더 정확하게 반복. 을 하십니다 요한복음 장 절입니다. 4 24 . 하나님은 영이시니 예배하는 자 들 가 영과 진리로 예배할지니라 요한복음 “( ) ” ( 4 : 2 4 ) 영과 진리로 예배하는 것이라고 말합니다 영으로 드리는 예배 진리로 드리는 예배가 진짜. , 라는 것입니다 예배를 드리는 것입니다 예배는 하나님께 드리는 것입니다 진리로 드리는 것은 곧 . . . 말씀대로 예배를 드리는 것입니다 마음대로 드리는 것이 아니라 말씀대로 드리는 것입니다 말씀에 . . 어긋나는 것 죄가 되는 것이 아니라는 것이지요 성경에서 계시하는 하나님을 있는 그대로 예배하, . 는 것입니다 그런데 저는 여기에서 영으로 예배를 드린다는 말씀에 조금은 더 주목하고 싶습니다. . 영으로 드린다는 것이 무엇일까요 그것은 바로 모든 것을 드리는 것이라고 저는 표현하고 ? 싶습니다 영이신 하나님께 우리의 영으로 반응하는 것 바로 우리의 모든 것을 드리는 것입니다 앞. , . 서 말씀을 드린 것처럼 예배는 음악만이 아닙니다 우리의 모든 것입니다 모든 수단으로 예배를 드, . . 리는 것입니다. 지난 수요일에 시편 편으로 말씀을 나누었습니다 그곳에서는 수많은 악기가 나옵니다150 . . 가지가 등장합니다 그 외에 성경에는 수많은 찬양의 모습이 등장합니다 우리의 가진 모든 것으로",주보 (2016-10-02)
2016-10-02,2016,10,기타행사,표어: 변화를 추구하는 지구촌교회,주보 (2016-10-02)
2016-10-02,2016,10,부흥회/집회,가을철부흥회 설교 CD세트: 지난 부흥집회 이동원 목사님의 설교 말씀 CD가 준비되었습니다. 책방에서 한 가정당 1 세트씩 무료로 가져가실 수 있습니다.,주보 (2016-10-02)
2016-10-02,2016,10,목회자 부임,남침례교단 지방회 사역을 위하여2. 생명나무 셀과 강동인 목자의 사역을 위하여3. 시설관리팀의 열매 맺는 사역을 위하여4. 담임목사 청빙 과정이 하나님의 은혜 안에서 진행되길 위하여5. 교육사역팀의 모든 선생님들이 신실하게 헌신하길 위하여,주보 (2016-10-02)
2016-10-02,2016,10,기타행사,"예배와모임출석예배와모임출석예배와모임출석1부예배 89영어중등부37신생아부172부예배203영어고등부49영어장년1433부예배405한어청소년5부합동4부예배189유초등부845부예배123유치부33수요예배65유아부24새벽기도251영아부14주간/주일출석: 1,726명주일출석: 1,410명건축헌금:$205.00일반헌금:$28,632.35참여가정수:310건축약정헌금:$3,014,312.00건축헌금누계:$2,274,265.70",주보 (2016-10-02)
2016-10-06,2016,10,행정,팀사역 모델로 행정체계 공식 전환 결정,50주년 역사벽
2016-10-08,2016,10,창립,"결혼: 유범석군(유기장/영숙 집사 장남)과 정선희양의 결혼식이 10/8(토) 4:30pm, 열린문교회에서 있습니다. 2016년10~12월사역일정10/16건축설명회및임시사무총회11/25~27감사절부흥집회(강사:이동원목사)10/29밀알의밤 12/16성탄절음악회11/6창립42주년기념주일12/24성탄이브예배11/7~19감사절특별새벽기도회12/25성탄예배11/20감사절예배12/31송구영신예배",주보 (2016-10-02)
2016-10-09,2016,10,기타행사,표어: 변화를 추구하는 지구촌교회,주보 (2016-10-09)
2016-10-09,2016,10,부흥회/집회,가을철부흥회 설교 CD세트: 지난 부흥집회 이동원 목사님의 설교 말씀 CD가 준비되었습니다. 책방에서 한 가정당 1 세트씩 무료로 가져가실 수 있습니다.,주보 (2016-10-09)
2016-10-09,2016,10,목회자 부임,남침례교단 국내선교부 사역을 위하여2. 서로돌봄 셀과 이재호 목자의 사역을 위하여3. 교육사역팀의 열매 맺는 사역을 위하여4. 담임목사 청빙 과정이 하나님의 은혜 안에서 진행되길 위하여5. 제77기 중보기도 헌신자들의 샤역에 하나님의 은혜가 함께하길 위하여,주보 (2016-10-09)
2016-10-09,2016,10,기타행사,"예배와모임출석예배와모임출석예배와모임출석1부예배 94영어중등부4부 합동신생아부262부예배194영어고등부4부 합동영어장년1483부예배359한어청소년5부 합동AWANA214부예배382유초등부4부 합동5부예배141유치부20/4부 합동수요예배62유아부14/4부 합동새벽기도218영아부11/4부 합동주간/주일출석: 1,690명주일출석: 1,389명건축헌금:$145.00일반헌금:$41,890.00참여가정수:310건축약정헌금:$3,014,312.00건축헌금누계:$2,274,410.70",주보 (2016-10-09)
2016-10-16,2016,10,회의/의회,건축설명회 및 임시사무총회 결과: 10/16(주일)에 있었던 건축설명회와 임시사무총회에서 건축에 관한 진행을 중단하는 것으로 결정하였습니다.,주보 (2016-10-09)
2016-10-16,2016,10,창립,"축하: 유경호/우영 가정 득남. ""제우(Asher)"" 10월 5일 출산2016년10~12월사역일정10/16건축설명회및임시사무총회11/25~27감사절부흥집회(강사:이동원목사)10/23주의만찬12/10성탄절음악회10/29밀알의밤 12/18연말제직회11/6창립42주년기념주일12/24성탄이브예배11/7~19감사절특별새벽기도회12/25성탄예배11/20감사절예배12/31송구영신예배",주보 (2016-10-09)
2016-10-16,2016,10,기타행사,표어: 변화를 추구하는 지구촌교회,주보 (2016-10-16)
2016-10-16,2016,10,창립,가을철부흥회 설교 CD세트: 지난 부흥집회 이동원 목사님의 설교 말씀 CD가 준비되었습니다. 책방에서 한 가정당 1 세트씩 무료로 가져가실 수 있습니다.2016년10~12월사역일정10/16건축설명회및임시사무총회11/25~27감사절부흥집회(강사:이동원목사)10/23주의만찬12/10성탄절음악회10/29밀알의밤 12/18연말제직회11/6창립42주년기념주일12/24성탄이브예배11/7~19감사절특별새벽기도회12/25성탄예배11/20감사절예배12/31송구영신예배,주보 (2016-10-16)
2016-10-16,2016,10,목회자 부임,남침례교단 국제선교부 사역을 위하여2. 가족 셀과 김민찬 목자의 사역을 위하여3. 선교사역팀의 열매 맺는 사역을 위하여4. 담임목사 청빙 과정이 하나님의 인도하심 따라 진행되길 위하여5. 허리케인 수해지역이 조속히 복구되고 이재민들에게하나님의 사랑이 전해지길 위하여,주보 (2016-10-16)
2016-10-16,2016,10,기타행사,"예배와모임출석예배와모임출석예배와모임출석1부예배100수요예배59유치부302부예배211새벽기도212유아부203부예배391영어고등부53영아부174부예배150영어중등부40신생아부155부예배118유초등부78영어장년148주간/주일출석: 1,642명주일출석: 1,371명건축헌금:$55.00일반헌금:$28,262.00참여가정수:310건축약정헌금:$3,014,312.00건축헌금누계:$2,274,465.70",주보 (2016-10-16)
2016-10-21,2016,10,창립,"천국입성: 오신근 집사님(이미환/이성우 집사 부친)께서 10/21(금) 하나님의 부르심을 받았습니다. 고별예배: 10/24(월) 8pm, 지구촌교회 본당 하관예배: 10/25(화) 11am2016년10~2017년1월사역일정10/23주의만찬12/10성탄절음악회10/29밀알의밤 12/18연말제직회11/6창립42주년기념주일12/24성탄이브예배11/7~19감사절특별새벽기도회12/25성탄예배11/20감사절예배12/31송구영신예배11/25~27감사절부흥집회(강사:이동원목사)1/2~7,2017신년특별새벽기도",주보 (2016-10-23)
2016-10-23,2016,10,기타행사,표어: 변화를 추구하는 지구촌교회,주보 (2016-10-23)
2016-10-23,2016,10,회의/의회,건축설명회 및 임시사무총회 결과: 지난 주일에 있었던 건축설명회와 임시사무총회에서 건축에 관한 진행을 중단하는 것으로 결정하였습니다.,주보 (2016-10-23)
2016-10-23,2016,10,목회자 부임,남침례교단 한인총회 사역을 위하여2. 사은 셀과 김영석 목자의 사역을 위하여3. 예배진행팀의 열매 맺는 사역을 위하여4. 담임목사 청빙 과정이 하나님의 인도하심 따라 진행되길 위하여5. 교육팀의 할렐루야 나이트에서 예수님의 승리가 선포되길 위하여,주보 (2016-10-23)
2016-10-23,2016,10,기타행사,"예배와모임출석예배와모임출석예배와모임출석1부예배98수요예배46유아부242부예배196새벽기도209영아부153부예배315영어고등부54신생아부224부예배182영어중등부33AWANA185부예배117유초등부74영어장년128유치부29주간/주일출석: 1,560명주일출석: 1,287명건축헌금:$125.00일반헌금:$27,895.84참여가정수:310건축약정헌금:$3,014,312.00건축헌금누계:$2,274,590.70",주보 (2016-10-23)
2016-10-30,2016,10,기타행사,표어: 변화를 추구하는 지구촌교회,주보 (2016-10-30)
2016-10-30,2016,10,창립,"지구촌교회 홈페이지가 새롭게 단장 되었습니다: 인터넷 www.gmcusa.org주일 설교말씀을 https://www.youtube.com 에서도 검색하여 들으실 수 있습니다.2016년사역일정10/30선교헌신자전체오리엔테이션12/10성탄절음악회11/6창립42주년기념주일12/18연말제직회11/7~19감사절특별새벽기도회12/24성탄이브예배11/132016년도새가족환영회12/25성탄예배11/20감사절예배12/31송구영신예배11/25~27감사절부흥집회(강사:이동원목사)1/2~7,2017신년특별새벽기도회",주보 (2016-10-30)
2016-10-30,2016,10,창립,남침례교단 한인총회 국내선교부 사역을 위하여2. 생명 셀의 사역을 위하여3. 목회지원팀의 열매 맺는 사역을 위하여4. 담임목사 청빙 과정이 하나님의 인도하심 따라 진행되길 위하여5. 창립 42주년을 맞이하는 우리교회가 말씀으로 견고하게세워지길 위하여,주보 (2016-10-30)
2016-10-30,2016,10,기타행사,"예배와모임출석예배와모임출석예배와모임출석1부예배87수요예배36유아부212부예배211새벽기도200영아부193부예배311영어고등부51신생아부154부예배161영어중등부37AWANA205부예배113유초등부70영어장년129유치부31주간/주일출석: 1,512명주일출석: 1,256명건축헌금:$50.00일반헌금:$29,410.76참여가정수:310건축약정헌금:$3,014,312.00건축헌금누계:$2,274,640.70",주보 (2016-10-30)
2016-11-05,2016,11,부흥회/집회,"천국입성: 윤종묵 장로님(윤미영/이호상 집사 부친)께서 11/5(토) 한국에서 하나님의 부르심을 받았습니다. 2016년사역일정11/7~19감사절특별새벽기도회12/18연말제직회11/132016년도새가족환영회12/24성탄이브예배11/20감사절예배12/25성탄예배11/25~27감사절부흥집회(강사:이동원목사)12/31송구영신예배12/10성탄절음악회1/2~7,2017신년특별새벽기도회",주보 (2016-11-13)
2016-11-06,2016,11,창립,"창립 42주년 예배: 다음 주일(11/6)은 우리 교회 42주년 창립기념주일입니다. 지금까지 인도하신, 그리고 앞으로도 인도하실 하나님께 감사하며 귀한 소망을 모두 함께 품읍시다.감사절특별새벽기도“성전에올라가서감사하라”5:30am 인도: 지구촌 사역자들11/7(월)임광그래도(시편120)11/14(월)임광동행(시편128)11/8(화)김우준도움(시편121)11/15(화)김우준승리(시편129)11/9(수)배익호평안(시편122)11/16(수)배익호용서(시편130)11/10(목)장석준위로자(시편123-124)11/17(목)장석준안식(시편131)11/11(금)최인돈기쁨(시편125-126)11/18(금)최인돈공급(시편132)11/12(토)임광소망(시편127)11/19(토)임광우리(시편133-134)",주보 (2016-10-30)
2016-11-06,2016,11,기타행사,표어: 변화를 추구하는 지구촌교회,주보 (2016-11-06)
2016-11-06,2016,11,창립,"창립 42주년 예배: 지금까지 인도하신, 그리고 앞으로도 인도하실 하나님께 감사하며 귀한 소망을 모두 함께 품읍시다. ►오늘 점심은 무료로 제공됩니다.",주보 (2016-11-06)
2016-11-06,2016,11,목회자 부임,남침례교단 한인총회 국제선교부 사역을 위하여2. 향기로운 셀의 사역을 위하여3. 새교우팀의 열매 맺는 사역을 위하여4. 담임목사 청빙 과정이 하나님의 인도하심 따라 진행되길 위하여5. 은혜에 감사하는 감사절 특별새벽기도가 되길 위하여,주보 (2016-11-06)
2016-11-06,2016,11,기타행사,"예배와모임출석예배와모임출석예배와모임출석1부예배85수요예배43유아부242부예배180새벽기도234영아부173부예배348영어고등부56신생아부174부예배182영어중등부36AWANA225부예배123유초등부77영어장년140유치부35주간/주일출석: 1,619명주일출석: 1,320명건축헌금:$145.00일반헌금:$29,995.96참여가정수:310건축약정헌금:$3,014,312.00건축헌금누계:$2,274,785.70",주보 (2016-11-06)
2016-11-07,2016,11,기타행사,감사절 특별새벽기도회: 일시: 11/7(월)~11/19(토) 5:30am 강사: 지구촌 사역자들주제: 그래도/도움/평안/위로자/기쁨/소망/동행/승리/용서/안식/공급/우리,주보 (2016-10-23)
2016-11-07,2016,11,기타행사,감사절 특별새벽기도: 내일(11/7)부터 감사절 특별새벽기도가 시작합니다. 감사의 기쁨을 누리는 특별새벽기도에 모든 성도들을 초대합니다. 감사절특별새벽기도“성전에올라가서감사하라”5:30am 인도: 지구촌 사역자들11/7(월)임광그래도(시편120)11/14(월)임광동행(시편128)11/8(화)김우준도움(시편121)11/15(화)김우준승리(시편129)11/9(수)배익호평안(시편122)11/16(수)배익호용서(시편130)11/10(목)장석준위로자(시편123-124)11/17(목)장석준안식(시편131)11/11(금)최인돈기쁨(시편125-126)11/18(금)최인돈공급(시편132)11/12(토)임광소망(시편127)11/19(토)임광우리(시편133-134),주보 (2016-11-06)
2016-11-13,2016,11,기타행사,표어: 변화를 추구하는 지구촌교회,주보 (2016-11-13)
2016-11-13,2016,11,성례,구원의 확신이 있는 분으로서 침례나 세례를 받은 분,주보 (2016-11-13)
2016-11-13,2016,11,기타행사,"예배와모임출석예배와모임출석예배와모임출석1부예배88수요예배38유아부272부예배198새벽기도459영아부163부예배358영어고등부53신생아부124부예배161영어중등부43AWANA225부예배116유초등부62영어장년125유치부32주간/주일출석: 1,810명주일출석: 1,291명건축헌금:$50.00일반헌금:$45,352.92참여가정수:310건축약정헌금:$3,014,312.00건축헌금누계:$2,274,835.70",주보 (2016-11-13)
2016-11-14,2016,11,기타행사,감사절 특별새벽기도: 감사의 기쁨을 누리는 특별새벽기도에 모든 성도들을 초대합니다. 감사절특별새벽기도“성전에올라가서감사하라”5:30am 인도: 지구촌 사역자들11/14(월)임광동행(시편128)11/17(목)장석준안식(시편131)11/15(화)김우준승리(시편129)11/18(금)최인돈공급(시편132)11/16(수)배익호용서(시편130)11/19(토)임광우리(시편133-134),주보 (2016-11-13)
2016-11-18,2016,11,회의/의회,"사무총회록 팀별 사역보고/계획서: 각 사역팀에서는 2016~2017년도 사역보고서/계획서를 배익호 목사(817-789-5763, ikhobae@gmail.com)께 제출해 주시기 바랍니다. 마감일: 11/18(금)",주보 (2016-11-06)
2016-11-20,2016,11,기타행사,표어: 변화를 추구하는 지구촌교회,주보 (2016-11-20)
2016-11-20,2016,11,성례,구원의 확신이 있는 분으로서 침례나 세례를 받은 분,주보 (2016-11-20)
2016-11-20,2016,11,기타행사,"예배와모임출석예배와모임출석예배와모임출석1부 예배105수요예배47유 아 부242부 예배197새벽기도 457영 아 부173부 예배383영어고등부 53신생아부134부 예배164영어중등부 36AWANA215부 예배114 유초등부66영어 장년127유 치 부34주간/주일출석: 1,858명주일출석: 1,333명건축헌금:$25.00일반헌금:$26,944.00참여가정수:310건축약정헌금:$3,014,312.00건축헌금누계:$2,274,860.70",주보 (2016-11-20)
2016-11-25,2016,11,부흥회/집회,"감사의 능력이 감사절부흥회(이동원 목사님)와 교회에 충만하길 위하여 감사절 부흥회주제: 감사로 새로운 출발을!강사: 이동원 목사일시: 11/25(금) ~ 27(주일)감사의 절기를 맞이하여 다시 한 번 이동원 목사님을 모시고 부흥집회를 가집니다. 모두 감사하는 마음으로 집회 참석하여 말씀의 은혜와 기쁨을 누리시길 소망합니다. (집회기간 동안 베이비, 차일드 캐어가 제공될 예정입니다)11/25(금)저녁 7:30창조에 대한 감사 (창 1:1, 27~28)11/26(토)새벽 5:30고통에 대한 감사 (출 15:22~27)11/26(토)저녁 7:30일상에 대한 감사(살전 5:16~18)11/27(주일)각 예배위기에 대한 감사 (요 2:1~11)(집회기간 동안 소망회 운전과 차일드 캐어로 섬겨주실 분은 자원해 주시기 바랍니다)",주보 (2016-11-20)
2016-11-27,2016,11,회의/의회,"사무총회록 팀별 사역보고/계획서: 각 사역팀에서는 2016~2017년도 사역보고서/계획서를 11/27(주일)까지 배익호 목사(817-789-5763, ikhobae@gmail.com)께 제출해 주시기 바랍니다.",주보 (2016-11-20)
2016-11-27,2016,11,기타행사,표어: 변화를 추구하는 지구촌교회,주보 (2016-11-27)
2016-11-27,2016,11,성례,구원의 확신이 있는 분으로서 침례나 세례를 받은 분,주보 (2016-11-27)
2016-11-27,2016,11,기타행사,"예배와모임출석예배와모임출석예배와모임출석1부예배101수요예배48유아부222부예배209새벽기도314영아부163부예배358영어고등부51신생아부144부예배184영어중등부445부예배105유초등부76영어장년113유치부30주간/주일출석: 1,685명주일출석: 1,323명건축헌금:$35.00일반헌금:$55,737.01참여가정수:310건축약정헌금:$3,014,312.00건축헌금누계:$2,274,895.70",주보 (2016-11-27)
2016-12-04,2016,12,기타행사,표어: 변화를 추구하는 지구촌교회,주보 (2016-12-04)
2016-12-04,2016,12,성례,구원의 확신이 있는 분으로서 침례나 세례를 받은 분,주보 (2016-12-04)
2016-12-04,2016,12,회의/의회,"운영규정 검토위원회: 헌장 및 운영규정 개정을 위해 12/4(오늘)까지 오전8시-오후12:30, 다목적대강당 Booth에서 성도님들의 의견을 수렴, 반영하길 원합니다. 이후에도 계속해서 성도님들의 의견을 이메일 (gmclaws@googlegroups.com)로 보내 주시면 감사하겠습니다. 문의: 240-383-8464적극적인 참여와 협조 부탁드립니다.2016~2017년사역일정12/107:30pm성탄절음악회12/25각예배성탄예배12/181:45pm연말제직회12/3110:30pm송구영신예배12/247:30pm성탄이브예배1/2~7,2017신년특별새벽기도회",주보 (2016-12-04)
2016-12-04,2016,12,특별행사,홍은선 선교사의 사역을 위하여3.가정사역팀의 사역을 통해 성도들 가정의 행복이 넘치길 위하여4. 성탄의 기쁨과 감사가 풍성한 성탄음악회가 되길 위하여,주보 (2016-12-04)
2016-12-04,2016,12,부흥회/집회,"예배와모임출석예배와모임출석예배와모임출석1부예배81수요예배49유아부292부예배213새벽기도370영아부183부예배386영어고등부44신생아부144부예배200영어중등부35AWANA155부예배110유초등부70감사절부흥회300영어장년113유치부28 313주간/주일출석: 2,388명주일출석: 1,341명건축헌금:$145.00일반헌금:$39,423.77참여가정수:310건축약정헌금:$3,014,312.00건축헌금누계:$2,275,040.70",주보 (2016-12-04)
2016-12-05,2016,12,선교,수요찬양예배저녁7:30-고창단기선교선교보고/설교:배익호목사기도: 최한규 집사새벽기도회(월-토새벽5:30)월(12/5)화(12/6)수(12/7)목(12/8)금(12/9)토(12/10)장석준(전도서 2:18~26)장석준(전도서 3:1~15)장석준(전도서 3:16~22)장석준(전도서 4:1~6)장석준(전도서 4:7~16)임 광(전도서 5:1~7),주보 (2016-12-04)
2016-12-10,2016,12,창립,"지구촌교회 홈페이지가 새롭게 단장 되었습니다: 인터넷 www.gmcusa.org주일 설교말씀을 https://www.youtube.com 에서도 검색하여 들으실 수 있습니다.2016년사역일정 12/10성탄절음악회11/6창립42주년기념주일12/18연말제직회11/7~19감사절특별새벽기도회12/24성탄이브예배11/132016년도새가족환영회12/25성탄예배11/20감사절예배12/31송구영신예배11/25~27감사절부흥집회(강사:이동원목사)1/2~7,2017신년특별새벽기도회",주보 (2016-11-06)
2016-12-10,2016,12,특별행사,성탄음악회-메시야: 일시: 12/10(토) 7:30pm 장소: 본당. 연합찬양대가 준비한 음악회에 많은 성도님들이 참석하여 성탄을 축하해 주시기 바랍니다. 문의: 이권형 장로(301-661-5174)► Baby Sitting있습니다. 6pm부터 강당에서 간단한 저녁식사가 준비됩니다.,주보 (2016-11-27)
2016-12-11,2016,12,은퇴,우리 교회에 등록하고 2년 이상 경과된 분 (예전에 우리 교회 서리집사로 섬기시던 분 중에서 70세 이상인 분은 교회 헌장에 의해서 명예은퇴집사로 섬기게 됨) 제직 추천서를 받으시면 제직 헌신서약서를 12/11(주일)까지 교회 사무실로 제출해 주시기 바랍니다. 문의: 임광 목사(323-788-4138),주보 (2016-11-13)
2016-12-11,2016,12,부흥회/집회,"우리 교회에 등록하고 2년 이상 경과된 분 (예전에 우리 교회 서리집사로 섬기시던 분 중에서 70세 이상인 분은 교회 헌장에 의해서 명예은퇴집사로 섬기게 됨) 제직 추천서를 받으시면 제직 헌신서약서를 12/11(주일)까지 교회 사무실로 제출해 주시기 바랍니다. 문의: 임광 목사(323-788-4138)2016년사역일정11/20감사절예배12/24성탄이브예배11/25~27감사절부흥집회(강사:이동원목사)12/25성탄예배12/10성탄절음악회12/31송구영신예배12/18연말제직회1/2~7,2017신년특별새벽기도회",주보 (2016-11-20)
2016-12-11,2016,12,기타행사,표어: 변화를 추구하는 지구촌교회,주보 (2016-12-11)
2016-12-11,2016,12,선교,파송선교사 성탄카드 보내기: 일시: 12/11(오늘) 장소: 다목적대강당 지구촌교회 파송 선교사님들을 위한 성탄 카드와 헌금에 기도하는 마음으로 동참해주시면 감사하겠습니다.,주보 (2016-12-11)
2016-12-11,2016,12,성례,구원의 확신이 있는 분으로서 침례나 세례를 받은 분,주보 (2016-12-11)
2016-12-11,2016,12,부흥회/집회,"감사절부흥회 설교 CD세트: 지난 부흥집회 이동원 목사님의 설교 말씀 CD가 준비되었습니다. 책방에서 한 가정 당 1 세트씩 무료로 가져가실 수 있습니다.2016~2017년사역일정12/181:45pm연말제직회1/2-7,20175:30am신년특별새벽기도회12/247:00pm성탄이브예배1/221:45pm사무총회12/25각예배성탄예배1/22제자훈련겨울학기시작12/3110:45pm송구영신예배1/27-29청년부겨울수련회",주보 (2016-12-11)
2016-12-11,2016,12,훈련/수련회,북미주 유학생 수련회(KOSTA) 사역을 위하여3.위튼 셀과 정화자 목자의 사역을 위하여,주보 (2016-12-11)
2016-12-11,2016,12,기타행사,"예배와모임출석예배와모임출석예배와모임출석1부예배80수요예배51유아부282부예배195새벽기도264영아부173부예배379영어고등부45신생아부124부예배170영어중등부34AWANA195부예배103유초등부74영어장년144유치부33주간/주일출석: 1,648명주일출석: 1,314명건축헌금:$45.00일반헌금:$44,380.00참여가정수:310건축약정헌금:$3,014,312.00건축헌금누계:$2,275,085.70",주보 (2016-12-11)
2016-12-18,2016,12,회의/의회,"연말제직회: 일시: 12/18(주일), 1:45pm 장소: 커버넌트 채플사무실에서 지난 제직회 회의록을 열람할 수 있습니다.",주보 (2016-12-11)
2016-12-18,2016,12,은퇴,우리 교회에 등록하고 2년 이상 경과된 분 (예전에 우리 교회 서리집사로 섬기시던 분 중에서 70세 이상인 분은 교회 헌장에 의해서 명예은퇴집사로 섬기게 됨) 제직 추천서를 받으시면 제직 헌신서약서를 12/18(주일)까지 교회 사무실로 제출해 주시기 바랍니다. 문의: 임광 목사(323-788-4138),주보 (2016-12-11)
2016-12-18,2016,12,회의/의회,운영규정 검토위원회: 12/18(주일) 제직회에서 그동한 활동내용과 결과을 보고드리겠습니다. 그리고 또한 앞으로도 헌장 및 운영규정 개정을 위해 계속해서 성도님들의 의견을 이메일로 접수받습니다. 적극적인 참여와 협조 부탁드립니다. 이메일: gmclaws@googlegroups.com,주보 (2016-12-11)
2016-12-18,2016,12,기타행사,표어: 변화를 추구하는 지구촌교회,주보 (2016-12-18)
2016-12-18,2016,12,성례,"성탄예배: 12월25일(주일), 각 예배 ► 침례식: 성탄예배 때 침례받기를 원하시는 분은 지역목회자에게 신청바랍니다.문의: 배익호 목사(817-789-5763)► 라티문 성탄헌금: 해외선교에 100% 사용되는 선교헌금에 적극적으로 동참해 주시면 감사하겠습니다. 헌금: 12/18(오늘), 12/25(주일)",주보 (2016-12-18)
2016-12-18,2016,12,성례,구원의 확신이 있는 분으로서 침례나 세례를 받은 분,주보 (2016-12-18)
2016-12-18,2016,12,부흥회/집회,감사절부흥회 설교 CD세트: 지난 부흥집회 이동원 목사님의 설교 말씀 CD가 준비되었습니다. 책방에서 한 가정 당 1세트씩 무료로 가져가실 수 있습니다.,주보 (2016-12-18)
2016-12-18,2016,12,회의/의회,"회계실 직원: 회계실에서 근무할 유급 직원을 구합니다. 문의: 임광 목사(323-788-4138)2016~2017년사역일정12/181:45pm연말제직회1/2-7,20175:30am신년특별새벽기도회12/247:00pm성탄이브예배1/221:45pm사무총회12/25각예배성탄예배1/22제자훈련겨울학기시작12/3110:45pm송구영신예배1/27-29청년부겨울수련회",주보 (2016-12-18)
2016-12-18,2016,12,기타행사,"예배와모임출석예배와모임출석예배와모임출석1부예배84수요예배37유아부242부예배184새벽기도264영아부113부예배384영어고등부46신생아부104부예배150영어중등부35AWANA165부예배105유초등부82영어장년125유치부36주간/주일출석: 1,596명주일출석: 1,279명건축헌금:일반헌금:$33,263.00참여가정수:310건축약정헌금:$3,014,312.00건축헌금누계:$2,275,085.70",주보 (2016-12-18)
2016-12-20,2016,12,회의/의회,"축하: 이성배/현주 성도 가정에 12/20(화) 딸 서인(Ella)이 출생했습니다.2016~2017년사역일정12/25각예배성탄예배,침례식,라티문헌금1/151:45pm임시제직회12/3110:45pm송구영신예배1/22제자훈련겨울학기시작1/1,2017신년예배1/27-29청년부겨울수련회1/2-7,20175:30am신년특별새벽기도회1/291:45pm정기사무총회",주보 (2016-12-25)
2016-12-23,2016,12,목회자 부임,사임: 김우준 목사님이 12/23(금) 사임하고 토렌스 조은교회 담임 목사님으로 부임 하십니다.,주보 (2016-12-18)
2016-12-25,2016,12,성례,"성탄예배: 12월25일(주일), 각 예배 ► 침례식: 성탄예배 때 침례받기를 원하시는 분은 지역목회자에게 신청바랍니다. 문의: 배익호 목사(817-789-5763)► 라티문 성탄헌금: 해외선교에 100% 사용되는 선교헌금에 적극적으로 동참해 주시면 감사하겠습니다.",주보 (2016-12-11)
2016-12-25,2016,12,기타행사,표어: 변화를 추구하는 지구촌교회,주보 (2016-12-25)
2016-12-25,2016,12,부흥회/집회,감사절부흥회 설교 CD세트: 지난 부흥집회 이동원 목사님의 설교 말씀 CD가 준비되었습니다. 책방에서 한 가정 당 1세트씩 무료로 가져가실 수 있습니다.,주보 (2016-12-25)
2016-12-25,2016,12,기타행사,"예배와모임출석예배와모임출석예배와모임출석1부예배89수요예배37유아부232부예배194새벽기도339영아부53부예배383영어고등부53신생아부174부예배158영어중등부39AWANA205부예배106유초등부65영어장년114유치부30주간/주일출석: 1,672명 주일출석: 1,276명건축헌금:$150.00일반헌금:$31,155.64성탄헌금:$1,120.00참여가정수:310건축약정헌금:$3,014,312.00건축헌금누계:$2,275,235.70",주보 (2016-12-25)
2016-12-28,2016,12,훈련/수련회,"영어중고등부 겨울 수련회: 영어중고등부 겨울 수련회가 있습니다. 많은 성도들의 관심과 기도 부탁드립니다. 일시: 12/28~30 장소: Black Rock Retreat(1345 Kirkwood Pike. Quarryville PA 17566) 회비: $135(12/4 마감) 강사: 고등부-안종설 목사, 중등부-이빌립 전도사문의: 안종설 목사(512-633-9220) 이빌립 전도사(240-383-7862)",주보 (2016-12-04)
2016-12-29,2016,12,회의/의회,"천국입성: 문종희 집사님(심재헌/효재 집사 모친)께서 지난 12/29(목) 하나님의 부르심을 받 았습니다. 고별예배: 1/2(월) 7pm, 지구촌교회 본당 2017년 사역일정 1/2-7, 2017 5:30am 신년 특별새벽기도회 1/21 이웃사랑팀 양로원 사역 시작 1/15 1:45pm 임시제직회 1/27-29 청년부 겨울 수련회 1/13 청년부 목자 모임 시작 1/29 1:45pm 사무총회 1/22 제자훈련 겨울학기 시작",주보 (2017-01-01)
2016-12-31,2016,12,기타행사,"송구영신예배: 금년 송구영신예배가 새로운 모습으로 진행됩니다. 2016년을 마무리하고 2017년을 은혜 안에서 맞이하는 자리에 모든 성도님들을 초대합니다. 일시: 12/31(토) 10:45pm신년특별새벽기도회“예수님을생각나게하는사람들”1/2(월)~1/7(토), 5:30am 인도: 지구촌 사역자들1/2(월)임광우리는예수님의사람들입니다. (고린도후서4:8~15)1/3(화)배익호예수님의치유하심을생각나게하는사람들(누가복음19:1~10)1/4(수)장석준예수님의지탱하심을생각나게하는사람들(마태복음11:28~30)1/5(목)최인돈예수님의인도하심을생각나게하는사람들(이사야57:14~21)1/6(금)배익호예수님의사랑하심을생각나게하는사람들(요한복음11:1~44)1/7(토)임광우리는예수님을생각나게하는사람들입니다.(고린도후서4:3~7)",주보 (2016-12-25)
2017-01-01,2017,1,기타행사,년도 표어 ◆ “예수님을 생각나게 하는 사람들”,주보 (2017-01-01)
2017-01-01,2017,1,기타행사,"년 교회 표어: “예수님을 생각나게 하는 사람들(The Living Reminder of Jesus)” (마태복음 5:16) 우리 교회와 온 성도들 2017년 예수님을 생각나게 하는 사람들이 되길 소망하며, 그렇게 세워지길 기도합니다.",주보 (2017-01-01)
2017-01-01,2017,1,기타행사,"주일 점심: 1/1(오늘) 설날입니다. 강당에서 떡을 나누어 드립니다. 성도들과 함께 친교의 시간을 가지시길 바랍니다. 신년 특별새벽기도회 “예수님을 생각나게 하는 사람들” 1/2(월)~1/7(토), 5:30am 인도: 지구촌 사역자들 1/2 (월) 임 광 우리는 예수님의 사람들입니다. (고린도후서 4:8~15) 1/3 (화) 배익호 예수님의 치유하심을 생각나게 하는 사람들 (누가복음 19:1~10) 1/4 (수) 장석준 예수님의 지탱하심을 생각나게 하는 사람들 (마태복음 11:28~30) 1/5 (목) 최인돈 예수님의 인도하심을 생각나게 하는 사람들 (이사야 57:14~21) 1/6 (금) 배익호 예수님의 사랑하심을 생각나게 하는 사람들 (요한복음 11:1~44) 1/7 (토) 임 광 우리는 예수님을 생각나게 하는 사람들입니다. (고린도후서 4:3~7)",주보 (2017-01-01)
2017-01-01,2017,1,기타행사,y 축하: 박일환 집사님이 영어로 쓴 “신명기 6:4-7”과 “주기도문”이 청주 직지세계문자서예대전의 특별초대작품으로 전시되었습니다.,주보 (2017-01-01)
2017-01-02,2017,1,기타행사,"신년특별새벽기도회: 주제: 예수님을 생각나게 하는 사람들 강사: 지구촌 사역자들일시: 1/2(월)~1/7(토), 5:30am",주보 (2016-12-18)
2017-01-02,2017,1,기타행사,특별새벽기도회 감사: 1/2~1/7까지 “예수님을 생각나게 하는 사람들” 특별새벽기도회가 은혜 중에 마쳤습니다. 참여와 섬김과 기도로 함께 해주신 모든 분들께 감사합니다.,주보 (2017-01-08)
2017-01-08,2017,1,기타행사,년도 표어 ◆ “예수님을 생각나게 하는 사람들”,주보 (2017-01-08)
2017-01-08,2017,1,기타행사,"년 교회 표어: “예수님을 생각나게 하는 사람들(The Living Reminder of Jesus)” (마태복음 5:16) 우리 교회와 온 성도들이 2017년 예수님을 생각나게 하는 사람들이 되길 소망하며, 그렇게 세워지길 기도합니다.",주보 (2017-01-08)
2017-01-08,2017,1,기타행사,헌장 및 운영규정 개정위원회 공청회: 일시: 1/8(오늘) 1pm 장소: 찬양대실 관심있는 성도님들의 많은 참여 부탁드립니다.,주보 (2017-01-08)
2017-01-11,2017,1,회의/의회,회계실 직원: 회계실에서 근무할 유급 직원을 구합니다. 마감: 1/11(수) 문의: 임광 목사(323-788-4138) 2017년 사역일정 1/15 1:45pm 임시제직회 1/27-29 청년부 겨울 수련회 1/13 청년부 목자 모임 시작 1/29 선교헌신주일 1/21 이웃사랑팀 양로원 사역 시작 1/29 1:45pm 사무총회 1/22 제자훈련 겨울학기 시작,주보 (2017-01-08)
2017-01-14,2017,1,세미나,"창세기 세미나: 일시: 1/14(토) 3-6pm 장소: 커버넌트채플 대상: 부모님들, 주일학교 선생님들, 관심이라는 모든 분 강사: 안종설 목사",주보 (2017-01-08)
2017-01-15,2017,1,목회자 부임,"임시제직회: 일시: 1/15(주일), 1:45pm 장소: 커버넌트 채플 ► 안건: ① 결산 보고 ② 2017년도 섬기는 사람 명단 확인 ③ 건축 추후관리위원회 선정 ④ 담임목사 청빙을 위한 운영규정 개정",주보 (2017-01-01)
2017-01-15,2017,1,선교,"베트남 단기선교팀 물품후원 모집: 3월 초에 있을 베트남 단기선교팀에서 후원 물품을 집합니다. 수집 품목: 가정상비약, 비타민, 캔디, 학용품, 풍선, 치약, 칫솔, 1회용 비누, 샴푸, 깨끗한 옷가지, 넥타이, 타올 등. 모집기간: 1/15~3/5/17 문의: 홍명순 집사(301-219-3432)",주보 (2017-01-22)
2017-01-22,2017,1,기타행사,표어: 예수님을 생각나게 하는 사람들,주보 (2017-01-22)
2017-01-27,2017,1,훈련/수련회,청년부 겨울 수련회가 1/27~29에 진행됩니다. 기도와 관심 부탁드립니다. 강사: 이지형 목사(풀러신학교) 장소: Skycroft Conference Center 주제: 예수 따라가기 24/7,주보 (2017-01-22)
2017-01-29,2017,1,회의/의회,정기사무총회: 일시: 1/29(주일) 1:45pm 장소: 다목적대강당,주보 (2017-01-22)
2017-01-29,2017,1,기타행사,표어: 예수님을 생각나게 하는 사람들,주보 (2017-01-29)
2017-02-04,2017,2,세미나,"창세기 세미나: 일시: 2/4(토) 9:30am-12:30pm 장소: 커버넌트채플 대상: 부모님들, 주일학교 선생님들, 관심있는 모든 분 강사: 안종설 목사",주보 (2017-01-22)
2017-02-05,2017,2,목회자 부임,"청빙위원회 소식: 강당에 부쓰에서 미션 스터디를 진행하고 있습니다. 이는 담임 목사님 청빙을 위한 기초 작업의 일환으로 10명 이하의 소그룹으로 진행되며 약 20분 정도 소요 됩니다. 관심 있는 분들은 1월 말까지 주일 11:20am~1pm에 강당에 설치된 청빙위원회 11.헌장및운영규정 개정위원회 공청회: 일시: 2/5(주일) 1pm, 장소: 찬양대실 실행위원회/안수집사/집사장/은퇴제직에 관한 것을 주요 안건으로 하는 2차 공청회를 실시합니다. 성도님들의 많은 참여 부탁드립니다. 문의: gmclaws@googlegroups.com 2017년 사역일정 1/22 제자훈련 겨울학기 시작 1/29 소망회 구정잔치 1/27-29 청년부 겨울 수련회 2/5 중보기도세미나 시작 1/29 1:45pm 사무총회 2/11 시니어토요학교 시작 1/29 선교헌신주일",주보 (2017-01-22)
2017-02-05,2017,2,선교,"헌장및운영규정 개정위원회 공청회: 일시: 2/5(주일) 1pm, 장소: 찬양대실 실행위원회/안수집사/집사장/은퇴제직에 관한 것을 주요 안건으로 하는 2차 공청회를 실시합니다. 성도님들의 많은 참여 부탁드립니다. 문의: gmclaws@googlegroups.com 2017년 사역일정 2/4 교육부 창세기 세미나 2/12 제78기 중보기도사역 시작 2/5 중보기도 세미나 시작 2/18~19 어노인팅 초청 찬양 집회 2/5 전도폭발 무장사역 시작 2/19 단기선교 전체 오리엔테이션 2/11 시니어토요학교 시작 2/25 삼일절 구국기도예배",주보 (2017-01-29)
2017-02-05,2017,2,기타행사,표어: 예수님을 생각나게 하는 사람들,주보 (2017-02-05)
2017-02-05,2017,2,임직/안수,"헌장 및 운영규정 개정위원회 공청회: 일시: 2/5(오늘) 1pm, 장소: 찬양대실 실행위원회/안수집사/집사장/은퇴제직에 관한 것을 주요 안건으로 하는 2차 공청회를 실시합니다. 성도님들의 많은 참여 부탁드립니다. 문의: gmclaws@googlegroups.com",주보 (2017-02-05)
2017-02-10,2017,2,훈련/수련회,교역자 동정: 임광 목사: 2/10~2/12 “대학 청년 연합 수련회”(VA) 인도.,주보 (2017-02-12)
2017-02-12,2017,2,기타행사,표어: 예수님을 생각나게 하는 사람들,주보 (2017-02-12)
2017-02-12,2017,2,세미나,"중보기도세미나: 78기 중보기도사역자와 기도를 배우기 원하는 분들을 대상으로 중보기도 세미나가 열립니다. 많은 관심과 참여를 바랍니다. 문의: 장석준 목사(607-229-5926) ➨ 78기 중보기도 헌신자 모집 사역기간: 2/12~6/10(17주간) 중보기도 세미나 일정 10:15~11:30am, 326호 1주차 (2/5) 왜 기도해야 할까? (장석준 목사) 2주차 (2/12) 무엇을 위해 기도 해야 할 것인가? (장석준 목사) 3주차 (2/19) 어떻게 기도할 것인가: (임 광 목사) 4주차 (2/26) 기도의 응답과 결과 (장석준 목사)",주보 (2017-02-12)
2017-02-12,2017,2,회의/의회,"건축 후속 위원회: 제직회 결정으로 소집된 본 위원회가 2/12(주일) 첫 모임을 가졌습 니다. 위원: 이백규(위원장), 예인철(서기), 박지원(회계), 김학재, 안철환, 건축재정 감사 소위원: 김봉준, 이종철, 박지원",주보 (2017-02-26)
2017-02-18,2017,2,부흥회/집회,"어노인팅 초청 찬양집회: 2/18(토) 저녁 6시에 어노인팅 찬양팀과 함께 하는 기도와 찬양 의 밤 행사가 있습니다. 아울러 2/19 주일 오후12시에 4,5부 예배를 통합하여 어노인팅 찬 양팀과 함께 예배를 드립니다. 많은 관심과 참여를 부탁드립니다.",주보 (2017-02-05)
2017-02-18,2017,2,선교,"천국입성: 고 최복순 권사(김종우/정은, 김종대/도정숙 모친)께서 2/18(토)에 하나님의 부르심을 받았습니다. 고별예배를 은혜 중에 마쳤습니다. 2017년 사역일정 3/4 중보기도 월례모임/여성 상담 세미나 3/11 시니어토요학교 3/5 주의만찬 3/12 Daylight Savings 시작 3/6~3/16 베트남 단기선교 3/12~5/28 봄학기 제자훈련 3/5~5/28 제60기 전도폭발 정규훈련 3/16~6/1 여성/남성 제자반",주보 (2017-02-26)
2017-02-19,2017,2,기타행사,"헌장 및 운영규정 개정위원회: 3차 공청회를 실시합니다. 일시: 2/19(주일) 1pm, 장소: 찬양대실 성도님들의 많은 참여 부탁드립니다. 문의: gmclaws@googlegroups.com",주보 (2017-02-12)
2017-02-19,2017,2,기타행사,표어: 예수님을 생각나게 하는 사람들,주보 (2017-02-19)
2017-02-19,2017,2,부흥회/집회,"어노인팅 초청 찬양집회: 2/19(오늘) 오후 12시에 4,5부 예배를 통합하여 어노인팅 찬양팀과 함께 예배를 드립니다. 많은 관심과 참여를 부탁드립니다.",주보 (2017-02-19)
2017-02-19,2017,2,세미나,"중보기도세미나: 78기 중보기도사역자와 기도를 배우기 원하는 분들을 대상으로 중보기도 세미나가 열립니다. 많은 관심과 참여를 바랍니다. 문의: 장석준 목사(607-229-5926) 중보기도 세미나 일정 10:15~11:30am, 326호 3주차 (2/19) 어떻게 기도할 것인가: (임 광 목사) 4주차 (2/26) 기도의 응답과 결과 (장석준 목사)",주보 (2017-02-19)
2017-02-19,2017,2,세미나,여성상담 세미나: 심연희 사모(RTP지구촌교회)를 모시고 “그리스도인 여성으로 산다 는 것?”이라는 주제로 세미나를 갖습니다.,주보 (2017-02-19)
2017-02-19,2017,2,회의/의회,"헌장 및 운영규정 개정위원회: 3차 공청회(안건: 제직회,사무총회,서기)를 실시합니 . 일시: 2/19(오늘) 1pm, 장소: 찬양대실 성도님들의 많은 참여 부탁드립니다. 문의: gmclaws@googlegroups.com",주보 (2017-02-19)
2017-02-25,2017,2,세미나,"자녀양육 세미나: 주제: ①우리 아이 “책임감 있는 아이”로 키우기 ②자녀와의 관계 향상을 위한 사랑의 대화 기술 일시: 2/25(토) 5:30~9:30pm 장소: 아가페채플 강사: 강지영 집사 대상: 초등학생 이하의 자녀가 있는 부모(선착순 50명) 등록: 3,4부 예배 후 다목적대강당 ➧세미나 시간 동안 차일드케어가 제공됩니다.",주보 (2017-02-12)
2017-02-25,2017,2,선교,"월 추천도서: 기도와 말씀, 신앙의 기초를 세우는 책을 추천합니다. 교회 서점에서 구 입하실 수 있습니다. 기도(오할레스비) 묵상과 영적성숙(강준민) 2017년 사역일정 2/25 시니어토요학교/삼일절 구국기도예배 3/5~5/28 제60기 전도폭발 정규훈련 2/25 자녀 양육 세미나 3/11 시니어토요학교 2/26 삼일절 기념 주일 3/12 Daylight Savings 시작 3/5 주의만찬 3/12~5/28 봄학기 제자훈련 3/6~3/16 베트남 단기선교 3/16~6/1 여성/남성 제자반",주보 (2017-02-19)
2017-02-26,2017,2,기타행사,표어: 예수님을 생각나게 하는 사람들,주보 (2017-02-26)
2017-02-26,2017,2,세미나,"중보기도세미나: 78기 중보기도사역자와 기도를 배우기 원하는 분들을 대상으로 중보기도 세미나가 열립니다. 많은 관심과 참여를 바랍니다. 문의: 장석준 목사(607-229-5926) 중보기도 세미나 일정 10:15~11:30am, 326호 4주차 (2/26) 기도의 응답과 결과 (장석준 목사)",주보 (2017-02-26)
2017-03-04,2017,3,세미나,여성 상담 세미나: 심연희 사모(RTP지구촌교회)를 모시고 “그리스도인 여성으로 산다 는 것?”이라는 주제로 세미나를 갖습니다. 일시: 3/4(토) 5:30pm 장소: 커버넌트채플 대상: 기혼 자매님들,주보 (2017-02-26)
2017-03-05,2017,3,선교,"베트남 단기선교팀 물품후원 모집: 3월 초에 있을 베트남 단기선교팀에서 후원 물품을 수집합 니다. 수집 품목: 가정상비약, 비타민, 캔디, 학용품, 풍선, 치약, 칫솔, 1회용 비누, 샴푸, 깨끗한 옷, 넥타이, 타올 등. 모집기간: 3/5(주일)까지 문의: 홍명순 집사(301-219-3432)",주보 (2017-02-19)
2017-03-05,2017,3,기타행사,표어: 예수님을 생각나게 하는 사람들,주보 (2017-03-05)
2017-03-05,2017,3,성례,h 남침례교단의 사역을 위하여,주보 (2017-03-05)
2017-03-06,2017,3,목회자 부임,조희래 집사님 작품 액자: 조희래 집사님의 추사체 작품이 표구액자로 제작되어 책방 에서 판매합니다. 수익금 전액이 교회 헌금으로 드려집니다. 2017년 사역일정 3/6~3/16 베트남 단기선교 3/12 Daylight Savings 시작 3/5~5/28 제60기 전도폭발 정규훈련 3/12 담임목사 청빙을 위한 공청회 3/11 시니어토요학교 3/12~6/1 봄학기 제자훈련/여성/남성 제자반,주보 (2017-03-05)
2017-03-12,2017,3,목회자 부임,"청빙위원회 소식: 설문 조사에 협조해 주셔서 감사합니다. (총 837명 참여-1부:71명, 2 부:195명, 3부:347명, 4부:135명, 5부:89명) 설문조사의 결과는 담임 목사님 청빙을 위한 귀한 자료로 쓰이게 됩니다. 담임 목사님 청빙에 관한 설명회(미션 스터디 결과 및 설문 조사 결과) 및 공청회를 3/12에 계획하고 있습니다. 많은 기도 부탁드립니다. (청빙위원회 의 활동은 교회 홈페이지의 '청빙위원회소식'란에서 보실 수 있습니다.)",주보 (2017-02-12)
2017-03-12,2017,3,목회자 부임,청빙위원회 소식: 설문조사 결과 요약지가 사무실에 비치되어 있습니다. 설문조사 결과 요약 및 더 자세한 내용은 교회 홈페이지 청빙위원회 소식난에서 확인하실 수 있습니다. 3월 12일에 설명회 및 공청회를 계획하고 있습니다. 많은 기도의 후원 부탁드립니다.,주보 (2017-03-05)
2017-03-12,2017,3,기타행사,표어: 예수님을 생각나게 하는 사람들,주보 (2017-03-12)
2017-03-18,2017,3,성례,"소천: 조재남 성도(이상희 집사 남편)께서 지난 3/18(토)에 하나님의 부르심을 받았습니다. 고별예배가 3/21(화)에 있었습니다. 2017년 사역일정 4/2 봄철 전교인 대청소 4/9 헌장/운영규정 개정위원회 4차 공청회 4/3~4/15 고난주간 특별새벽기도회 4/9, 16 애니암스트롱 헌금 4/8 시니어토요학교 4/14 수난금요음악회, 주의만찬 4/9 다민족 찬양 축제 4/16 부활주일, 침례식",주보 (2017-03-26)
2017-03-19,2017,3,회의/의회,"제직회: 3/19(다음 주일) 1:45pm, 커버넌트채플에서 있습니다.",주보 (2017-03-05)
2017-03-19,2017,3,기타행사,표어: 예수님을 생각나게 하는 사람들,주보 (2017-03-19)
2017-03-19,2017,3,성례,h 남침례교단 주총회의 사역을 위하여,주보 (2017-03-19)
2017-03-26,2017,3,세미나,정민영 선교사 초청 주일설교: 3/26(주일) 1~4부예배는 Wycliff 국제본부의 정민영 선교사께서 말씀을 전해 주십니다. 또한 리더십(선교) 세미나도 계획 중이니 많은 참여와 기도 부탁드립니다.,주보 (2017-03-12)
2017-03-26,2017,3,기타행사,표어: 예수님을 생각나게 하는 사람들,주보 (2017-03-26)
2017-04-01,2017,4,기타행사,"전교인 봄철 대청소: “우리 교회 내 몸 같이 깨끗이 사랑으로 가꾸자!” 일시:4/1(토), 8~11:30am 대상: 전교인(셀, 비셀, EC, 중고등부) ➧간단한 아침식사와 점심이 제 공됨. 문의: 김학재 집사(240-994-8716), 천병환 집사(301-221-2321)",주보 (2017-03-19)
2017-04-02,2017,4,성례,부활절 침례식: 침례받기를 원하는 분은 4/2(주일)까지 지역목회자에게 신청바랍니다. 문의: 배익호 목사(817-789-5763),주보 (2017-03-12)
2017-04-02,2017,4,기타행사,"목회 서신 <새 영, 새 마음, 새로운 삶> 최근 도널드 휘트니라는 신학자가 쓴, <오늘부터, 다시, 기도>라는 책을 읽었습니다. 성경 말씀을 가지고 기도하는 실제적 방법을 다룬 책인데, 책의 분량이 많지 않으면서, 구체적인 방법을 말해주고 있고, 바로 삶에서 실천할 수 있도록 지침을 주고 있어서 많은 이들의 기도 생활에 도움이 될 만한 책이라는 생각이 듭니다. 이 책의 서두에서 작가가 문제 제기하는 내용이 오랫동안 기억에 남아 있어 나누고자 합니다. 책의 한 대목을 소개해 보면 다음과 같습니다. “기도가 하나님과 나누는 대화라고 하면서 왜 사람들은 더 열심히 기도하지 않을까요? 왜 하나님의 사람들이 더욱 즐겁게 기도하지 못할까요? 사람들이 기도하지 않는 주된 이유는 단지 기도하고 싶지 않기 때문입니다. 그리고 기도하고 싶지 않은 이유는, 기도가 대체로 진부하고 뻔한 말을 반복하는 것으로 흘러 버리기 때문입니다 … 사람들이 하나님과 대화하면서, 그것도 자기에게 지극히 소중한 일로 대화하면서 지루해하는 이유가 무엇일까요? 우리가 하나님을 사랑하지 않아서 그럴까요? 우리가 기도하는 문제나 사람들에 대해 별로 관심이 없기 때문일까요? 아닙니다. 여러분이 체험하는 기도가 겉으로는 이처럼 마음을 산만하게 하고 지루하게 만들지 모릅니다. 하지만 여러분 안에 성령께서 거하신다면, 다시 말해 여러분이 거듭난 사람이기만 하다면, 문제는 여러분 자신이 아니라 여러분이 기도하는 방법에 있다고 분명하게 이야기할 수 있습니다.” (p.10-11) 한 마디로, 우리가 기도를 어렵고, 지루한 것으로 느끼는 이유는, 우리가 어렵고 지루한 방식으로 기도하기 때문이라는 것입니다. 거듭난 사람에게는 성령께서 함께 하셔서 하나님과 대화를 나누도록 만들지만, 우리가 하나님과 대화를 나누는데 있어 취하는 방법들이 낡고 구태의연한 것이기 때문에 기도가 어렵고 지루하게 느껴질 수 있다는 것입니다. 기도 뿐 아니라, 성경을 읽을 때도 비슷한 경험을 합니다. 한 때, 은혜를 받아 열심히 성경을 읽었는데, 어느 순간 성경의 말씀들이 더 이상 새롭게 다가오지 않습니다. 마치 김빠진 사이다를 마시는 것 같은 느낌을 받고, 그저 ‘하얀 것은 종이고 검은 것은 글씨’라는 식으로 성경을 대하게 될 때가 있습니다. 교회 생활도 마찬가지입니다. 사람들을 만나고, 이런저런 모임에 참여하는 것이 설렘으로 다가올 때가 있었는데, 어느 순간 교회 생활, 모임에 참여하고 사람들을 만나는 것이 권태롭게 느껴질 때가 있지요. 이러한 상황에 작가의 문제의식을 그대로 받아들여, 다만 ‘방법만 좀 더 새로운 것으로 바꾸면 된다’고 교훈을 받는 것도 중요합니다. 그런데 과연 ‘방법이 낡았다’는 것이 문제의 본질일까요? 이 문제를 좀 더 깊이 생각해보면, 왜 우리가 기도할 때, 낡고 지루한 방법을 취하게 될까? 하는 질문을 마주하게 됩니다. 그리고 어쩌면, 문제의 핵심은 우리가 하나님께 대해 별 새로운 기대감이 없기 때문은 아닌가 하는 생각을 하게 됩니다. 마치 오랜동안 함께 살아온 배우자에게 새로운 기대를 갖지 않아, 결혼 생활이 권태기에 빠지는 것처럼 말입니다. 뭔가 새로운 환경을 만들고, 새로운 방법을 찾아 실행하는 것도 중요하겠지만, 마음 중심으로부터 새롭게 되는 길로 나아가는 것은 어떨까요? 오랜시간 쌓여온 하나님에 대한 편견과 선입견을 버리고, 하나님을 기대하는 마음을 회복하는 것이 그 시작점이 될 것입니다. 그러나 이 일은 우리 스스로 할 수 있는 일이 아닙니다. 위로부터 부어지는 은혜가 있어야 할 수 있는 것입니다. 마침 시작되는 고난주간 특별 새벽기도회를 통해, 우리 모두 함께 “우리에게 새 영, 새 마음을 부어주소서!” 기도하며, 하나님의 새롭게 하시는 은혜를 경험했으면 좋겠습니다. 그래서 오늘부터 다시, 새로운 삶을 시작하는 은혜를 누리는 우리 지구촌 모든 가족들이 되기를 간절히 바랍니다.",주보 (2017-04-02)
2017-04-02,2017,4,기타행사,표어: 예수님을 생각나게 하는 사람들,주보 (2017-04-02)
2017-04-02,2017,4,성례,h 남침례교단 지방회의 사역을 위하여,주보 (2017-04-02)
2017-04-03,2017,4,기타행사,"고난주간 특별새벽기도회: 4/3(월)~4/15(토) 주제: “고난의 길, 예수님을 만난 사람들” 강사: 지구촌 사역자들",주보 (2017-03-12)
2017-04-07,2017,4,성례,"중등부: 예배: 10~11:15am, 커버넌트 채플, 성경공부: 11:15am~12:30pm 4/7(Fri): Potluck Fellowship Dinner, 6pm 자녀를 위한 심방이 필요하신 부모님은 이필립 전도사(240-383-7862)에게 연락바랍니다. 3) 고등부: 예배: 11:30am-12:45pm, 커버넌트 채플, 성경공부: 10-11:15am 4/2 (Sun), 4/8 (Sat), 4/14 (Fri): Catechism classes (침례교육) 4/14 (Fri): Good Friday Retreat/Gospel of John Reading (9 AM - 9 PM) 4/22 (Sat): Family Ice Skating (Wheaton Rink, 4-6pm) 4/29 (Sat): Praise and Worship & Prayer Seminar (5:30 PM - 7:30 PM) Pastor Ahn has started visitations (심방) 문의: 안종설 목사 (512-633-9220/johnahn4@ gmail. com)",주보 (2017-04-02)
2017-04-09,2017,4,기타행사,"헌장 및 운영규정 개정위원회 4차 공청회: 일시: 4/9(주일) 1:30pm, 장소: 커버넌트채플. 개정초안은 4/2(주일)부터 교회 사무실에 준비되어 있습니다.",주보 (2017-03-26)
2017-04-09,2017,4,기타행사,표어: 예수님을 생각나게 하는 사람들,주보 (2017-04-09)
2017-04-09,2017,4,기타행사,어떤 열매가 맺히고 있는가?(갈5:19-26) 나가는 말: 진정 특별한 은혜란?,주보 (2017-04-09)
2017-04-14,2017,4,성례,"중등부: 예배: 10~11:15am, 커버넌트 채플, 성경공부: 11:15am~12:30pm 4/14(Fri) 7:30pm: Good Friday Service 4/30(Sun): Dead Line Domestic Missions(XFuse) 자녀를 위한 심방이 필요하신 부모님은 이필립 전도사(240-383-7862)에게 연락바랍니다. 2) 고등부: 예배: 11:30am-12:45pm, 커버넌트 채플, 성경공부: 10-11:15am 4/2 (Sun), 4/8 (Sat), 4/14 (Fri): Catechism classes (침례교육) 4/14 (Fri): Good Friday Retreat/Gospel of John Reading (9 AM - 9 PM) 4/22 (Sat): Family Ice Skating (Wheaton Rink; 4 PM - 6 PM) 4/29 (Sat): Praise and Worship & Prayer Seminar (5:30 PM - 7:30 PM) Pastor Ahn has started visitations (심방) 문의: 안종설 목사 (512-633-9220/johnahn4@gmail. com)",주보 (2017-04-09)
2017-04-16,2017,4,기타행사,표어: 예수님을 생각나게 하는 사람들,주보 (2017-04-16)
2017-04-16,2017,4,기타행사,특별새벽기도회 감사: 고난주간 특별새벽기도회에 은혜를 사모하며 참석하신 모든 성도님께 감사 드립니다. 날마다 예수님을 만나는 기쁨을 누리시길 기도합니다.,주보 (2017-04-16)
2017-04-16,2017,4,성례,h 남침례교단 국내선교부의 사역을 위하여,주보 (2017-04-16)
2017-04-17,2017,4,회의/의회,천국입성: 박도선 성도(박봉임 성도의 남편)께서 지난 4/17(월)에 하나님의 부르심을 받았 습니다. 고별예배와 하관예배를 은혜 중에 마쳤습니다. 2017년 사역일정 4/29 (토) 건강검진 5/13 (토) 시니어토요학교 4/30 (주일) 임시제직회 5/14 (주일) 어머니주일 5/6 (토) 예배진행팀 전체 모임 5/21 (주일) 제직회 5/7 (주일) 헌아례 5/29 (월) 전교인피크닉,주보 (2017-04-23)
2017-04-23,2017,4,기타행사,표어: 예수님을 생각나게 하는 사람들,주보 (2017-04-23)
2017-04-23,2017,4,기타행사,사랑없는 은사는 아닙니다. (1-3절),주보 (2017-04-23)
2017-04-28,2017,4,회의/의회,"천국입성: 한정분 권사(이권형/원순 장로의 모친)께서 지난 4/28(금)에 한국에서 하나님의 부르심을 받았습니다. 2017년 사역일정 5/6 (토) 예배진행팀 전체 모임 5/14 (주일) 어머니주일 5/7 (주일) 어린이날 기념예배, 헌아례 5/21 (주일) 제직회 5/13 (토) 시니어토요학교 5/29 (월) 전교인피크닉",주보 (2017-04-30)
2017-04-30,2017,4,회의/의회,"임시제직회 공고: 4/30(주일) 1:30pm, 커버넌트 채플 3월 정기제직회의 결정에 의거, 개정된 헌장과 운영규정(안)에 대한 의결을 위한 임시제직회가 열립니다. 제직 여러분의 많은 참여를 부탁드립니다. 4차의 공청회를 통해 수정된 개정시안은 4/23부터 교회사무실에 비치될 예정입니다.",주보 (2017-04-16)
2017-04-30,2017,4,기타행사,표어: 예수님을 생각나게 하는 사람들,주보 (2017-04-30)
2017-04-30,2017,4,창립,"뉴스프링교회 창립 1주년 예배: 우리교회와 협력교회인 뉴스프링교회가 창립 1주년을 맞이하여 감사예배를 드립니다. 성도님들의 기도와 참여를 부탁드립니다. 일시: 4/30(오늘) 4pm 장소: 1731 Great Falls St. McClean, VA 22010 (Garfield Memorial Christian Church) 문의: 김형민 목사(240-778-7745)",주보 (2017-04-30)
2017-04-30,2017,4,기타행사,"식사 캠페인: 교회 내에서 식사는 정해진 장소-다목적대강당, 새교우영접실, 소망회실 에서만 하도록 협조해 주시기 바랍니다.",주보 (2017-04-30)
2017-04-30,2017,4,성례,h 남침례교단 국제선교부의 사역을 위하여,주보 (2017-04-30)
2017-05-07,2017,5,기타행사,표어: 예수님을 생각나게 하는 사람들,주보 (2017-05-07)
2017-05-07,2017,5,회의/의회,"임시제직회 보고: 수정된 헌장과 운영규정(안) 의결을 위한 임시제직회에서 헌장은 제적 43명 중 27명 찬성, 운영규정은 제적 44명 중 26명 찬성으로 통과되었습니다.",주보 (2017-05-07)
2017-05-07,2017,5,기타행사,"식사 캠페인: 교회 내에서의 식사는 정해진 장소-다목적대강당, 새교우영접실, 소망회실 에서만 하도록 협조해 주시기 바랍니다.",주보 (2017-05-07)
2017-05-09,2017,5,성례,"제19대 대통령 재외선거 유권자 등록: 선거일이 5/9(화)의 재외국민 투표를 위하여 3/30(목)까지 재외선거 홈페이지(http://ok.nec.go.kr), 이메일, 우편, 공관접수하시면 선 거를 할 수 있습니다. 투표기간: 4/25(화)~4/30(주일) 투표소: 버지니아, 메릴랜드 각 1곳 2017년 사역일정 3/25 시니어토요학교 4/9, 16 애니암스트롱 헌금 3/26 4/5부 합동예배(말씀:정민영 선교사) 4/9 다민족 찬양 축제 4/3~4/15 고난주간 특별새벽기도회 4/14 수난금요음악회, 주의만찬 4/8 시니어토요학교 4/16 부활주일, 침례식",주보 (2017-03-19)
2017-05-13,2017,5,부흥회/집회,천국입성: 최창록 권사(이상희/계덕 집사 모친)께서 5/13 한국에서 하나님의 부르심을 받음 2017년 사역일정 5/29 (월) 전교인피크닉 6/9-11 제직 영성집회 6/4-25 어려운 이웃을 위한 음식 모으기 6/10 (토) 시니어토요학교 6/11 (주일) 79기 중보기도 헌신 6/12-14 SBC총회 / 한인총회,주보 (2017-05-21)
2017-05-14,2017,5,기타행사,표어: 예수님을 생각나게 하는 사람들,주보 (2017-05-14)
2017-05-14,2017,5,회의/의회,"임시제직회 보고: 수정된 헌장과 운영규정(안) 의결을 위한 임시제직회에서 헌장은 제적 43명 중 27명 찬성, 운영규정은 제적 44명 중 26명 찬성으로 통과되었습니다.",주보 (2017-05-14)
2017-05-14,2017,5,기타행사,"식사 캠페인: 교회 내에서의 식사는 정해진 장소-다목적대강당, 새교우영접실, 소망회실 에서만 하도록 협조해 주시기 바랍니다.",주보 (2017-05-14)
2017-05-14,2017,5,성례,h 남침례교단 한인총회의 사역을 위하여,주보 (2017-05-14)
2017-05-20,2017,5,부흥회/집회,"축하: 안진원/전경은(안용환/혜선 집사 아들) 결혼식이 5/20(토) 5pm, 지구촌교회 본당. 2017년 사역일정 5/20 (토) 중보기도학교 6/11 (주일) 79기 중보기도 헌신 5/21 (주일) 임시사무총회 6/9-11 제직 영성집회 5/29 (월) 전교인피크닉 6/12-14 SBC총회 / 한인총회",주보 (2017-05-14)
2017-05-20,2017,5,특별행사,"중등부: 예배: 10~11:15am, 커버넌트 채플, 성경공부: 11:15am~12:30pm 자녀를 위한 심방이 필요하신 부모님은 이필립 전도사(240-383-7862)에게 연락바랍니다. 2) 고등부: 예배: 11:30am-12:45pm, 커버넌트 채플, 성경공부: 10-11:15am 5/20 (Sat): 10학년 Fellowship (5:30 PM- 7:30 PM) 5/27 (Sat): Scripture Reading and Prayer Meeting (5:30 PM - 7:30 PM) 5/29 (Mon): 전교인 피크닉 (10 AM - 2 PM) 문의: 안종설 목사 (512-633-9220/johnahn4@gmail.com)",주보 (2017-05-14)
2017-05-21,2017,5,회의/의회,"임시사무총회 공고: 일시/장소: 5/21(주일) 1:30pm, 다목적대강당 안건: 4/30(주일) 임시제직회를 통과한 헌장과 운영규정 개정안에 대한 의결",주보 (2017-05-07)
2017-05-21,2017,5,기타행사,표어: 예수님을 생각나게 하는 사람들,주보 (2017-05-21)
2017-05-28,2017,5,기타행사,표어: 예수님을 생각나게 하는 사람들,주보 (2017-05-28)
2017-05-28,2017,5,회의/의회,임시사무총회 결과: 헌장 및 운영규정 개정안이 부결(총 투표:136 찬성:57 반대:77 기권:2)되었습니다.,주보 (2017-05-28)
2017-05-28,2017,5,세미나,이웃사랑팀: ◉ DC 노숙자들과 만남: 야외예배/식사/이발봉사 일시: 5/28(오늘) 2~6pm 장소: Franklin Park 문의: 전수복 목사(240-888-1278) ◉ Casa de MD에서 일일노동자들과 만남(LPL): 6/3(토) 모임/준비: 9am 출발/도착: 9:15~11:30am 점심/세미나: 12:00pm 문의: 이석용(301-461-5840),주보 (2017-05-28)
2017-05-28,2017,5,성례,h 남침례교단 한인총회 국내선교부의 사역을 위하여,주보 (2017-05-28)
2017-05-29,2017,5,특별행사,"메모리얼데이 전교인 피크닉: 장소: Black Hill Regional Park 일시: 5/29(월) 문의: 윤성필 집사, 배익호 목사 준비모임: 3/19(주일) 1pm, 230호에서 있습니다. 오랫만에 갖는 전교인 피크닉에 많이 참석하시기를 부탁드립니다.",주보 (2017-03-12)
2017-05-29,2017,5,특별행사,"어머니 주일: 우리 모두를 낳으시고 길러주신 어머니, 감사합니다. 주님의 사랑 안에서 늘 강건하세요. 사랑하고 축복합니다. 메모리얼데이 전교인 피크닉 주제: 예수님과 함께 하는 사람들(Together In Christ)” 장소: Black Hill Regional Park (20930 Lake Ridge Dr, Boyds, MD 20841) 일시: 5/29(월) 10am 문의: 윤성필 집사, 배익호 목사 ➧어린이들을 위한 Game Station과 Moon Bounce가 설치됩니다. 모든 가족이 함께해요. ➧맛있는 음식과 게임과 선물이 준비됩니다. ➧오늘부터 강당에 피크닉 안내를 위한 부쓰가 설치됩니다. ➧피크닉 당일(5/29,월)은 교회를 닫습니다.",주보 (2017-05-14)
2017-05-29,2017,5,부흥회/집회,"미니전화번호부 발간을 위하여 주소와 전화번호 이메일을 작성해 주시기 바랍 니다. 메모리얼데이 전교인 피크닉 주제: 예수님과 함께 하는 사람들(Together In Christ)” 장소: Black Hill Regional Park (20930 Lake Ridge Dr, Boyds, MD 20841) 일시: 5/29(월) 10am 문의: 윤성필 집사, 배익호 목사 ➧어린이들을 위한 Game Station과 Moon Bounce가 설치됩니다. 티셔츠를 입고 오는 모든 분들을 위한 특별 프로그램이 있습니다. ➧맛있는 음식과 게임과 선물이 준비됩니다. ➧오늘부터 강당에 피크닉 안내를 위한 부쓰가 설치됩니다. ➧피크닉 당일(5/29,월)은 교회를 닫습니다. 2017 영성집회 주제: “부흥” 강사: 김영봉 목사 (와싱톤 사귐의교회 담임) 6/9(금) 7:30pm ""은혜의 부흥""(마태복음 20:1-16) 6/10(토) 7:30pm ""제자도의 부흥""(마태복음 16:21-28) 6/11(주일) ""예배의 부흥""(요한계시록 4:1-11) ➧교육부에서 같은 시간에 집회가 준비됩니다. 고등부: 하나님의 전신갑주 중등부: 예수님의 비유 어린이: 부흥",주보 (2017-05-28)
2017-06-02,2017,6,특별행사,"중등부: 예배: 10~11:15am, 커버넌트 채플, 성경공부: 11:15am~12:30pm Missions Traing: Sundays 12:30pm, Rm.317 Fellowship Dining: 6/2(Fri) Potluck Rally Nights: 6/9(Fri)~6/10(Sat) 7:30pm, Rm.317 자녀를 위한 심방이 필요하신 부모님은 이필립 전도사(240-383-7862)에게 연락바랍니다. 2) 고등부: 예배: 11:30am-12:45pm, 커버넌트 채플, 성경공부: 10-11:15am 5/27 (Sat): Scripture Reading and Prayer Meeting (5:30 PM - 7:30 PM) 5/28 (Sun): 고등부 PTA Meeting (12:50 PM - 1:30 PM) 5/29 (Mon): 전교인 피크닉 (10 AM - 2 PM) 6/10 (Sat): HS senior graduation dinner (5:00 PM - 7:00 PM) 6/9-10 (Fri/Sat): Spiritual Revival: Armor of God"" (7:45 PM) 문의: 안종설 목사 (512-633-9220/johnahn4@gmail.com) 3) Preschool & Elementary PTA Meeting: 영유아, 유치, 유초등부 PTA 미팅 일시: 6/11(주일) 1시, 소망회실",주보 (2017-05-21)
2017-06-04,2017,6,부흥회/집회,"정기제직회: 6/4(주일) 1:30pm, 커버넌트채플 4/30(주일)에 있었던 임시제직회의 결정에 따라 정기제직회의 일정이 변경되었습니다. 메모리얼데이 전교인 피크닉 주제: 예수님과 함께 하는 사람들(Together In Christ)” 장소: Black Hill Regional Park (20930 Lake Ridge Dr, Boyds, MD 20841) 일시: 5/29(월) 10am 문의: 윤성필 집사, 배익호 목사 ➧어린이들을 위한 Game Station과 Moon Bounce가 설치됩니다. 티셔츠를 입고 오는 모든 분들을 위한 특별 프로그램이 있습니다. ➧맛있는 음식과 게임과 선물이 준비됩니다. ➧오늘부터 강당에 피크닉 안내를 위한 부쓰가 설치됩니다. ➧피크닉 당일(5/29,월)은 교회를 닫습니다. 2017 영성집회 주제: “부흥” 강사: 김영봉 목사 (와싱톤 사귐의교회 담임) 6/9(금) 7:30pm ""은혜의 부흥""(마태복음 20:1-16) 6/10(토) 7:30pm ""제자도의 부흥""(마태복음 16:21-28) 6/11(주일) ""예배의 부흥""(요한계시록 4:1-11) ➧교육부에서 같은 시간에 집회가 준비됩니다. 온 가족이 함께 하실 수 있습니다.",주보 (2017-05-21)
2017-06-04,2017,6,회의/의회,"정기제직회: 6/4(주일) 1:30pm, 커버넌트채플 4/30(주일)에 있었던 임시제직회의 결정에 따라 정기제직회의 일정이 변경되었습니다.",주보 (2017-05-28)
2017-06-04,2017,6,기타행사,표어: 예수님을 생각나게 하는 사람들,주보 (2017-06-04)
2017-06-04,2017,6,특별행사,"전교인 피크닉 감사: 피크닉이 은혜와 기쁨이 가득한 가운데 마칠 수 있었음에 하나님께 감사드립니다. 피크닉을 위해 헌신과 수고, 참석해 주신 모든 성도님께 감사드립니다.",주보 (2017-06-04)
2017-06-09,2017,6,부흥회/집회,"제직 영성집회: 와싱턴 사귐의교회를 담임하시는 김영봉 목사님을 모시고 제직 영성집회를 개최합니다. 온 성도의 참여와 기도 부탁드립니다. 일시: 6/9(금), 6/10(토) 7:30pm ➧교육부에서 같은 시간에 집회가 준비됩니다. 온 가족이 함께 하실 수 있습니다.",주보 (2017-05-14)
2017-06-09,2017,6,부흥회/집회,"미니전화번호부 발간을 위하여 주소와 전화번호 이메일을 작성해 주시기 바랍 니다. 2017 영성집회 주제: “부흥” 강사: 김영봉 목사 (와싱톤 사귐의교회 담임) 6/9(금) 7:30pm ""은혜의 부흥""(마태복음 20:1-16) 6/10(토) 7:30pm ""제자도의 부흥""(마태복음 16:21-28) 6/11(주일) ""예배의 부흥""(요한계시록 4:1-11) ➧교육부에서 같은 시간에 집회가 준비됩니다. 고등부: 하나님의 전신갑주 중등부: 예수님의 비유 어린이: 부흥",주보 (2017-06-04)
2017-06-11,2017,6,기타행사,표어: 예수님을 생각나게 하는 사람들,주보 (2017-06-11)
2017-06-11,2017,6,부흥회/집회,영성집회 감사: 영성집회에 함께하시고 섬겨주신 모든 성도님께 감사드립니다. 말씀을 전해주신 김영봉 목사님(와싱톤 사귐의교회)께 감사드립니다.,주보 (2017-06-11)
2017-06-11,2017,6,성례,h 남침례교단 한인총회 사역을 위하여,주보 (2017-06-11)
2017-06-11,2017,6,목회자 부임,"인사드립니다! 안녕하세요, 강현창 목사입니다. 제가 워싱턴지구촌교회에 부임한 지도 벌써 두 달이 지났습니다. 한 달 간의 수습 기간을 거치고 본격적으로 사역을 시작한 지 이제 삼 주 밖에 되지 않았으니, 신참 중의 신참 목사입니다. 아직 저도 여러분들을 많이 모르고, 여러분들도 저를 많이 모르기 때문에, 한 분 한 분, 대화를 나누며 서로를 알아갈 수 있는 기회가 있었으면 좋겠다 싶습니다. 하지만 현실적으로 그런 기회를 많이 가질 수가 없어서 아쉬움이 크던 중에, 목회 서신을 쓸 기회가 생겨서 기뻤습니다. 비록 일방적인 소통이긴 하지만, 저에 대해서 조금이나마 알려 드릴 수 있겠다 싶었기 때문입니다. 4살 때부터 부모님보다 먼저, 누나들과 교회를 다녔던 제가, 목사가 되고 싶다는 마음이 처음 든 것은 중학교 2학년 때 갔던 수련회에서였습니다. 이유는 모르겠어요. 그냥 목사님의 말씀을 듣는 중에 나도 목사가 되고 싶다는 마음이 들었습니다. 그 마음을 담당 전도사님께 말씀 드렸을 때, 다시 한번 생각해 보라고 하셨어요. 목회자의 길이 어렵고 험한 길이라는 이유였지요. 그래서 저도 한순간의 흘러가는 마음으로 여기고 덮어 두었습니다. 그 후 자라면서 목사보다는 평신도로 세상에서 영향력있게 살고 싶다는 마음이 더 커졌습니다. 아무래도 평신도로서 세상에서 참된 그리스도인으로 살아갈 것을 강조하는 교회의 영향 때문이었어요. 그래서 목사가 될 거냐는 질문을 참 많이 받았었는데, 그때마다 단호히 평신도로 제자 삼는 삶을 살 거라고, 그것이 저의 비전이라고 말하곤 했습니다. 실제로, 대학생들 그룹에서 성경을 가르치고 제자훈련을 했었고, 2005년에 유학을 나온 후에도 계속해서 학교에서 만나는 한인 학생들과 성경 공부를 하고 교회에서는 소그룹 리더로 섬겼습니다. 목사는 아니라고, 그렇게 부정하며 살았었는데, 하나님께서 중학교 2학년 때 심으신 목사가 되고픈 마음은 저도 모르는 사이에 조금씩 조금씩 자라, 어느덧 목사가 되어야 한다는 소명이 되어 있었습니다. 더 이상 거부할 수 없도록, 상황적으로도 다른 모든 문은 닫히고 신학교라는 하나의 문만을 열어 주셔서, 2012년, 1월 만 36살이 되던 해에 비로소 신학교에 입학했습니다. 목사가 되고픈 마음을 품은 지 22년이 지나서였습니다. 신학교에 입학하면서 하나님이 제게 새롭게 허락하신 두 가지 마음이 있었습니다. 하나는, 제가 어떠한 목사가 되어야 하느냐에 관한 것이었고, 다른 하나는 목사가 되는 시점에 관한 것이었습니다. 신학교 다니면서 어떠한 목사가 되어야 하느냐에 대해 많은 고민을 했었는데, 에스라 7:10 말씀으로 돌아가게 하셨습니다. 어려서부터 유독 말씀 읽고 묵상하는 것을 좋아했던 제가 대학생 시절 이 말씀대로 평생을 살고 싶다고 기도했던 말씀이었어요. 에스라처럼 말씀을 연구하고, 지켜 행하고, 가르치는 목사가 되기를 결심했습니다. 에스라가 여호와의 율법을 연구하여 준행하며 율례와 규례를 이스라엘에게 가르치기로 결심하였었더라 (에스라 7:10) 그리고 신학교를 들어가는 때부터 목사 안수를 어느 교단에서 받을지를 준비해서 신학교 졸업 후에 바로 받을 수 있도록 하라는 주변 분들의 조언이 많았었습니다. 무시할 수 없는 현실적인 조언이었지요. 그런데, 제가 한국에서는 장로교 배경에서 자랐고, 신학교는 침례교 신학교를 다녔고, 섬기던 교회는 교단이 없는 교회여서, 목사 안수를 받는 과정이 쉽지 않았어요. 그런데, 목사는 하나님이 세우시는 거니까 제가 애써 노력하지 않아도 된다는 마음이 들었습니다. 신학교 졸업 후 전도사로 섬기던 교회도 사임하고, 미국 교회에서 1년 넘게 예배 파트에서 섬기는 중에도, 목사 안수에 대해 조급해 하지 않았던 것은, 하나님이 주셨던 그 마음 때문이었습니다. 그리고 하나님이 허락하신 때가 이르렀을 때 목사 안수를 받을 수 있게 되었고, 또한 워싱턴지구촌교회를 섬길 수 있게 되었습니다. 2017년 6월 11일, 워싱턴지구촌교회에 부임하는 날, 여러분들께 약속 드린 것이 있습니다. 여러분들과 함께, 하나님이 우리 교회에 주신 복음 전파와 제자 삼는 사명을 이루도록 충성하며 섬기겠다는 것이었습니다. 하나님이 제게 주신 소명을 따라, 하나님의 말씀을 연구하고, 준행하며, 가르침으로써 교회와 여러분들을 섬기겠습니다. 그리고 앞으로 여러분들과 함께 할 동역과 우리 교회를 통해 하나님께서 행하실 일들을 기대하고 소망합니다. 그 가운데 제가 작게나마 쓰임 받을 수 있다면 참 좋겠습니다. 많은 사랑의 기도 부탁드리고, 저 또한 기도하겠습니다. 감사합니다. 강현창 드림",주보 (2017-07-30)
2017-06-12,2017,6,성례,총회: 남침례교 총회 및 한인총회가 열립니다. 은혜와 사랑이 넘치는 총회가 되도록 기도해 주세요. 일시: 6/12~15 장소: 아리조나 피닉스,주보 (2017-06-11)
2017-06-18,2017,6,선교,"페루단기선교 사역물품 수집: 수집 기간: 6/18(주일) 까지 수집 장소: 다목적대강당 수집물품: 세숫수건, 비누, 칫솔(어른/어린이), 치약, 여름/가을 옷(어른/어린이), Advil, 종합 비타민, Lap Top 컴퓨터 5대(AMED 현지 전도 사역에 필요) 문의: 함석호집사 (301-252-4320) ➧큰 홍수 피해로 인해 많은 생필품이 필요함",주보 (2017-05-14)
2017-06-18,2017,6,기타행사,표어: 예수님을 생각나게 하는 사람들,주보 (2017-06-18)
2017-06-18,2017,6,부흥회/집회,“부흥” 영성집회의 말씀 CD: 책방에 준비되어 있습니다.,주보 (2017-06-18)
2017-06-23,2017,6,선교,"MET 2017 페루 단기선교 팀원 모집: 사역지: Peru Lima 기간: 6/23(금)~7/1(토) 사역내용: 전도(장년, 어린이), 의료(내과, 치과, 한방), 사진, 안경, 미용, VBS 모집 마감: 4/16(주일) 훈련: 4/16(주일)부터 12pm, 110호 *항공료/숙식/사역비는 본인 부담 문의: 신상철집사(240-401-4964), 함석호집사(301-252-4320)",주보 (2017-03-19)
2017-06-23,2017,6,부흥회/집회,"이동원 목사님 집회: “우리의 정체성, 우리의 사명” 일시: 6/23(금), 6/24(토) 저녁 7:30 장소: 워싱톤한인침례교회(정영길 목사 시무) 각 집회에 자원하시는 성도님들은 참여하시면 됩니다. 2017년 사역일정 6/4-25 어려운 이웃을 위한 음식 모으기 7/3-7 KOSTA 6/24 (토) 시니어토요학교 7/5-28 Summer Camp 6/25 (주일) 교육팀 졸업예배 7/15 (토) 뼈 튼튼 교실 7/2 (주일) 미국독립기념 주일 7/25-26 Send America Conference",주보 (2017-06-18)
2017-06-24,2017,6,세미나,스페니쉬 어린이 성경 세미나: 주관: 미주 남침례회 한인총회 해외선교부 일시: 6/24(토) 9am~12:30pm 장소: 커버넌트 채플,주보 (2017-06-18)
2017-06-25,2017,6,선교,전체 졸업예배: 6/25(주일) 4부예배는 졸업예배로 드립니다. 단기선교 일정 GMCYO 6/17(토)⁓24(토) 페루 6/25(주일)~7/2(주일) XFUSE 6/26(월)~6/30(금),주보 (2017-06-11)
2017-06-25,2017,6,기타행사,표어: 예수님을 생각나게 하는 사람들,주보 (2017-06-25)
2017-06-25,2017,6,부흥회/집회,“부흥” 영성집회의 말씀 CD: 책방에 준비되어 있습니다.,주보 (2017-06-25)
2017-06-25,2017,6,훈련/수련회,h 북미주유학생수련회(KOSTA)의 사역을 위하여,주보 (2017-06-25)
2017-06-25,2017,6,기타행사,"식사 캠페인: 교회 내에서의 식사는 정해진 장소에서만 하도록 협조해 주시기 바랍니다. 다목적대강당, 새교우영접실, 소망회실",주보 (2017-06-25)
2017-06-30,2017,6,특별행사,"천국입성: 배윤열 집사님(부인:배기자 집사)께서 6/30(금)에 하나님의 부르심을 받았습 니다. 고별예배: 7/3(월) 7:30pm, 지구촌교회 본당 2017년 사역일정 7/3-7 KOSTA 지구촌 말씀 잔치 7/5-28 Summer Camp 7/25-26 Send America Conference 7/15 (토) 뼈 튼튼 교실 8/7-11 여름성경학교",주보 (2017-07-02)
2017-07-02,2017,7,기타행사,표어: 예수님을 생각나게 하는 사람들,주보 (2017-07-02)
2017-07-02,2017,7,기타행사,"식사 캠페인: 교회 내에서의 식사는 정해진 장소에서만 하도록 협조해 주시기 바랍니다. 다목적대강당, 새교우영접실, 소망회실",주보 (2017-07-02)
2017-07-03,2017,7,부흥회/집회,"KOSTA 중보기도 사역자 모집: 7/3(월)-7/7(금) 시카고에서 열리는 코스타 집회 기간 동안 중보기도실에서 사역하게 됩니다. 참가비를 지원, 교통비는 본인 부담입니다. 문의: 김정화 집사(301-989-0250) 2017년 사역일정 5/29 (월) 전교인피크닉 6/10 (토) 시니어토요학교 6/4-25 어려운 이웃을 위한 음식 모으기 6/11-10/7 79기 중보기도 헌신 6/9-11 2017 영성집회 6/12-14 SBC총회 / 한인총회",주보 (2017-05-21)
2017-07-05,2017,7,훈련/수련회,"Summer Camp Director(유급): 일시: 7/5(수)~7/28(금) 지구촌 썸머캠프를 이 끌 디 렉터를 구합니다. 문의: 이백규 집사(240-447-9909), 서보신집사(443-280-3661)",주보 (2017-03-05)
2017-07-05,2017,7,훈련/수련회,"Summer Camp: 캠프기간: 7/5(수)~7/28(금) 4주, 9am~12pm(3~4살), 9am~3pm(K~5학년) 수업료: 3~4살-400불, K~5학년-520불, 등록: 3/26(오늘) 11am~1pm, 다목적대강당. 둘째부터 할인됨. 문의: 안엔지 사모(512-633-9223) johnahn4@gmail.com, 서보신 집사(443-280-3661)",주보 (2017-03-26)
2017-07-05,2017,7,훈련/수련회,지구촌 여름 캠프: 7/5(수)~7/28(금) “Created by God: Built for a Purpose”의 주제로 진행됩니다. 온 성도의 기도와 격려 부탁드립니다.,주보 (2017-07-02)
2017-07-05,2017,7,특별행사,"교역자 인사: 교육사역을 담당하셨던 안종설 부목사께서 2017년 7월 15일부로 면직되었음을 알려드립니다. 2017년 사역일정 7/5-28 Summer Camp 7/25-26 Send America Conference 7/16,22,29 지구촌 말씀 잔치 8/7-11 여름성경학교 7/19 (수) 이중덕/현정 선교사 선교보고 8/15 (주일) 광복 기념주일",주보 (2017-07-16)
2017-07-09,2017,7,회의/의회,"제직회: 일시: 7/9(주일) 1:45pm, 커버넌트채플에서 있습니다.",주보 (2017-06-25)
2017-07-09,2017,7,기타행사,표어: 예수님을 생각나게 하는 사람들,주보 (2017-07-09)
2017-07-15,2017,7,세미나,"지구촌 말씀 잔치: 7/15(토)부터 7/30(주일)의 세 차례 주말에 걸쳐 “지구촌 말씀잔치”를 계획하고 있습니다. 훌륭한 목사님들의 토요일 저녁 세미나와 주일 설교를 통해 교회의 본질과 복음을 다시 한 번 되새기고 부흥을 소망하는 시간이 되기를 바랍니다. 많은 참여 부탁드립니다. (세미나: 토요일 7:30-9pm, 주일 1-5부 설교)",주보 (2017-06-25)
2017-07-15,2017,7,목회자 부임,"지구촌 말씀 잔치: 7/15(토)부터 7/30(주일)의 세 차례 주말에 걸쳐 “지구촌 말씀잔치”가 진행되고 있습니다. 토요일 저녁 세미나와 주일 설교를 통해 교회의 본질과 복음을 다시 한 번 되새기고 부흥을 소망하는 시간이 되기를 바랍니다. 많은 참여 부탁드립니다. (세미나: 토요일 7:30-9pm, 주일 1-5부 설교) ➧청빙위원회: ""지구촌 말씀잔치""에서 말씀을 전하신 강사 목사님들에 대한 더 자세한 안내를 원하시는 분들은 사무실에서 열람하실 수 있습니다.",주보 (2017-07-23)
2017-07-16,2017,7,기타행사,표어: 예수님을 생각나게 하는 사람들,주보 (2017-07-16)
2017-07-16,2017,7,선교,"이중덕/현정 협동선교사 파송: 7/16(오늘) 3부예배에 파송식이 있습니다. ➧ 이중덕/현정 선교사의 유럽 난민선교 세미나: 7/16(오늘) 12:30pm, 선교 사무실",주보 (2017-07-16)
2017-07-16,2017,7,목회자 부임,교육사역팀: 프리스쿨 간사로 이경민 자매가 7/16(오늘)자로 부임하게 되었습니다.,주보 (2017-07-16)
2017-07-20,2017,7,훈련/수련회,축하: 김현진(Eli)/Anni 가정에 김이레(Evelyn Kim)가 7/20(목)에 태어났습니다. 2017년 사역일정 8/6 (주일) 전도폭발 무장훈련 8/13 광복 기념주일 8/7-11 여름성경학교 8/13~16 영어고등부 여름수양회 8/10~12 청년부 섬김이 수련회 8/20~22 영어중등부 여름수양회,주보 (2017-07-30)
2017-07-23,2017,7,기타행사,표어: 예수님을 생각나게 하는 사람들,주보 (2017-07-23)
2017-07-25,2017,7,부흥회/집회,"Send Conference 참석자 모집: 남침례교 선교를 위한 컨퍼런스에 초대합니다. 일시: 7/25~26(화~수) 장소: Orlando, FL 비용: 숙식/항공비(참가비와 함께 교회 일부 지원) 문의: 이태호 집사(301-412-9869) 김선호 집사(301-257-4055) 2017년 사역일정 6/4-25 어려운 이웃을 위한 음식 모으기 6/12-14 SBC총회 / 한인총회 6/9-11 2017 영성집회 6/17 (토) 기도사역팀 모임 6/10 (토) 시니어토요학교 6/18 (주일) 주의만찬, Father’s Day 6/11-10/7 79기 중보기도 헌신 6/24 (토) 시니어토요학교",주보 (2017-06-04)
2017-07-25,2017,7,성례,"Send America Conference 참석자 모집: 남침례교 선교를 위한 컨퍼런스에 초 대합니다. 일시: 7/25~26(화~수) 장소: Orlando, FL 비용: 숙식/항공비(참가비와 함께 교회 일부 지원) 문의: 이태호 집사(301-412-9869) 김선호 집사(301-257-4055)",주보 (2017-06-11)
2017-07-30,2017,7,기타행사,표어: 예수님을 생각나게 하는 사람들,주보 (2017-07-30)
2017-07-30,2017,7,목회자 부임,"청빙위원회: ""지구촌 말씀잔치""에서 말씀을 전하신 청빙 후보 목사님들에 대한 자세한 안내 자료를 사무실에서 가져가실 수 있습니다.",주보 (2017-07-30)
2017-07-30,2017,7,기타행사,"손형식 목사님의 저서 ""너 진짜 목사냐""가 서점에 구비되어 있습니다. 모든 수익금은 개척교회 목사님들을 지원하는데 사용됩니다.",주보 (2017-07-30)
2017-08-06,2017,8,기타행사,표어: 예수님을 생각나게 하는 사람들,주보 (2017-08-06)
2017-08-06,2017,8,훈련/수련회,"손형식 목사님의 저서 ""너 진짜 목사냐""가 서점에 구비되어 있습니다. 모든 수익금은 개척교회 목사님들을 지원하는데 사용됩니다. 2017년 사역일정 8/6~27 D (주일) 전도폭발 무장훈련 8/13 광복 기념주일 8/7-11 여름성경학교 8/13~16 영어고등부 여름수양회 8/10~12 청년부 섬김이 수련회 8/20~22 영어중등부 여름수양회",주보 (2017-08-06)
2017-08-07,2017,8,선교,"지구촌 여름성경학교(VBS): 주제: 'Galactic Starveyors' 일시: 8/7(월) ~8/11(금) 대상: 4살~9월에 6학년 되는 학생 등록/장소: 다목적대강당 등록금: 3/26까지-40불, 3/26(주일) 이후-50불 문의: 오주실 전도사(racheloh.gmc@gmail.com, 510-410-6865) 2017년 사역일정 3/6~3/16 베트남 단기선교 3/25 시니어토요학교 3/5~5/28 제60기 전도폭발 정규훈련 3/12~6/1 봄학기 제자훈련/여성/남성 제자반 3/19 제직회 3/26 4/5부 합동예배(말씀:정민영 선교사)",주보 (2017-03-12)
2017-08-13,2017,8,회의/의회,"임시제직회: 일시: 8/13(주일) 1:30pm 장소: 커버넌트 채플 안건: 교육사역팀의 목회자 면직과 관련된 팀장, 부장에 관한 의논 사항",주보 (2017-07-30)
2017-08-13,2017,8,회의/의회,임시제직회: 8/13(주일)로 계획되었던 임시제직회의 안건은 9월 정기제직회에서 다루기로 하였습니다.,주보 (2017-08-06)
2017-08-13,2017,8,기타행사,표어: 예수님을 생각나게 하는 사람들,주보 (2017-08-13)
2017-08-16,2017,8,특별행사,"애타게 사람을 찾으시는 아버지의 마음 우리를 향한, 사람을 향한 하나님의 마음은, 집 나간 둘째가 돌아오기만을 동구 밖에 서서 어제나 저제나 기다리는 아버지의 마음이라고 누가복음 15장은 우리에게 하나님의 마음을 전해줍니다. 이 하나님의 마음에 대해 잘 설명한 글 한 자락을 소개합니다. 읽으시며 하나님 아버지 마음을 맛보시길 바랍니다. ————————————————— 영국에서 열린 비교 종교학 회의에서 세계 각국 전문가들이 기독교 신앙의 독특성을 찾아 토론에 들어갔다. 그들은 여러 가지 답을 하나씩 지워 나갔다. 성육신? 신이 인간의 모습으로 현현한 이야기는 타종교에도 있다. 부활? 죽은 이의 환생 기사 역시 타종교에도 있는 것이다. 토론이 길어지고 있는데 루이스(영국의 유명한 기독교 작가인 C.S. Lewis)가 방을 잘못 찾아 들어왔다. “토론 주제가 뭡니까?” 그의 질문에 동료들이 전세계 종교 중 기독교만이 기여할 수 있는 바를 찾는 중이라고 말하자 루이스가 답했다. “그거야 쉽죠. 은혜 아닙니까?” 얼마 동안 토론이 계속됐지만 참석자들도 같은 결론을 내릴 수밖에 없었다. 하나님의 사랑이 값없이 조건 없이 우리를 찾아온다는 개념은 인간의 모든 본성과는 상반되는 것 같다. 불교의 고행, 힌두교의 업보, 유대교의 언약, 이슬람교의 법전은 모두 노력으로 인정받는 길을 제시하고 있다. 감히 하나님의 사랑을 무조건적으로 받는 것은 기독교뿐이다. 예수님은 은혜에 대한 우리의 본능적 저항을 잘 아셨기에 은혜 이야기를 자주 하셨다. 선인에게나 악인에게나 고루 비추이는 햇빛, 심지도 거두지도 않고 거저 먹고 사는 새, 가꾸는 이 없어도 험한 산자락에 절로 피는 들꽃 등 우리에게 하나님의 은혜로 가득 찬 세상을 보여주셨다. 현지인이 보지 못하는 것을 외국인 관광객이 짚어 내는 것처럼 예수님은 어디서나 은혜를 보셨다. 그러나 예수님이 은혜를 분석하거나 정의하신 일은 한 번도 없다. 은혜라는 단어도 거의 사용하신 적이 없다. 대신 비유 즉 이야기를 통해 은혜를 전해 주셨다… (중략) … 용서를 가로막는 것은 하나님의 침묵이 아니라 우리의 침묵이다. 하나님은 언제나 팔을 벌리고 계시되 우리가 등을 돌릴 뿐이다. 나는 예수님의 은혜의 비유를 그 뜻이 가슴 깊이 새겨질 만큼 충분히 묵상해 왔다. 그러나 지금도 그 파격적인 메시지를 접할 때마다 비은혜의 구름이 하나님에 대한 내 시각을 얼마나 무참히 흐려 놓는지 새삼 깨닫곤 한다. 잃어버린 동전 하나 찾았다고 기뻐 잔치를 벌이는 주부는 하나님을 생각할 때 자연스레 떠오르는 이미지가 아니다(누가복음 15장의 비유). 하지만 그것이 예수님이 힘써 알리신 하나님의 모습이다. 탕자 이야기는 예수님의 삼부작 비유 - 잃은 양, 잃어버린 동전, 집나간 아들 - 에 나오는 것으로 요점은 모두 같다. 셋 다 잃어버린 슬픔이 부각된 뒤 다시 찾은 기쁨과 함께 축하의 장면으로 끝난다. 사실상 예수님의 말씀은 이런 것이다. “하나님이 된다는 것이 어떤 기분인지 알고 싶으냐? 저기 두 다리를 하고 선 인간들 중 하나가 내게 돌아오면 나는 마치 나의 가장 소중한 것, 되찾을 수 없다고 단념했던 것을 도로 얻는 기분이다.” 하나님은 생을 발견한 것처럼 느끼신다. 필립 얀시 <놀라운 하나님의 은혜> 중에서",주보 (2017-08-16)
2017-08-20,2017,8,선교,"김일호/성소영 선교사 키르키즈스탄 파송예배: 일시: 8/20(주일) 4:30pm, 장소: 필그림교회 2017년 사역일정 8/6~27 D (주일) 전도폭발 무장훈련 8/20~22 영어중등부 여름수양회 8/13~16 영어고등부 여름수양회 9/9 (토) 시니어토요학교",주보 (2017-08-13)
2017-08-20,2017,8,기타행사,표어: 예수님을 생각나게 하는 사람들,주보 (2017-08-20)
2017-08-21,2017,8,목회자 부임,담임목사 청빙 인준 투표를 위한 특별새벽기도회: 기간: 8/21(월)~26(토) 5:30am,주보 (2017-08-13)
2017-08-26,2017,8,회의/의회,천국입성: 강종설 장로님(김선호/명숙 집사 장인)께서 8/26(토)에 하나님의 부르심을 받았습니다. 2017년 사역일정 9/4 (월) 노동절-교회는 닫습니다 9/17 (주일) 가을학기 제자훈련 시작 9/9 (토) 시니어토요학교 9/17 (주일) 제직회 9/10~12/3 전도폭발 정규 훈련 9/24 (주일) 헌혈,주보 (2017-09-03)
2017-08-27,2017,8,목회자 부임,담임목사 청빙 인준 투표를 위한 임시 사무총회: 일시: 8/27(주일) 1:30pm 장소: 다목적대강당,주보 (2017-08-13)
2017-08-27,2017,8,목회자 부임,임시 사무총회 안건: 담임목사 청빙 인준 투표 일시: 8/27(주일) 1:30pm 장소: 다목적대강당 투표인 자격: 교회 출석 후 3개월이 지나 교적부에 등록된 이로서 침례나 세례를 받은 18세 이상 교인 ➧ 투표인 명부 확인을 꼭 하셔야 합니다. 일시: 8/20(오늘) 장소: 다목적대강당,주보 (2017-08-20)
2017-08-27,2017,8,기타행사,표어: 예수님을 생각나게 하는 사람들,주보 (2017-08-27)
2017-08-27,2017,8,회의/의회,임시사무총회 결과: 지난 8/27(주일)에 있었던 임시사무총회에서 헌장과 운영규정에 의하여 현 담임목사 대행으로 섬기는 임광 목사님이 제4대 담임목사로 인준되었습니다.,주보 (2017-09-03)
2017-09-03,2017,9,선교,단기선교 일정 라오스 9/3(주일)-9/9(토),주보 (2017-07-02)
2017-09-03,2017,9,기타행사,표어: 예수님을 생각나게 하는 사람들,주보 (2017-09-03)
2017-09-10,2017,9,기타행사,표어: 예수님을 생각나게 하는 사람들,주보 (2017-09-10)
2017-09-15,2017,9,성례,"재난구조단(Critical Incident Stress Management) 자격증을 취득할수 있는 쎄미나: 주최: 메릴렌드/델라웨어 침례교 주총회 와 미주 남침례 국내 선교부 일시: 9/15(금)-16(토) 등록: www.bcmd.org/cism 등록마감: 8/25 등록비: $25(주총회, 교회 보조포함) 장소: 콜롬비아 MD 주총회 본부 문의: Web Site 이태호(301-412-9869) ➧고등부,대학부 학생들에게 좋은 기회로 적극 추천합니다. ➧안내서가 안내데스크에 준비되어 있습니다.",주보 (2017-08-13)
2017-09-15,2017,9,세미나,"재난구조단(Critical Incident Stress Management) 자격증을 취득할수 있는 세미나: 주최: 메릴랜드/델라웨어 침례교 주총회 와 미주 남침례 국내 선교부 일시: 9/15(금)-16(토) 등록: www.bcmd.org/cism 등록마감: 8/25 등록비: $25(주총회, 교회 보조포함) 장소: 콜롬비아 MD 주총회 본부 문의: Web Site 이태호(301-412-9869) ➧고등부,대학부 학생들에게 좋은 기회로 적극 추천합니다. ➧세미나의 안내서가 안내데스크에 준비되어 있습니다.",주보 (2017-09-03)
2017-09-17,2017,9,회의/의회,정기제직회: 일시: 9/17(주일) 1:30pm 장소: 커버넌트채플,주보 (2017-09-03)
2017-09-17,2017,9,세미나,중보기도 세미나 및 제80기 중보기도 사역자 모집: 개강: 9/17(주일) 사역: 10/8(주일)부터,주보 (2017-09-03)
2017-09-17,2017,9,기타행사,표어: 예수님을 생각나게 하는 사람들,주보 (2017-09-17)
2017-09-17,2017,9,성례,"h 남침례교단(주총회,지방회,국내선교부,국제선교부)의 사역을 위하여",주보 (2017-09-17)
2017-09-24,2017,9,기타행사,표어: 예수님을 생각나게 하는 사람들,주보 (2017-09-24)
2017-09-24,2017,9,세미나,"허리케인 피해자를 위한 헌금: 수재민을 위한 헌금을 9/24(오늘)까지 합니다. 성경 묵상 세미나 강사: 박대영 목사 <매일성경> <묵상과 설교> 편집인, 광주 소명교회 담임 저서: 묵상의 여정, 요한복음 주석 10/9(월) 7:30pm, 10/10(화) 7:30pm",주보 (2017-09-24)
2017-09-24,2017,9,목회자 사임,사임: 어린이사역을 섬기던 오주실 전도사가 9/24(주일) 자로 사임 했습니다.,주보 (2017-10-01)
2017-10-01,2017,10,기타행사,표어: 예수님을 생각나게 하는 사람들,주보 (2017-10-01)
2017-10-01,2017,10,특별행사,"우리마을 피크닉: 10/1(오늘) 4부예배 후, 교회뒷동산에서 모입니다.",주보 (2017-10-01)
2017-10-01,2017,10,성례,"h 남침례교단(한인총회, 한인총회 국내/국제 선교부)의 사역을 위하여",주보 (2017-10-01)
2017-10-03,2017,10,선교,"천국입성: HCC의 Chul Yoo 목사님의 장인 Ted Washburn께서 10/3(화) 하나님의 부르심을 받았습니다. 2017년 사역일정 10/9, 10/10 성경 묵상 세미나 10/15-18 교역자 수련회 및 전략회의 10/14 (토) 시니어토요학교 10/15-29 교인 조사 10/15 (주일) 임시사무총회 10/16-23 고창 단기선교",주보 (2017-10-08)
2017-10-08,2017,10,세미나,중보기도 세미나 및 제80기 중보기도 사역자 모집: 사역: 10/8(주일)부터,주보 (2017-09-24)
2017-10-08,2017,10,기타행사,표어: 예수님을 생각나게 하는 사람들,주보 (2017-10-08)
2017-10-15,2017,10,회의/의회,"임시사무총회: 일시: 10/15(주일) 1:30pm, 장소: 다목적대강당 안건: 9/17(주일)에 제직회를 통과한 운영규정 개정안에 대한 의결 ➧차일드 케어가 제공됩니다 “기도에 힘쓰는 교회”되게 하소서 (사도행전 1:14) 오늘 기도에 힘쓰는 교회: 부르심 (마가복음 9:25-29) 장석준 목사 10/1(주일) 기도에 힘쓰는 교회: 가르치심 (마태복음 6:9-13) 배익호 목사 10/4(수) 기도에 힘쓰는 교회: 원하심 (디모데전서 2:1-8) 임 광 목사 10/8(주일) 기도에 힘쓰는 교회: 세우심 (창세기 18:22-33) 임 광 목사",주보 (2017-09-24)
2017-10-15,2017,10,기타행사,표어: 예수님을 생각나게 하는 사람들,주보 (2017-10-15)
2017-10-15,2017,10,선교,h 고창 단기선교팀의 사역을 위하여,주보 (2017-10-15)
2017-10-15,2017,10,회의/의회,임시사무총회 결과: ➀ 10/15(주일)에 운영규정 개정안이 통과 되었습니다. ➁ 현 실행위원 안수집사 재신임에 관한 건은 2018년 1월 정기사무총회에서 다루기로 결정되었습니다.,주보 (2017-10-22)
2017-10-15,2017,10,창립,"직원 구함: 회계실에서 근무할 유급 직원을 구합니다. 2017년 사역일정 10/15-29 교인 조사 11/12 (주일) 3pm 창립 43주년 기념예배, 담임 목사 취임식 10/31 (화) 할렐루야 나이트 11/4 (토) 전교인 대청소 11/13-18 감사절 특별새벽기도회 11/5 (주일) 순례자 마을 모임 (교회뒷동산) 11/19 (주일) 감사절예배, GMCYO 정기연주회",주보 (2017-10-29)
2017-10-16,2017,10,선교,"MET 2017 단기선교 일정 고창 10/16(월)~23(월) 주최: 미 적십자사, 이웃사랑팀 협력. 문의: 박성금 집사(301-452-5327) ➧온라인 등록을 하면 당일 많이 기다리지 않아도 됩니다. 등록: www.redcrossblood.org/rqpidpass ➧헌혈하실 교우들은 ID(운전면허증 등) 지참. 헌혈 전 충분한 물과 음식물 섭취/헌혈시간을 확인해 주시기 바랍니다.",주보 (2017-07-16)
2017-10-16,2017,10,훈련/수련회,KM 교역자 수련회 및 2018 전략회의: 10/16(월)~18(수),주보 (2017-10-15)
2017-10-22,2017,10,기타행사,표어: 예수님을 생각나게 하는 사람들,주보 (2017-10-22)
2017-10-29,2017,10,기타행사,표어: 예수님을 생각나게 하는 사람들,주보 (2017-10-29)
2017-10-29,2017,10,훈련/수련회,h 북미주유학생수련회(KOSTA)의 사역을 위하여,주보 (2017-10-29)
2017-10-29,2017,10,창립,"축하: 이민우/황지은 가정에 딸 민지(Peyton)가 10/29(주일)에 출생했습니다. 2017년 사역일정 11/11 (토) 시니어토요학교 11/13-18 감사절 특별새벽기도회 11/12 (주일) 3pm 창립 43주년 기념예배, 담임목사 취임식, 안수집사 은퇴식 11/19 (주일) 감사절예배, GMCYO 정기연주회 12/9 (토) 시니어토요학교",주보 (2017-11-05)
2017-11-05,2017,11,기타행사,표어: 예수님을 생각나게 하는 사람들,주보 (2017-11-05)
2017-11-05,2017,11,창립,"섬머타임 해제: 11/5(오늘)에 섬머타임이 해제됩니다. 새벽 2시가 새벽 1시로 변경됩니다. 창립 43주년 기념예배 및 4대 담임목사 취임식, 안수집사 은퇴식 11/12(주일) 3pm, 본당 우리에게 허락하신 주님의 은혜를 감사하며 축하의 자리에 성도님들 모두 함께해 주시기 바랍니다. 2 ․ 3부 예배 말씀: 이동원 목사 “소명” (요한복음 17:1-5) 창립 예배 말씀: 이동원 목사 “반석 위에 세운 교회” (마태복음 16:18)",주보 (2017-11-05)
2017-11-05,2017,11,특별행사,"순례자 마을 피크닉: 11/5(주일) 1pm, 지구촌교회 뒷동산",주보 (2017-11-05)
2017-11-05,2017,11,창립,h 창립 43주년 기념예배 가운데 은혜와 기쁨이 넘치길 위하여,주보 (2017-11-05)
2017-11-08,2017,11,기타행사,"천국입성: 김광수 집사(정원희 집사 남편)께서 지난 11/8(수)에 하나님의 부르심을 받아 지난 11/10(금)에 고별예배를 은혜 중에 마쳤습니다. 2017년 사역일정 11/13-18 감사절 특별새벽기도회 11/22-25 Youth KOSTA 11/19 (주일) 감사절예배, MCYO, 어린이합창단 정기연주회 11/15 김신환/인옥 선교사 선교보고 예배 12/9 (토) 시니어토요학교",주보 (2017-11-12)
2017-11-12,2017,11,기타행사,표어: 예수님을 생각나게 하는 사람들,주보 (2017-11-12)
2017-11-12,2017,11,창립,"창립기념일 주일 점심: 식당사역에서 무료로 대접합니다. 창립 43주년 기념예배 및 4대 담임목사 취임식, 안수집사 은퇴식 11/12(주일) 3pm, 본당 우리에게 허락하신 주님의 은혜를 감사하며 축하의 자리에 성도님들 모두 함께해 주시기 바랍니다. 창립 예배 말씀: 이동원 목사 “반석 위에 세운 교회” (마태복음 16:18) 감사절 특별새벽기도회 “감사함으로 깨어 있으라” (골로새서 4:2) 11/13(월)~11/18(토) 매일 새벽 5:30 말씀: 임광 목사 11/13 (월) “교회 감사합니다.“ 골로새서 1:3-8 11/14 (화) “구원 감사합니다.“ 골로새서 1:10-14 11/15 (수) “지혜 감사합니다.“ 골로새서 2:3-7 11/16 (목) “평강 감사합니다.“ 골로새서 3:12-15 11/17 (금) “풍성 감사합니다.“ 골로새서 3:16 11/18 (토) “범사 감사합니다.“ 골로새서 3:17-24",주보 (2017-11-12)
2017-11-12,2017,11,기타행사,h 감사절 특별새벽기도회에 은혜가 넘치길 위하여,주보 (2017-11-12)
2017-11-13,2017,11,기타행사,"감사절 특별새벽기도회: :감사함으로 깨어 있으라(골로새서 4:2) 일시: 11/13(월)~11/18(토) 매일 새벽 5:30 “우리는 지구촌가족, 우리 함께해요” 10/15-10/30 3주간에 걸쳐서 교인 조사를 합니다. 새롭게 하는 교인 조사에 함께 참여해 주세요. 내용: 이름(한글/영문), 배우자이름, 전화, 주소, 이메일, 각종 정보 1) 출석하는 성도님들을 파악하여 섬기고자 합니다. 2) 성도의 교제를 위한 사역의 밑그림을 그리고자 합니다. “기도와 말씀에 힘쓰는 교회”되게 하소서 (기도: 사도행전 1:14, 말씀: 사도행전 6:4) 9/24 (주일) 기도에 힘쓰는 교회: 부르심 (마가복음 9:25-29) 장석준 목사 10/1 (주일) 기도에 힘쓰는 교회: 가르치심 (마태복음 6:9-13) 배익호 목사 10/4 (수) 기도에 힘쓰는 교회: 원하심 (디모데전서 2:1-8) 임 광 목사 10/8 (주일) 기도에 힘쓰는 교회: 세우심 (창세기 18:16-26) 임 광 목사 10/15 (주일) 말씀에 힘쓰는 교회: 앎 (여호수아 1:1-9) 임 광 목사 10/22 (주일) 말씀에 힘쓰는 교회: 누림 (시편 1:1-6) 장석준 목사 오늘 말씀에 힘쓰는 교회: 읊조림 (시편 119:97-104) 강현창 목사 11/5 (주일) 말씀에 힘쓰는 교회: 삶 (여호수아 1:1-9) 임 광 목사",주보 (2017-10-29)
2017-11-17,2017,11,회의/의회,"천국 입성: 김인태 집사님(부인:김세미 집사)이 11/17(금)에 하나님의 부르심을 받았습니다. 고별예배는 11/20(월) 8pm, 지구촌교회 본당에서 있습니다. 2017년 사역일정 11/22-25 Youth KOSTA 12/17-12/25 라티문헌금 12/9 (토) 시니어토요학교 12/24 (주일) 크리스마스 이브 예배 12/17 (주일) 연말제직회 12/25 (월) 성탄예배",주보 (2017-11-19)
2017-11-18,2017,11,세미나,초등부 PTA 모임: 일시: 11/18(토) 5:30pm 장소: 카타콤 채플/소망회실 자녀들의 구원과 신앙 성장을 위한 부모의 역할의 중요성을 인식하고 함께 나아갈 방향을 의논하는 모임. Kathy 전도사의 세미나와 저녁식사가 있는 교제의 시간입니다. 문의: Lydia Lee(240-426-7771),주보 (2017-10-29)
2017-11-19,2017,11,기타행사,표어: 예수님을 생각나게 하는 사람들 추수 감사 주일 2017년 우리 모두를 날마다 숨 쉬는 순간마다 인도하시고 보호하신 하나님께 감사합니다. 그리고 교회와 복음을 위해 헌신하고 섬기신 모든 성도님께 감사합니다. 우리 지구촌교회 안에 감사의 기쁨과 나눔이 넘치기를 소망합니다!,주보 (2017-11-19)
2017-11-19,2017,11,기타행사,감사절 특별새벽기도에 함께해주신 모든 분께 감사드립니다.,주보 (2017-11-19)
2017-11-26,2017,11,기타행사,표어: 예수님을 생각나게 하는 사람들,주보 (2017-11-26)
2017-11-26,2017,11,성례,침례식: 성탄예배 때 침례받기를 원하시는 분은 지역목회자에게 신청바랍니다. 문의: 장석준 목사(607-229-5926),주보 (2017-11-26)
2017-12-03,2017,12,기타행사,표어: 예수님을 생각나게 하는 사람들,주보 (2017-12-03)
2017-12-03,2017,12,성례,침례식: 성탄예배 때 침례받기를 원하시는 분은 지역목회자에게 신청바랍니다. 문의: 장석준 목사(607-229-5926),주보 (2017-12-03)
2017-12-10,2017,12,회의/의회,"사무총회록 팀별 사역보고/계획서: 각 사역팀은 2017~2018년도 사역보고서/계획서를 12/10(주일)까지 배익호 목사(817-789-5763, ikhobae@gmail.com)께 제출 바랍니다.",주보 (2017-11-19)
2017-12-10,2017,12,성례,"제직 추천자 수락서 제출: 지구촌 교회의 제직 대상자는 ①구원의 확신이 있는 침례나 세례를 받은 분 ②지구촌교회 제자훈련 필수반(새생명의 길, 새가족의 길)을 이수한 분 ③우리 교회에 등록하고 2년 이상 된 분 (예전에 우리 교회 서리집사로 섬기시던 분 중에 70세 이상인 분은 교회 헌장에 의해서 명예은퇴집사로 섬기게 됨) 제직 추천서를 받으 시면 제직 헌신서약서를 12/10(주일)까지 교회 사무실로 제출해 주시기 바랍니다. 문의: 배익호 목사(817-789-5763, ikhobae@gmail.com)",주보 (2017-11-19)
2017-12-10,2017,12,선교,파송선교사 성탄카드 보내기: 일시: 12/10-12/24(주일) 장소: 다목적대강당 지구촌교회 파송 선교사님들을 위한 성탄 카드와 헌금에 기도하는 마음으로 동참해주시기 바랍니다.,주보 (2017-12-03)
2017-12-10,2017,12,성례,"Lifeway 커리큘럼 교사 훈련: 대상: 모든 교사들, 관심이 있는 분들 일시: 12/10(주일) 8-9:30am 장소: 304호 2017년도 성탄 및 송구영신 ❄12월 24일(주일) 오후3시 크리스마스이브 가족예배 연합찬양대와 교육사역팀, 자녀들 모두 함께하는 가족예배가 있습니다. 많은 관심과 기도를 부탁드립니다. ❄12월 25일(월) 오전10시 성탄예배, 침례식, 라티문 헌금 ❄12월 31일(주일) 밤10:30 송구영신예배, 주의만찬 2018년 1월 1일 신년예배는 송구영신예배와 함께 합니다. ❄2018년 1월 2일-1월 6일 신년특별새벽기도",주보 (2017-12-03)
2017-12-10,2017,12,기타행사,표어: 예수님을 생각나게 하는 사람들,주보 (2017-12-10)
2017-12-10,2017,12,성례,성탄절 선교 음악회: 12/10(오늘) 메릴랜드/델라웨어 한인 침례교회 지방회에서 주최하는 성탄절 축하 음악회가 본당과 다목적 대강당에서 5:30pm에 있습니다.,주보 (2017-12-10)
2017-12-10,2017,12,성례,침례식: 성탄예배 때 침례받기를 원하시는 분은 지역목회자에게 신청바랍니다.,주보 (2017-12-10)
2017-12-10,2017,12,회의/의회,사무총회록: 2017~2018년도 사역보고서/계획서를 12/10(오늘)까지 제출 바랍니다.,주보 (2017-12-10)
2017-12-10,2017,12,선교,소천: 선탄 교우(우동호/자영 집사 장인)께서 지난 12/10(주일) 한국에서 하나님의 부르 심을 받았습니다. 2017년 사역일정 12/10-12/24 파송선교사 성탄 카드 보내기 12/24 (주일) 크리스마스 이브 가족 예배 12/17-12/25 라티문헌금 12/25 (월) 성탄예배/침례식 12/22 (금) 영어중등부 크리스마스 파티 12/28-30 영어중고등부 수양회 12/23 (토) 영어고등부 크리스마스 파티 12/31 (주일) 송구영신예배,주보 (2017-12-17)
2017-12-16,2017,12,선교,축하: 이재선(이경호/종선 집사 차남)/정다운의 결혼식이 12/16(토) 한국에서 있습니다. 2017년 사역일정 12/10-12/24 파송선교사 성탄 카드 보내기 12/23 (토) 영어고등부 크리스마스 파티 12/17 (주일) 연말제직회 12/24 (주일) 크리스마스 이브 가족 예배 12/17-12/25 라티문헌금 12/25 (월) 성탄예배/침례식 12/22 (금) 영어중등부 크리스마스 파티 12/26-28 영어중고등부 수양회,주보 (2017-12-10)
2017-12-17,2017,12,선교,이웃사랑팀:➧침낭 수집: 무숙자들을 위한 겨울 침낭 수집합니다. 수집기간: 12/17 까지 2017년 사역일정 12/9 (토) 시니어토요학교 12/23 (토) 영어고등부 크리스마스 파티 12/10-12/24 파송선교사 성탄 카드 보내기 12/24 (주일) 크리스마스 이브 가족 예배 12/17 (주일) 연말제직회 12/25 (월) 성탄예배/침례식 12/17-12/25 라티문헌금 DC 침낭 나눔 방문 12/22 (금) 영어중등부 크리스마스 파티 LPL Good Spoon 사역,주보 (2017-12-03)
2017-12-17,2017,12,회의/의회,"연말제직회: 일시: 12/17(다음 주일) 1:30pm 장소: 커버넌트채플 안건: 2017년 회계보고, 2018년 예산 및 사역계획 2017년도 성탄 및 송구영신 ❄12월 24일(주일) 오후3시 크리스마스이브 가족예배 연합찬양대와 교육사역팀, 자녀들 모두 함께하는 가족예배가 있습니다. 많은 관심과 기도를 부탁드립니다. ❄12월 25일(월) 오전10시 성탄예배, 침례식, 라티문 헌금 ❄12월 31일(주일) 밤10:30 송구영신예배, 주의만찬 2018년 1월 1일 신년예배는 송구영신예배와 함께 합니다. ❄2018년 1월 2일-1월 6일 신년특별새벽기도 크리스마스 이브 가족예배 어린이선물 크리스마스를 맞이하여 교회 어린이들(0-10세) 100명에게 크리스마스 선물을 성도님들이 나누는 시간을 갖습니다. 예수님의 오심을 아이들에게 나눠주세요.",주보 (2017-12-10)
2017-12-17,2017,12,성례,"제직 추천자 수락서 제출: 지구촌 교회의 제직 대상자는 ①구원의 확신이 있는 침례나 세례를 받은 분 ②지구촌교회 제자훈련 필수반(새생명의 길, 새가족의 길)을 이수한 분 ③우리 교회에 등록하고 2년 이상 된 분 (예전에 우리 교회 서리집사로 섬기시던 분 중에 70세 이상인 분은 교회 헌장에 의해서 명예은퇴집사로 섬기게 됨) 제직 추천서를 받으 시면 제직 헌신서약서를 12/17(다음주)까지 교회 사무실로 제출해 주시기 바랍니다.",주보 (2017-12-10)
2017-12-17,2017,12,기타행사,표어: 예수님을 생각나게 하는 사람들,주보 (2017-12-17)
2017-12-17,2017,12,성례,침례식: 성탄예배 때 침례받기를 원하시는 분은 지역목회자에게 신청바랍니다.,주보 (2017-12-17)
2017-12-24,2017,12,기타행사,표어: 예수님을 생각나게 하는 사람들,주보 (2017-12-24)
2017-12-24,2017,12,성례,"침례 명단: 서혜연, 박주현, Andrew Shim(심재호)",주보 (2017-12-24)
2017-12-24,2017,12,선교,파송선교사 성탄카드 보내기: 일시: 12/24(오늘) 장소: 다목적대강당 지구촌교회 파송선교사님들을 위한 성탄카드와 헌금에 기도하는 마음으로 동참 바랍니다.,주보 (2017-12-24)
2017-12-24,2017,12,성례,"라티문 성탄헌금: 해외선교에 100% 드려지는 선교헌금에 동참해 주시면 감사하겠습니다. 헌금: 12/24(오늘), 12/25(성탄예배) 2017년도 성탄 및 송구영신 ❄12월 25일(월) 오전10시 성탄예배, 침례식, 라티문 헌금 “Love Over Luxury” (John 3:16) 설교: Pastor Phillip Lee ""그 아들을 세상에 보내신 것은"" (요한복음 3:17) 설교: 임 광 목사 ❄12월 31일(주일) 밤11시 송구영신예배, 주의만찬 2018년 1월 1일 신년예배는 송구영신예배와 함께 합니다. ❄2018년 1월 2일-1월 6일 신년특별새벽기도 크리스마스를 맞이하여 교회 어린이들(0-10세) 100명에게 크리스마스 선물을 나누는 일에 “크리스마스 선물 특별헌금”으로 참여해 주신 모든 분들께 감사드립니다. 우리에게 오신 예수님의 그 큰 사랑이 아이들에게 전해지도록 기도해 주세요.",주보 (2017-12-24)
2017-12-24,2017,12,기타행사,h 송구영신예배와 신년특별새벽예배에 기쁨과 은혜가 함께 하도록,주보 (2017-12-24)
2017-12-24,2017,12,훈련/수련회,"감사: ➧영어중고등부 겨울수련회가 은혜 중에 마쳤습니다. ➧12/24 성탄가족예배에 함께해주신 모든 성도님들께 감사드립니다. 이를 위해 기도해 주시고 사랑의 손길로 함께 해주신 모든 분께 감사드립니다. 우리의 자녀들이 예수님을 믿는 믿음으로 성장하도록 계속 기도해 주세요. 2017년도 성탄 및 송구영신 ❄12월 31일(오늘) 밤11시 송구영신예배, 주의만찬 2018년 1월 1일 신년예배는 송구영신예배와 함께 합니다. ❄2018년 1월 2일-1월 6일 신년특별새벽기도 신년 특별 새벽기도 주제: 다시, 시작하기 1월 2일 : 믿음으로 시작하기 (창세기 12:1~3) 1월 3일 : 기도로써 시작하기 (느헤미야 2:4) 1월 4일 : 은혜로써 시작하기 (시편 51:1~12) 1월 5일 : 사명으로 시작하기 (누가복음 4:18~19) 1월 6일 : 우리함께 시작하기 (빌립보서 3:12~16) 기쁨으로 참석하는 성도님들께 정성이 담긴 선물을 드립니다.",주보 (2017-12-31)
2017-12-31,2017,12,기타행사,표어: 예수님을 생각나게 하는 사람들,주보 (2017-12-31)
2017-12-31,2017,12,기타행사,송구영신예배와 신년특별새벽예배에 기쁨과 은혜가 함께 하도록,주보 (2017-12-31)
2018-01-07,2018,1,기타행사,표어: 우리 모두는 교회입니다 We the Church (사도행전 11:22~23),주보 (2018-01-07)
2018-01-07,2018,1,기타행사,신년특별새벽기도회 감사: 지난 일주일동안 추운 날씨와 안 좋은 일기 속에서도 열정과 기쁨으로 새벽을 깨우며 특별새벽기도회에 함께 해주신 모든 성도님들에게 감사드립니다. ➧특별새벽기도회 설교 CD가 다음주부터 지혜의 샘터에 준비될 예정입니다.,주보 (2018-01-07)
2018-01-07,2018,1,성례,"남침례교단(주총회,지방회,국내선교부,국제선교부)의 사역을 위하여",주보 (2018-01-07)
2018-01-14,2018,1,회의/의회,"임시제직회: 일시: 1/14(주일) 1:30pm, 장소: 커버넌트채플 안건: 2017년도 결산, 2018년도",주보 (2017-12-31)
2018-01-14,2018,1,기타행사,표어: 우리 모두는 교회입니다 We the Church (사도행전 11:22~23),주보 (2018-01-14)
2018-01-14,2018,1,기타행사,신년특별새벽기도회 CD: 특별새벽기도회의 설교 “다시 시작하기” CD와 교안이 지혜의샘터에 준비되어 있습니다.,주보 (2018-01-14)
2018-01-21,2018,1,기타행사,표어: 우리 모두는 교회입니다 We the Church (사도행전 11:22~23),주보 (2018-01-21)
2018-01-21,2018,1,기타행사,신년특별새벽기도회 CD: 특별새벽기도회의 설교 “다시 시작하기” CD와 교안이 지혜의샘터에 준비되어 있습니다.,주보 (2018-01-21)
2018-01-21,2018,1,성례,"남침례교단(한인총회, 한인총회 국내/국제 선교부)의 사역을 위하여",주보 (2018-01-21)
2018-01-26,2018,1,훈련/수련회,청년부 수련회: 일시: 1/26-28(금-주일) 강사: 추승호 목사(토론토 갈보리교회) 주제: 새 사람을 입으라 문의: 장석준 목사(607-229-5926),주보 (2018-01-21)
2018-01-28,2018,1,회의/의회,정기사무총회: 일시: 1/28(주일) 1:30pm 장소: 다목적대강당,주보 (2018-01-14)
2018-01-28,2018,1,기타행사,표어: 우리 모두는 교회입니다 We the Church (사도행전 11:20~26),주보 (2018-01-28)
2018-01-28,2018,1,기타행사,신년특별새벽기도회 CD: 특별새벽기도회의 설교 “다시 시작하기” CD와 교안이 지혜의샘터에 준비되어 있습니다.,주보 (2018-01-28)
2018-02-04,2018,2,기타행사,표어: 우리 모두는 교회입니다 We the Church (사도행전 11:20~26),주보 (2018-02-04)
2018-02-04,2018,2,회의/의회,정기사무총회 결과: 현 실행위원 안수집사 재신임에 관한 건은 신임으로 결정되 었습니다.,주보 (2018-02-04)
2018-02-04,2018,2,기타행사,신년특별새벽기도회 CD: 특별새벽기도회의 설교 “다시 시작하기” CD와 교안이 지혜의샘터에 준비되어 있습니다.,주보 (2018-02-04)
2018-02-11,2018,2,기타행사,표어: 우리 모두는 교회입니다 We the Church (사도행전 11:20~26),주보 (2018-02-11)
2018-02-11,2018,2,특별행사,청년부 사랑나눔 프로젝트: 2/11(오늘) 소망회 구정잔치로 소망회 어른들을 섬깁니다.,주보 (2018-02-11)
2018-02-15,2018,2,특별행사,"탁구부 구정잔치: 2/15(목) 12pm, 떡국으로 점심을 나눕니다. 신입회원들 환영합니다. 문의: 신우현(240-535-0446)",주보 (2018-02-11)
2018-02-18,2018,2,기타행사,표어: 우리 모두는 교회입니다 We the Church (사도행전 11:20~26),주보 (2018-02-18)
2018-02-19,2018,2,세미나,프레지던트데이: 교회 문을 닫습니다. 2018 지구촌교회 성경묵상 소그룹 세미나 (2/23-24) “복 있는 사람들의 여정” - 올바른 성경 묵상 - 즐거운 성경 읽기,주보 (2018-02-18)
2018-02-25,2018,2,기타행사,표어: 우리 모두는 교회입니다 We the Church (사도행전 11:20~26),주보 (2018-02-25)
2018-03-04,2018,3,기타행사,표어: 우리 모두는 교회입니다 We the Church (사도행전 11:20~26),주보 (2018-03-04)
2018-03-04,2018,3,기타행사,매일성경 3/4월 호가 워싱턴지구촌교회 특별판“으로 제작되었습니다. 예배 후에 책방에서 판매합니다.($8) 말씀묵상 참고 웹사이트: www.su.or.kr,주보 (2018-03-04)
2018-03-07,2018,3,창립,천국 입성: 김갑순 권사(최대벽 목사 외할머니)께서 3/7(수) 하나님의 부르심을 받았습니다. 2018년 사역일정 2018년 전체 집회 및 모임 안내 4/13(금)-15(주일) 말씀 묵상 집회 (강사-박수웅 장로: KOSTA/JAMA 강사) 5/28(월) 전교인 피크닉 8/6(월)-8/10(금) 여름성경학교(VBS) 11/9(금)-11(주일) 창립 44주년 기념 부흥 집회 (강사-노희송 목사: 토론토 큰빛교회 담임) 3/18 (주일) 정기제직회 3/24 (토) 스페니쉬 원더풀 선교 세미나 3/19-3/31 고난주간 특별새벽기도회 3/25 (주일) 종려주일/다민족 찬양축제 3/24 (토) 시니어토요학교 3/30 (금) 수난절 금요 음악회/주의만찬,주보 (2018-03-11)
2018-03-10,2018,3,창립,"교육부 헌신/비전의 밤: 3/10(토) 5pm, 다목적대강당에서 있습니다. 교사, 리더, 부장집사, 교역자, PTA임원, 헌신하는 모든 분들과 가족도 함께 오셔서 { 저녁식사와 친교 나누시기 바랍니다. 2018년 사역일정 2018년 전체 집회 및 모임 안내 4/13(금)-15(주일) 말씀 묵상 집회 (강사-박수웅 장로: KOSTA/JAMA 강사) 5/28(월) 전교인 피크닉 11/9(금)-11(주일) 창립 44주년 기념 부흥 집회 (강사-노희송 목사: 토론토 큰빛교회 담임) 3/10 (토) 시니어토요학교 3/18 (주일) 정기제직회 교육부 헌신/비전의 밤 3/19-3/31 고난주간 특별새벽기도회 3/11 (주일) 데이라이트 세이빙타임 시작 3/25 (주일) 종려주일/다민족 찬양축제",주보 (2018-03-04)
2018-03-11,2018,3,기타행사,표어: 우리 모두는 교회입니다 We the Church (사도행전 11:20~26),주보 (2018-03-11)
2018-03-16,2018,3,기타행사,"월 전교인 월례기도회: 사역자님들과 함께 모이는 월례 중보기도회에 많은 참여 바랍니다. 일시: 3/16(금) 7pm (지난달보다 30분 앞당김) 장소: 찬양대연습실 ➧3월 모임은 선교부를 위한 특별기도가 있겠습니다. 고난주간 특별 새벽기도 주제: 예수님의 걸음, 예수님의 말씀 3/19~3/31(월-토), 5:30am 말씀: 임 광 목사 3/19 “친구여” (마태복음 26:50~52) 3/20 “내가 그니라” (마가복음 14:62) 3/21 “위에서 주지 아니 하셨더라면” (요한복음 19:10~13) 3/22 “주께서 돌이켜” (누가복음 22:61~62) 3/23 “나를 위하여 울지 말고” (누가복음 23:28~31) 3/24 “저희를 사하여 주옵소서” (누가복음 23:34) 3/26 “오늘 네가 나와 함께” (누가복음 23:43) 3/27 “여자여 보소서” (요한복음 19:26) 3/28 “엘리 엘리 라마 사박다니” (마가복음 15:34) 3/29 “내가 목마르다” (요한복음 19:28) 3/30 “다 이루었다” (요한복음 19:30) 3/31 “내 영혼을 아버지 손에” (누가복음 23:46)",주보 (2018-03-11)
2018-03-18,2018,3,회의/의회,"정기제직회: 3/18(주일) 1:30pm, 커버넌트 채플",주보 (2018-03-04)
2018-03-18,2018,3,은퇴,"조승규 목사 은퇴예배: 3/18(주일) 3pm, White Marsh Baptist Church (4216 C Silver Spring Rd. Perry Hall, MD 21128)",주보 (2018-03-11)
2018-03-18,2018,3,기타행사,표어: 우리 모두는 교회입니다 We the Church (사도행전 11:20~26),주보 (2018-03-18)
2018-03-18,2018,3,목회자 부임,사임: 장석준 목사님이 3/18(오늘) 사임하고 콜로라도 볼더한인교회의 담임목사로 부임 하십니다.,주보 (2018-03-18)
2018-03-18,2018,3,창립,천국 입성: 김충헌 장로님이 지난 3/18(주일)에 하나님의 부르심을 받고 고별예배를 마쳤 습니다. 2018년 사역일정 2018년 전체 집회 및 모임 안내 4/13(금)-15(주일) “말씀과 함께하는 행복한 그리스도인” (강사-박수웅 장로: KOSTA/JAMA 강사) 5/28(월) 전교인 피크닉 8/6(월)-8/10(금) 여름성경학교(VBS) 11/9(금)-11(주일) 창립 44주년 기념 부흥 집회 (강사-노희송 목사: 토론토 큰빛교회 담임) 4/14 (토) 시니어토요학교 4/21 (토) 자녀양육 세미나 4/20 (금) 금요 기도 모임 4/22 (주일) GMCYO 정기 연주회 4/21 (토) 봄철 전교인 대청소 4/28 (토) 건강 검진,주보 (2018-04-01)
2018-03-19,2018,3,기타행사,"고난주간 특별새벽기도회: 주제-“예수님의 걸음, 예수님의 말씀“ 3/19~3/31(월-토), 5:30am 말씀: 임 광 목사",주보 (2018-03-04)
2018-03-19,2018,3,기타행사,"강당 전기공사: 3/19(월)-21(수) 오전까지 강당의 전기 공사를 합니다. 그 기간에 다목적대강당을 사용하는 과외활동은 취소하여 주시기 바랍니다. 고난주간 특별 새벽기도 주제: 예수님의 걸음, 예수님의 말씀 3/19~3/31(월-토), 5:30am 말씀: 임 광 목사 3/19 “친구여” (마태복음 26:50~52) 3/20 “내가 그니라” (마가복음 14:57~62) 3/21 “위에서 주지 아니 하셨더라면” (요한복음 19:10~13) 3/22 “주께서 돌이켜 보시고” (누가복음 22:61~62) 3/23 “나를 위하여 울지 말고” (누가복음 23:28~31) 3/24 “저희를 사하여 주옵소서” (누가복음 23:34) 3/26 “오늘 네가 나와 함께” (누가복음 23:43) 3/27 “여자여 보소서” (요한복음 19:26~27) 3/28 “엘리 엘리 라마 사박다니” (마가복음 15:33~34) 3/29 “내가 목마르다” (요한복음 19:28~29) 3/30 “다 이루었다” (요한복음 19:30) 3/31 “내 영혼을 아버지 손에” (누가복음 23:46)",주보 (2018-03-18)
2018-03-24,2018,3,세미나,"월은 선교 헌신의 달: “선교에 힘쓰는 교회-하나님을 위한, 하나님에 의한, 하나님의 선교” ➧스페니쉬 원더풀 스토리 선교세미나 3/24(토) 10am-3pm, 커버넌트채플(점심식사 제공) ➧다민족찬양축제 3/25(주일) 5pm 본당 (저녁식사 제공)",주보 (2018-03-18)
2018-03-25,2018,3,기타행사,표어: 우리 모두는 교회입니다 We the Church (사도행전 11:20~26),주보 (2018-03-25)
2018-03-30,2018,3,특별행사,"수난절 음악회, 주의만찬: 3/30(금) 8pm, “베르디의 영원한 안식” 음악회가 지구촌교회 본당에서 있습니다.",주보 (2018-03-11)
2018-04-01,2018,4,성례,침례식: 부활주일(4/1)에 침례받기를 원하시는 분은 지역목회자에게 신청바랍니다. 침례 교육이 3/4(주일)부터 있습니다.,주보 (2018-02-18)
2018-04-01,2018,4,임직/안수,안수식: 이빌립 전도사가 4/1(주일)에 목사 안수를 받습니다.,주보 (2018-03-18)
2018-04-01,2018,4,기타행사,표어: 우리 모두는 교회입니다 We the Church (사도행전 11:20~26),주보 (2018-04-01)
2018-04-05,2018,4,기타행사,매일성경 4/5월 호가 워싱턴지구촌교회 특별판으로 제작되었습니다. 책방에서 판매합니다.($8) 말씀묵상 참고 웹사이트: www.su.or.kr,주보 (2018-04-22)
2018-04-08,2018,4,세미나,"""MET 2018 모든 중/단기 선교 헌신자와 관심 있는 분을 초대 합니다 일시: 4/8(주일) 3pm 장소: 다목적 강당 김학숙 교수의 ""선교란 무엇인가""라는 세미나와 각팀 팀장선발 및 교육이 진행됩니다 """,주보 (2018-03-25)
2018-04-08,2018,4,특별행사,"셀 사역팀: Memorial Day에 있을 전교인 피크닉을 위한 준비모임이 4/8(주일) 1pm, 다목적 대강당에서 있습니다. 준비위원들은 꼭 참석하여 주시기 바랍니다.",주보 (2018-04-01)
2018-04-08,2018,4,기타행사,표어: 우리 모두는 교회입니다 We the Church (사도행전 11:20~26),주보 (2018-04-08)
2018-04-13,2018,4,창립,"부 예배 시간에 통역으로 섬기실 분을 찾습니다. 2018년 사역일정 2018년 전체 집회 및 모임 안내 4/13(금)-15(주일) “말씀과 함께하는 행복한 그리스도인” (강사-박수웅 장로: KOSTA/JAMA 강사) 5/28(월) 전교인 피크닉 8/6(월)-8/10(금) 여름성경학교(VBS) 11/9(금)-11(주일) 창립 44주년 기념 부흥 집회 (강사-노희송 목사: 토론토 큰빛교회 담임) 3/19-3/31 고난주간 특별새벽기도회 3/25 (주일) 종려주일/다민족 찬양축제 3/24 (토) 시니어토요학교 3/30 (금) 수난절 금요 음악회/주의만찬 스페니쉬 원더풀 선교 세미나 4/1 (주일) 부활주일, 침례식, 애니암스트롱 헌금",주보 (2018-03-18)
2018-04-15,2018,4,기타행사,표어: 우리 모두는 교회입니다 We the Church (사도행전 11:20~26),주보 (2018-04-15)
2018-04-15,2018,4,특별행사,"셀 사역팀: Memorial Day에 있을 전교인 피크닉을 위한 준비모임이 4/15(오늘) 1pm, 셀사무실에서 있습니다. 준비위원들은 꼭 참석하여 주시기 바랍니다.",주보 (2018-04-15)
2018-04-21,2018,4,기타행사,전교인 봄철 대청소: 4/21(토) 8-11:30am “우리 교회 내 몸 같이 깨끗이 사랑으로 가꾸자!” ➧간단한 아침식사와 점심이 제공됨. ➧전교회가 함께 해 주시면 감사하겠습니다. 문의: 김선호(301-257-4055),주보 (2018-04-01)
2018-04-22,2018,4,선교,"""MET 2018 페루 단기선교팀 모집: 선교의 열정을 가지신 분, 처음으로 선교 가시는 분, 누구나 참여할 수 있습니다. (항공료/숙식/사역비는 본인부담) 모집마감: 4/22/18 문의: 신상철 (240-401-4964), 최명혜(301-655-4998) ►사역지 : Peru Lima 빈민촌 ►일시 : 6/24(일)~7/1(일) ►사역내용: 전도(장년, 어린이), 의료(내과, 치과), 사진, 안경, 미용, VBS ►훈련시작: 4/15(주일) 12시, 110호/303호",주보 (2018-03-25)
2018-04-22,2018,4,기타행사,표어: 우리 모두는 교회입니다 We the Church (사도행전 11:20~26),주보 (2018-04-22)
2018-04-22,2018,4,기타행사,전교인 봄철 대청소에 참여한 모든 성도들께 감사 드립니다.,주보 (2018-04-22)
2018-04-22,2018,4,특별행사,"셀 사역팀: Memorial Day에 있을 전교인 피크닉을 위한 준비모임이 4/22(오늘) 1pm, 셀사무실에서 있습니다. 준비위원들은 꼭 참석하여 주시기 바랍니다. 문의: 준비위원장 지종훈(240-328-5536)",주보 (2018-04-22)
2018-04-27,2018,4,창립,축하: 정현/박지영 가정에 아들 이든(Ethan)이 4/27(금)에 출생했습니다. 2018년 사역일정 2018년 전체 집회 및 모임 안내 5/28(월) 전교인 피크닉 8/6(월)-8/10(금) 여름성경학교(VBS) 11/9(금)-11(주일) 창립 44주년 기념 부흥 집회 (강사-노희송 목사: 토론토 큰빛교회 담임) 5/5 (토) 미 동부지역 탁구대회 5/13 (주일) 어머니 주일(카네이션 달아드리기) 5/6 (주일) 어린이 주일/헌아례 소망회 어머니날 잔치 5/12 (토) 시니어토요학교 5/19 (토) 스페니쉬 전도 훈련,주보 (2018-04-29)
2018-04-29,2018,4,기타행사,표어: 우리 모두는 교회입니다 We the Church (사도행전 11:20~26),주보 (2018-04-29)
2018-04-29,2018,4,특별행사,"셀 사역팀: Memorial Day에 있을 전교인 피크닉을 위한 준비모임이 4/29(오늘) 1pm, 셀사무실에서 있습니다. 준비위원들은 꼭 참석하여 주시기 바랍니다. 문의: 준비위원장 지종훈(240-328-5536)",주보 (2018-04-29)
2018-05-06,2018,5,기타행사,매일성경 5/6월 호가 워싱턴지구촌교회 특별판으로 제작되었습니다. 책방 앞에서 판매합니다.($8) 말씀묵상 참고 웹사이트: www.su.or.kr 5월과 6월은 ‘신명기’로 말씀묵상을 합니다.,주보 (2018-04-29)
2018-05-06,2018,5,기타행사,표어: 우리 모두는 교회입니다 We the Church (사도행전 11:20~26),주보 (2018-05-06)
2018-05-13,2018,5,기타행사,표어: 우리 모두는 교회입니다 We the Church (사도행전 11:20~26),주보 (2018-05-13)
2018-05-13,2018,5,특별행사,감사: 소망회 어머니 잔치를 위해 이상자 집사님이 수고해 주셨습니다.,주보 (2018-05-13)
2018-05-20,2018,5,회의/의회,"정기제직회: 5/20(주일) 1:30pm, 커버넌트 채플",주보 (2018-05-13)
2018-05-20,2018,5,기타행사,표어: 우리 모두는 교회입니다 We the Church (사도행전 11:20~26),주보 (2018-05-20)
2018-05-20,2018,5,특별행사,전교인 피크닉을 통해 온 성도들이 그리스도 안에서 교제하는 기쁨을 누리길 위하여,주보 (2018-05-20)
2018-05-26,2018,5,창립,결혼: 허민 군(허기식/삼례 장로의 아들)과 권민경 양의 결혼식이 5/26(토) 한국에서 있습니다. 2018년 사역일정 2018년 전체 집회 및 모임 안내 5/28(월) 전교인 피크닉 8/6(월)-8/10(금) 여름성경학교(VBS) 11/9(금)-11(주일) 창립 44주년 기념 부흥 집회 (강사-노희송 목사: 토론토 큰빛교회 담임) 5/28 (월) 전교인 피크닉 6/9 (토) 시니어토요학교 6/2 (토) 교육팀 졸업만찬 6/10~10/13 제82기 중보기도 사역 6/3 (주일) 교육팀 졸업예배 6/11~6/13 SBC(남침례교단) 총회,주보 (2018-05-20)
2018-05-27,2018,5,기타행사,표어: 우리 모두는 교회입니다 We the Church (사도행전 11:20~26),주보 (2018-05-27)
2018-05-27,2018,5,특별행사,전교인 피크닉 가운데 기쁨과 나눔이 넘치기를 위하여,주보 (2018-05-27)
2018-05-28,2018,5,특별행사,"어린이 주일: 오늘은 어린이주일입니다. 우리의 자녀들이 예수님을 믿는 믿음과 예수님을 닮은 성품으로 자라날 수 있도록 기도 부탁드립니다. 우리교회 교육사역팀과 선생님들이 예수님의 사랑으로 자녀들을 가르치고 섬길 수 있도록 응원과 기도 부탁드립니다. 메모리얼데이 전교인 피크닉 주제: 기뻐하는 지구촌 가족(Rejoicing In Christ) (요한복음 15:11) 장소: Black Hill Regional Park (20930 Lake Ridge Dr, Boyds, MD 20841) 일시: 5/28(월) 10am 문의: 지종훈 집사, 배익호 목사 ➧어린이들을 위한 Game Station과 Moon Bounce가 설치됩니다. ➧맛있는 음식과 게임과 선물이 준비됩니다. ➧피크닉 당일(5/28,월)은 교회를 닫습니다.",주보 (2018-05-06)
2018-05-28,2018,5,창립,부 예배 시간에 통역으로 섬기실 분을 찾습니다. 문의: 김재환(202-425-8321) 2018년 사역일정 2018년 전체 집회 및 모임 안내 5/28(월) 전교인 피크닉 8/6(월)-8/10(금) 여름성경학교(VBS) 11/9(금)-11(주일) 창립 44주년 기념 부흥 집회 (강사-노희송 목사: 토론토 큰빛교회 담임) 5/12 (토) 시니어토요학교 5/18 (금) 금요 기도 모임 5/13 (주일) 어머니 주일(카네이션 달아드리기) 5/19 (토) 스페니쉬 전도 훈련 소망회 어머니 잔치 나라사랑 어머니회 바자회,주보 (2018-05-06)
2018-05-29,2018,5,특별행사,전교인 피크닉 개최,50주년 역사벽
2018-06-02,2018,6,특별행사,"교육팀 졸업예배/졸업만찬: ➧졸업만찬-6/2(토) 4pm, 다목적대강당 ➧중고등부 졸업예배-6/3(주일) 4부예배 메모리얼데이 전교인 피크닉 주제: 기뻐하는 지구촌 가족(Rejoicing In Christ) (요한복음 15:11) 장소: Black Hill Regional Park (20930 Lake Ridge Dr, Boyds, MD 20841) 일시: 5/28(월) 10am 문의: 지종훈 집사, 배익호 목사 ➧어린이들을 위한 Game Station과 Moon Bounce가 설치됩니다. ➧맛있는 음식과 게임과 선물이 준비됩니다. ➧피크닉 당일(5/28,월)은 교회를 닫습니다. ➧유초등부 졸업예배-6/24(주일) 3부예배",주보 (2018-05-20)
2018-06-03,2018,6,특별행사,"주의만찬: 6/3(주일) 각 예배시에 주의만찬이 있습니다. 5월 30일 선교사 수요 설교 하나님께서 이루신 일들에 감사하고 하나님께서 앞으로 하실 일을 기대하며 기도합시다. 메모리얼데이 전교인 피크닉 주제: 기뻐하는 지구촌 가족(Rejoicing In Christ) (요한복음 15:11) 장소: Black Hill Regional Park (20930 Lake Ridge Dr, Boyds, MD 20841) 일시: 5/28(월) 10am 문의: 지종훈 집사, 배익호 목사 ➧어린이들을 위한 Game Station과 Moon Bounce가 설치됩니다. ➧맛있는 음식과 게임과 선물이 준비됩니다. ** 당일 오전 7시에 비가 올 경우 교회에서 피크닉이 진행됩니다. 7시 이후 피크닉 장소 안내를 교회 전화(301-460-1656)로 확인하실 수 있습니다. 새가족반: 2018년 1기 수료 수료자 명단: 임순국, 임혜희, 정경화, 조명선, 조석진, 진한별, 임이래, 한정신 ➧제2기 새가족반은 6/17(주일, 4부예배 후)부터 7주간 진행됩니다.",주보 (2018-05-27)
2018-06-03,2018,6,선교,북미 원주민 단기선교팀 준비 모임: 6/3(주일) 2pm 새교우영접실. 신청하신 분들은 빠짐없이 참석해 주시기 바랍니다.,주보 (2018-05-27)
2018-06-03,2018,6,기타행사,표어: 우리 모두는 교회입니다 We the Church (사도행전 11:20~26),주보 (2018-06-03)
2018-06-10,2018,6,기타행사,표어: 우리 모두는 교회입니다 We the Church (사도행전 11:20~26),주보 (2018-06-10)
2018-06-10,2018,6,목회자 부임,부임: 장한중 목사(한어사역 부목사)께서 6/10(오늘) 부로 부임합니다.,주보 (2018-06-10)
2018-06-16,2018,6,선교,"GMCYO 단기선교: 6/16-21, 도미니칸 공화국",주보 (2018-06-10)
2018-06-17,2018,6,기타행사,표어: 우리 모두는 교회입니다 We the Church (사도행전 11:20~26),주보 (2018-06-17)
2018-06-19,2018,6,특별행사,"지구촌 탁구부 피크닉: 6/19(화) 12-2pm, 지구촌동산 ➧새로운 회원도 환영합니다. 문의: 신우현(240-535-0446)",주보 (2018-06-10)
2018-06-22,2018,6,창립,천국입성: 민삼길 장로님(민요환/동심 집사 부친)께서 6/22(금) 한국에서 하나님의 부르심을 받았습니다. 2018년 사역일정 2018년 전체 집회 및 모임 안내 8/6(월)-8/10(금) 여름성경학교(VBS) 11/9(금)-11(주일) 창립 44주년 기념 부흥 집회 (강사-노희송 목사: 토론토 큰빛교회 담임) 6/10-7/1 canned food 수집 7/13-22 청년연합 멕시코 단기선교 6/25-6/30 선교를 위한 기도 주간 7/16-20 단기선교 (XFuge) 7/2-7/6 KOSTA 7/20 (금) 금요 기도회,주보 (2018-06-24)
2018-06-24,2018,6,기타행사,표어: 우리 모두는 교회입니다 We the Church (사도행전 11:20~26),주보 (2018-06-24)
2018-06-24,2018,6,선교,"지구촌의 모든 선교의 사역을 위하여 (단기 선교, 파송 선교사, 협력 선교사, 자비량 선교사, 협동 선교사, 기도 후원 선교사)",주보 (2018-06-24)
2018-07-01,2018,7,기타행사,표어: 우리 모두는 교회입니다 We the Church (사도행전 11:20~26),주보 (2018-07-01)
2018-07-01,2018,7,선교,"코스타 중보기도팀 파송: 오늘 3부 예배시 (고옥자, 계영희, 윤효숙, 이종숙, 진선혜)",주보 (2018-07-01)
2018-07-01,2018,7,훈련/수련회,북미주유학생수련회(KOSTA)의 사역을 위하여,주보 (2018-07-01)
2018-07-03,2018,7,창립,"교역자 동정: 장한중 목사-이제부터 가정사역, 기도사역, 제자훈련과 지역목회를 담당합니다. 강현창 목사-개인 휴가: 7/3(화)~8(주일) 2018년 사역일정 2018년 전체 집회 및 모임 안내 8/6(월)-8/10(금) 여름성경학교(VBS) 11/9(금)-11(주일) 창립 44주년 기념 부흥 집회 (강사-노희송 목사: 토론토 큰빛교회 담임) 7/2-7/6 KOSTA 7/15 (주일) 제직회 7/13-22 청년연합 멕시코 단기선교 7/20 (금) 금요 기도회 7/16-20 단기선교 (XFuge) 7/29 (주일) GMC EM 예배 시작",주보 (2018-07-01)
2018-07-08,2018,7,기타행사,매일성경 7/8월 호가 워싱턴지구촌교회 특별판으로 제작되었습니다. 책방 앞에서 판매합니다.($8) 말씀묵상 참고 웹사이트: www.su.or.kr 7월과 8월은 ‘디모데후서와 열왕기하“로 말씀묵상을 합니다.,주보 (2018-06-24)
2018-07-08,2018,7,기타행사,표어: 우리 모두는 교회입니다 We the Church (사도행전 11:20~26),주보 (2018-07-08)
2018-07-13,2018,7,선교,"MET 2018 멕시코 청년 연합단기선교: 사역기간: 7/13(금)~22(주일) ➧수집 물품: 칫솔(어른 & 어린이), 치약, 여름 반팔 티셔츠 새것 (어른 & 어린이), 종합 비타민(어른 & 어린이), 모자, 이민가방(10개) ➧수집 기간/장소: 7/1(주일)까지, 다목적대강당 문의: 함석호(301-252-4320)",주보 (2018-06-03)
2018-07-15,2018,7,기타행사,표어: 우리 모두는 교회입니다 We the Church (사도행전 11:20~26),주보 (2018-07-15)
2018-07-17,2018,7,창립,교역자 동정: 배익호 목사-개인 휴가: 7/17(화)~21(토) 이빌립 목사-단기선교(XFuge): 7/16(월)~20(금) 2018년 사역일정 2018년 전체 집회 및 모임 안내 8/6(월)-8/10(금) 여름성경학교(VBS) 11/9(금)-11(주일) 창립 44주년 기념 부흥 집회 (강사-노희송 목사: 토론토 큰빛교회 담임) 7/16-20 단기선교 (XFuge) 7/29-30 목회자 전략회의 7/20 (금) 금요 기도회 8/6-10 여름성경학교 (VBS) 7/29 (주일) GMC EM 예배 시작 8/19-21 중고등부 여름 수련회,주보 (2018-07-15)
2018-07-22,2018,7,훈련/수련회,"교육팀 전체 PTA 모임: 7/22(주일) 1pm, 커버넌트 채플 <교육부 여름 사역> 교육사역팀의 여름 사역을 위해 기도해 주시고, 많은 관심과 참여, 섬김을 부탁드립니다. ➧ 여름성경학교: 8월 6일~10일 (월~금) ➧ 중고등부 수련회: 8월 19일~22일 (주일~수)",주보 (2018-07-08)
2018-07-22,2018,7,기타행사,표어: 우리 모두는 교회입니다 We the Church (사도행전 11:20~26),주보 (2018-07-22)
2018-07-22,2018,7,창립,부임: 곽대선 목사(한어사역 부목사)께서 7/22(오늘) 부로 부임합니다. 2018년 사역일정 2018년 전체 집회 및 모임 안내 8/6(월)-8/10(금) 여름성경학교(VBS) 11/9(금)-11(주일) 창립 44주년 기념 부흥 집회 (강사-노희송 목사: 토론토 큰빛교회 담임) 7/29 (주일) GMC EM 예배 시작 8/19-21 중고등부 여름 수련회 7/29-30 목회자 전략회의 8/26-28 사역자 가족 수양회 8/6-10 여름성경학교 (VBS) 9/8 (토) 시니어토요학교 개강,주보 (2018-07-22)
2018-07-24,2018,7,창립,천국입성: 신명순 집사(신영주 집사 남편)께서 7/24(화) 하나님의 부르심을 받았습니다. 은혜 중에 고별예배를 마쳤습니다. 2018년 사역일정 2018년 전체 집회 및 모임 안내 8/6(월)-8/10(금) 여름성경학교(VBS) 11/9(금)-11(주일) 창립 44주년 기념 부흥 집회 (강사-노희송 목사: 토론토 큰빛교회 담임) 7/29-30 목회자 전략회의 8/19-21 중고등부 여름 수련회 8/6-10 여름성경학교 (VBS) 8/26-28 사역자 가족 수양회 8/17 (금) 금요 기도 모임 9/8 (토) 시니어토요학교 개강,주보 (2018-07-29)
2018-07-29,2018,7,예배,영어예배(EM Worship) 시작,50주년 역사벽
2018-07-29,2018,7,기타행사,표어: 우리 모두는 교회입니다 We the Church (사도행전 11:20~26),주보 (2018-07-29)
2018-07-30,2018,7,세미나,"한눈에 보는 성경 세미나: 주관: 메릴랜드/델라웨어 한인침례교회 협의회 일시: 7/30(월) 10am~4pm(중식 제공), 7/31(화) 10am~12pm 회비: $20 장소: 지구촌교회 아가페채플",주보 (2018-07-29)
2018-08-01,2018,8,창립,"천국입성: 노득환 장로님 (노근식/춘희 집사 부친)께서 8/1(수) 한국에서 하나님의 부르심을 받았습니다, 2018년 사역일정 2018년 전체 집회 및 모임 안내 11/9(금)-11(주일) 창립 44주년 기념 부흥 집회 (강사-노희송 목사: 토론토 큰빛교회 담임) 8/6-10 여름성경학교 (VBS) 8/19,26,9/2,9 사역자 설교 시즌 8/17 (금) 금요 기도모임(프레션 메릴랜드 기도회) 8/26-28 사역자 가족 수양회 8/19-21 중고등부 여름 수련회 9/8 (토) 시니어토요학교 개강",주보 (2018-08-05)
2018-08-04,2018,8,선교,"선교사역팀: ➧위스콘신 북미원주민 선교 파송예배-8/4(주일) 4pm, 베다니교회 ➧고창 단기선교팀 모집: 11/5~12, 전도/미용 함께 할 분. 문의: 안철환(202-386-2061)",주보 (2018-07-29)
2018-08-05,2018,8,기타행사,표어: 우리 모두는 교회입니다 We the Church (사도행전 11:20~26),주보 (2018-08-05)
2018-08-05,2018,8,선교,"위스콘신 북미 원주민 단기선교팀: 선교 기간:8/5~11, 많은 기도 부탁드립니다 ➧파송: 8/5(오늘) 3부예배 시",주보 (2018-08-05)
2018-08-06,2018,8,창립,"감사: 미 동부 한인탁구연합회에서 감사헌금을 해주셨습니다. 2018년 사역일정 2018년 전체 집회 및 모임 안내 8/6(월)-8/10(금) 여름성경학교(VBS) 11/9(금)-11(주일) 창립 44주년 기념 부흥 집회 (강사-노희송 목사: 토론토 큰빛교회 담임) 6/3,24 (주일) 교육팀 졸업예배 6/10~6/24 canned food 수집 6/9 (토) 시니어토요학교 6/11~6/13 SBC(남침례교단) 총회 6/10~10/13 제82기 중보기도 사역 6/16~6/21 GMCYO 하이티 단기선교",주보 (2018-06-03)
2018-08-06,2018,8,창립,"월 8일 주일 4부, 5부예배: 한지은 선교사(위클리프)가 설교로 섬깁니다. 2018년 사역일정 2018년 전체 집회 및 모임 안내 8/6(월)-8/10(금) 여름성경학교(VBS) 11/9(금)-11(주일) 창립 44주년 기념 부흥 집회 (강사-노희송 목사: 토론토 큰빛교회 담임) 7/13-22 청년연합 멕시코 단기선교 7/20 (금) 금요 기도회 7/15 (주일) 제직회 7/29 (금) GMC EM 예배 시작 7/16-20 단기선교 (XFuge) 8/6-10 여름성경학교 (VBS)",주보 (2018-07-08)
2018-08-12,2018,8,기타행사,표어: 우리 모두는 교회입니다 We the Church (사도행전 11:20~26),주보 (2018-08-12)
2018-08-16,2018,8,창립,"교역자 동정: 임광 목사(개인 휴가) 8/16(목)~24(금) 2018년 사역일정 2018년 전체 집회 및 모임 안내 11/9(금)-11(주일) 창립 44주년 기념 부흥 집회 (강사-노희송 목사: 토론토 큰빛교회 담임) 8/17 (금) 금요 기도모임(프레션 메릴랜드 기도회) 8/26-28 사역자 가족 수양회 8/19-21 중고등부 여름 수련회 9/2 (주일) 62기 전도폭발 정규 훈련 시작 8/19,26,9/2,9 사역자 설교 시즌 9/8 (토) 시니어토요학교 개강",주보 (2018-08-12)
2018-08-19,2018,8,선교,"지구촌 영어예배가 7월 29일 시작했습니다: 시간: 오전 10시 장소: 아가페 채플 D 여름성경학교(VBS)를 기도와 섬김과 물질로 함께 해주신 성도님 감사합니다. <2018 중고등부 여름 수련회> 주제: Kingdom of God 8/19(주일)~8/21(화), 강사: 최대벽 목사님(Pastor Eli Choi) 온 성도들의 기도 부탁드립니다. 사역자 설교 시즌 주제: “함께 하는 교회” 8/19 함께 모이는 공동체 (사도행전 2:42-47) 강현창 목사 8/26 함께 상고하는 공동체 (사도행전 17:10-12) 장한중 목사 9/2 함께 제자삼는 공동체 (사도행전 20:25-35) 곽대선 목사 9/9 함께 파송하는 공동체 (사도행전 11:19-30) 배익호 목사",주보 (2018-08-12)
2018-08-19,2018,8,기타행사,표어: 우리 모두는 교회입니다 We the Church (사도행전 11:20~26),주보 (2018-08-19)
2018-08-19,2018,8,성례,"남침례교단(주총회,지방회,국내/국제 선교부)의 사역을 위하여",주보 (2018-08-19)
2018-08-26,2018,8,은퇴,"손형식 목사 은퇴 및 원로 목사 취임: 8/26(주일) 4pm, 필그림교회에서 있습니다.",주보 (2018-08-19)
2018-08-26,2018,8,기타행사,표어: 우리 모두는 교회입니다 We the Church (사도행전 11:20~26),주보 (2018-08-26)
2018-08-26,2018,8,훈련/수련회,교역자 가족 수련회: 8/26(오늘)~28(화),주보 (2018-08-26)
2018-09-02,2018,9,기타행사,표어: 우리 모두는 교회입니다 We the Church (사도행전 11:20~26),주보 (2018-09-02)
2018-09-02,2018,9,성례,"남침례교단(한인총회, 한인총회 국제/국외 선교부)의 사역을 위하여",주보 (2018-09-02)
2018-09-09,2018,9,기타행사,표어: 우리 모두는 교회입니다 We the Church (사도행전 11:20~26),주보 (2018-09-09)
2018-09-10,2018,9,기타행사,매일성경 9/10월 호가 워싱턴지구촌교회 특별판으로 제작되었습니다. 책방 앞에서 판매합니다.($8) 9월과 10월은 ‘로마서와 예레미야’로 말씀묵상을 합니다.,주보 (2018-08-26)
2018-09-16,2018,9,회의/의회,월 정기제직회와 사무총회 일정: ➧정기제직회: 9/16(주일) 1:30pm ➧정기사무총회: 9/30(주일) 1:30pm,주보 (2018-08-26)
2018-09-16,2018,9,선교,"월 정기제직회와 사무총회 일정: ➧정기제직회: 9/16(주일) 1:30pm ➧정기사무총회: 9/30(주일) 1:30pm 사역자 설교 시즌 주제: “함께 하는 교회” 8/19 함께 모이는 공동체 (사도행전 2:42-47) 강현창 목사 8/26 함께 상고하는 공동체 (사도행전 17:10-12) 장한중 목사 9/2 함께 제자삼는 공동체 (사도행전 20:25-35) 곽대선 목사 9/9 함께 파송하는 공동체 (사도행전 11:19-30) 배익호 목사 제자훈련/성서대학 가을학기 강의일정 (개강: 9/16) 개강일/시간 과목 교사 교실 평신도 성서대학 주일 9/16, 9:30am 기독교 핵심교리 1 장한중 142호 9/16, 11:30am Walk thru the Bible 배익호 아가페채플 필수반 주일 8/26, 12:45pm 새 가족반 - 7주 담임목사 31호 기본 프로그램 주일 9/16, 9am 교회사 1 성명진 115호 9/16, 1pm 하나님이 만난 여성과 여성이 만난 하나님 계영희 115호 9/16, 10am 신명나게 배우는 신명기 성경공부 권순욱 117호 9/16, 11:30am 재미있는 성경 연구(귀납법)-로마서 2 강동인 117호 9/16, 10am 신앙과 컴퓨터 - 초급 이주원 308호 9/16, 12pm 신앙과 컴퓨터 - 중급 이주원 308호 9/16, 10am 행복한 가족교실 강지영/박윤정 326호 9/16, 11:40am 목적이 이끄는 삶 전수복 326호 9/16, 1pm 하나님을 경험하는 삶 김학숙 326호 주중 9/13, 목, 10am 여성제자반 장한중 204호 9/14, 금, 7pm 기도의 삶 - 중보기도 훈련/실습 최인돈 102호 장년 성경공부 주일 9/2, 8:15am 갈라디아서/야고보서 권오빈 104호 9/2, 8:45am 갈라디아서/야고보서 - 영어 Ron Krams/주혜선 316C 9/2, 10am 갈라디아서/야고보서 이자선 104호 9/2, 11:30am 갈라디아서/야고보서 안철환 115호",주보 (2018-09-02)
2018-09-16,2018,9,기타행사,표어: 우리 모두는 교회입니다 We the Church (사도행전 11:20~26),주보 (2018-09-16)
2018-09-16,2018,9,세미나,"월 정기제직회와 사무총회 일정: ➧정기제직회: 9/16(오늘) 1:30pm ➧정기사무총회: 9/30(주일) 1:30pm 부흥집회 교회협의회 주관 지역 부흥집회가 우리 교회에서 있습니다. 강사: 장경동 목사(대전중문침례교회) 일시: 9/21(금) 7:30pm, 9/22(토) 5:30am 제자훈련/성서대학 가을학기 강의일정 (개강: 9/16) 개강일/시간 과목 교사 교실 평신도 성서대학 주일 9/16, 9:30am 기독교 핵심교리 1 장한중 142호 9/16, 11:30am Walk thru the Bible 배익호 아가페채플 필수반 주일 8/26, 12:45pm 새 가족반 - 7주 담임목사 314호 기본 프로그램 주일 9/16, 9:10am 교회사 1 성명진 115호 9/16, 1pm 하나님이 만난 여성과 여성이 만난 하나님 계영희 115호 9/16, 10am 신명나게 배우는 신명기 성경공부 권순욱 117호 9/16, 11:30am 재미있는 성경 연구(귀납법)-로마서 2 강동인 117호 9/16, 10am 신앙과 컴퓨터 - 초급 이주원 308호 9/16, 12pm 신앙과 컴퓨터 - 중급 이주원 308호 9/16, 10am 행복한 가족교실 강지영/박윤정 326호 9/16, 11:40am 목적이 이끄는 삶 전수복 326호 9/16, 1pm 하나님을 경험하는 삶 김학숙 326호 주중 9/13, 목, 10am 여성제자반 장한중 204호 9/14, 금, 7pm 기도의 삶 - 중보기도 훈련/실습 최인돈 102호 장년 성경공부 주일 9/2, 8:15am 갈라디아서/야고보서 권오빈 104호 9/2, 8:45am 갈라디아서/야고보서 - 영어 Ron Krams/주혜선 316C 9/2, 10am 갈라디아서/야고보서 이자선 104호 9/2, 11:30am 갈라디아서/야고보서 안철환 115호 가정사역 세미나 주제: “하나님이 세우신 가정, 아버지의 역할” 강사: 양연승 목사(미주 두란노 아버지학교 강사) 일시: 10/12(금) 7pm, 10/13(토) 10am, 장소: 아가페 채플 신청문의: 김규호 집사 *강당에 신청을 위한 부스가 마련되어 있습니다.",주보 (2018-09-16)
2018-09-16,2018,9,선교,"독일 단기선교팀 물품 수집: 시리아 난민을 위한 작은 선물들-악세서리, 인형/장난감, 학용품 등 문의: 홍명순 집사(301-219-3432)",주보 (2018-09-16)
2018-09-21,2018,9,부흥회/집회,"부흥집회: 교회협의회 주관 지역 부흥집회가 우리 교회에서 있습니다. 강사: 장경동 목사(대전중문침례교회) 일시: 9/21(금) 8pm, 9/22(토) 5:30am",주보 (2018-09-02)
2018-09-23,2018,9,기타행사,표어: 우리 모두는 교회입니다 We the Church (사도행전 11:20~26),주보 (2018-09-23)
2018-09-23,2018,9,특별행사,"추석: 추석 명절입니다. 모든 성도님들의 가정에 풍성한 기쁨이 가득하시길 축복합니다. 소망회 추석잔치: 9/23(오늘) 11:30am, 소망회실에서 있습니다.",주보 (2018-09-23)
2018-09-23,2018,9,훈련/수련회,북미주 유학생 수련회(KOSTA)의 사역을 위하여,주보 (2018-09-23)
2018-09-23,2018,9,선교,"독일 단기선교팀 물품 수집: 시리아 난민을 위한 작은 선물들-악세서리, 인형/장난감, 학용품 등 문의: 홍명순 집사(301-219-3432)",주보 (2018-09-23)
2018-09-24,2018,9,창립,"교역자 동정: 임 광 목사(출장: KGMS 모임, 9/24~26) 2018년 사역일정 2018년 전체 집회 및 모임 안내 11/9(금)-11(주일) 창립 44주년 기념 부흥 집회 (강사-노희송 목사: 토론토 큰빛교회 담임) 10/9~18 독일, 시리아 난민 단기선교 10/13 (토) 한미조찬기도회 10/10 (수) 장미경 집사 찬양집회 시니어토요학교 10/12~13 가정사역 세미나 10/14 (주일) 헌혈, 그레이스 오토하프 연주회",주보 (2018-09-23)
2018-09-30,2018,9,회의/의회,정기사무총회: 지난 제직회에서는 9/30로 예정된 정기사무총회에서 다룰 안건이 없으므로 정기사무총회는 열지 않기로 결정 되었습니다.,주보 (2018-09-23)
2018-09-30,2018,9,기타행사,표어: 우리 모두는 교회입니다 We the Church (사도행전 11:20~26),주보 (2018-09-30)
2018-10-01,2018,10,창립,"교역자 동정: 장한중 목사, 곽대선 목사(출장: 전도폭발 임상훈련, 10/1~5) 2018년 사역일정 2018년 전체 집회 및 모임 안내 11/9(금)-11(주일) 창립 44주년 기념 부흥 집회 (강사-노희송 목사: 토론토 큰빛교회 담임) 10/9~18 독일, 시리아 난민 단기선교 10/13 (토) 한미조찬기도회 10/10 (수) 장미경 집사 찬양집회 시니어토요학교 10/12~13 가정사역 세미나 10/14 (주일) 헌혈, 그레이스 오토하프 연주회",주보 (2018-09-30)
2018-10-01,2018,10,창립,"층의 여자화장실 공사를 10/1(월)부터 시작, 계속하고 있습니다. 교육사역팀 ➧특송: 10/21(오늘) 3부, 4부 예배 시 ➧할렐루야 게임 나이트: 10/31(수) 6:30~8:30 문의: 김은예 전도사 복장: 운동에 적합한 편한 신발과 의상(no costume) 할렐루야 게임 나이트에 필요한 펀드 기부를 받습니다. 강당에 부스가 마련되어 있습니다. 많은 참여와 기도 부탁드립니다. 창립 44주년 기념 부흥 집회 주제: 이끌림(요한복음 21:18) 강사: 노희송 목사(토론토 큰빛교회 담임) 일시: 11/9(금) ~ 11(주일) 지구촌 창립 기념 부흥회에 지구촌 성도님 모두를 초청합니다. 저녁 집회 시간에 주일학교와 영어중고등부도 자체 집회가 진행됩니다. 감사절 특별새벽기도회 “고통중에서도 감사하는 사람들” (Thanksgiving in Suffering) 11/12(월)~11/17(토) 매일 새벽 5:30 말씀: 임광 목사 11/12 (월) “보호하시는 하나님“ 시편 3편 11/13 (화) “공의로우신 하나님“ 시편 7편 11/14 (수) “함께 하시는 하나님“ 시편 34편 11/15 (목) “새롭게 하시는 하나님“ 시편 51편 11/16 (금) “비전을 주시는 하나님“ 시편 57편 11/17 (토) “모든 것 되시는 하나님“ 시편 108편",주보 (2018-10-21)
2018-10-04,2018,10,창립,"천국입성: 송병철 집사님(이용호/은미 집사의 장인)께서 10/4(목) 한국에서 하나님의 부르심을 받았습니다. 2018년 사역일정 2018년 전체 집회 및 모임 안내 11/9(금)-11(주일) 창립 44주년 기념 부흥 집회 (강사-노희송 목사: 토론토 큰빛교회 담임) 10/9~18 독일, 시리아 난민 단기선교 10/13 (토) 한미조찬기도회 10/10 (수) 장미경 집사 찬양집회 시니어토요학교 10/12~13 가정사역 세미나 10/14 (주일) 헌혈, 그레이스 오토하프 연주회",주보 (2018-10-07)
2018-10-07,2018,10,기타행사,표어: 우리 모두는 교회입니다 We the Church (사도행전 11:20~26),주보 (2018-10-07)
2018-10-09,2018,10,선교,"독일, 시리아 단기선교: 기간: 10/9(화)~18(목) ➧물품 수집: 시리아 난민을 위한 작은 선물들-악세서리, 인형/장난감, 학용품 등 문의: 홍명순 집사(301-219-3432)",주보 (2018-09-30)
2018-10-09,2018,10,선교,독일/시리아 난민 단기선교: 기간: 10/9(화)~18(목) ➧김남용 신혜숙 정성순 주문옥 탁경성 홍명순,주보 (2018-10-07)
2018-10-13,2018,10,창립,"결혼: Melanie Kim(김재환/정희 집사 장녀)과 Deniel Yoo가 10/13(토) 결혼 하였습니다. 2018년 사역일정 2018년 전체 집회 및 모임 안내 11/9(금)-11(주일) 창립 44주년 기념 부흥 집회 (강사-노희송 목사: 토론토 큰빛교회 담임) 10/9~18 독일, 시리아 난민 단기선교 10/31 (수) 할렐루야 나이트 10/19 (금) 금요 기도 모임 11/5-12 고창 단기선교 10/27 (토) 시니어토요학교 11/9-11 창립44주년 기념 부흥집회",주보 (2018-10-14)
2018-10-14,2018,10,세미나,"기도사역팀: ➧83기 중보기도 사역자 모집: 사역 기간: 10/14(주일)~2/9/2019 전산으로도 사역에 참여하실 수 있습니다. *중앙복도에서 신청 받습니다. ➧Youth 코스타 중보기도 사역자 모집: 기간/장소: 11/21(수)~24(토), North Bay Adventure Camp *소액의 개인경비가 있을 수 있습니다. 문의: 장한중 목사 가정사역 세미나 주제: “하나님이 세우신 가정, 아버지의 역할” 강사: 양연승 목사(미주 두란노 아버지학교 강사) 일시: 10/12(금) 7pm, 10/13(토) 10am, 장소: 아가페 채플 신청문의: 김규호 집사 *강당에 신청을 위한 부스가 마련되어 있습니다. 한미 조찬 기도회 한국과 미국을 위한 조찬기도회가 있습니다. 일시: 10/13(토) 오전 7시, 장소: 본당 말씀: 하형록 목사 (Timothy Haahs & Associates 회장) (기도회 후에 조식이 있습니다)",주보 (2018-09-30)
2018-10-14,2018,10,기타행사,표어: 우리 모두는 교회입니다 We the Church (사도행전 11:20~26),주보 (2018-10-14)
2018-10-21,2018,10,세미나,"감사: 한미조찬기도회와 아버지 세미나를 은혜 중에 잘 마쳤습니다. 함께 해주신 분들께 감사드립니다. 교육사역팀 ➧특송: 10/21(주일) 3부, 4부 ➧예배 리더 훈련: 10/20(토) 4-8pm, 카타콤 채플 훈련 대상: 4학년~8학년 주제: ①예배와 봉사의 의미 ②하나님께 영광이 되는 예배와 봉사 ③진실되고 활기 넘치는 바디워십 ➧할렐루야나이트: 10/31(수)에 있는 할렐루야나이트에 필요한 도네이션을 받습니다. 강당에 부스가 마련되어 있습니다. 많은 참여와 기도 부탁 드립니다.",주보 (2018-10-14)
2018-10-21,2018,10,기타행사,표어: 우리 모두는 교회입니다 We the Church (사도행전 11:20~26),주보 (2018-10-21)
2018-10-26,2018,10,창립,축하: 이재선/정다운 가정에 아들 라온이 10/26에 태어났습니다. 2018년 사역일정 10/31 (수) 할렐루야 게임 나이트 11/10 (토) 시니어토요학교 11/4 (주일) 새가족 환영회 11/9-11 창립 44주년 기념 부흥 집회 11/5-12 고창 단기선교 11/12~15 전국 침례교 목회자 사모 수련회,주보 (2018-10-28)
2018-10-28,2018,10,창립,결혼: 오소희(오동수/홍월희 집사 장녀)와 이영진의 결혼식이 10/28 볼티모어에서 있습니다. 2018년 사역일정 2018년 전체 집회 및 모임 안내 11/9(금)-11(주일) 창립 44주년 기념 부흥 집회 (강사-노희송 목사: 토론토 큰빛교회 담임) 10/27 (토) 시니어토요학교 11/5-12 고창 단기선교 10/31 (수) 할렐루야 게임 나이트 11/10 (토) 시니어토요학교 11/4 (주일) 새가족 환영회 11/12~15 전국 침례교 목회자 사모 수련회,주보 (2018-10-21)
2018-10-28,2018,10,기타행사,표어: 우리 모두는 교회입니다 We the Church (사도행전 11:20~26),주보 (2018-10-28)
2018-10-28,2018,10,창립,창립 44주년 기념 부흥집회에 하나님의 풍성한 은혜가 넘치길 위하여,주보 (2018-10-28)
2018-11-01,2018,11,창립,"천국입성: 정순요 권사(정성진/은미 집사 모친)께서 11/1(목)에 하나님의 부르심을 받았습니다. 고별예배는 11/5(월) 10am, Howell Funeral Home에서 있습니다. 2018년 사역일정 11/9-11 창립 44주년 기념 부흥 집회 11/12-17 감사절 특별새벽기도 11/10 (토) 시니어토요학교 11/17 (토) 가을철 전교인 대청소 11/12-15 전국 침례교 목회자 사모 수련회 11/24 (토) 시니어 토요학교 종강",주보 (2018-11-04)
2018-11-04,2018,11,창립,"섬머타임 해제: 11/4(주일)에 섬머타임이 해제됩니다. 새벽 2시가 새벽 1시로 변경됩니다. 할렐루야 게임 나이트 ➧10/31(수) 6:30~8:30 문의: 김은예 전도사 복장: 운동에 적합한 편한 신발과 의상(no costume) 할렐루야 게임 나이트에 펀드 기부로 동참해주신 모든 분께 감사드립니다. 창립 44주년 기념 부흥 집회 주제: 이끌림(요한복음 21:18) 강사: 노희송 목사(토론토 큰빛교회 담임) 11/9 (금) 7:30pm 깊은 곳으로 인도하시는 예수님 누가복음 5:1~11 11/10 (토) 5:30am 물 위를 걷도록 인도하시는 예수님 마태복음 14:22~29 7:30pm 십자가의 길로 인도하시는 예수님 마가복음 8:27~38 11/11 (주일) 2-3부 첫 사랑에서 성숙한 사랑으로 이끌어 주시는 하나님 요한복음 21:15~18 4/5부, EM 회복되는 하나님 나라의 비전 Restoring the Kingdom Vision 느헤미아 1:2~5 (Nehemiah 1:2~5) Youth Min. Restoration of daily life Pastor Joon Oh Children’s Pastor Kathy Kim 지구촌 창립 기념 부흥회에 지구촌 성도님 모두를 초청합니다. 감사절 특별 새벽 기도회 “고통 중에서도 감사하는 사람들” (Thanksgiving in Suffering) 11/12(월)~11/17(토) 매일 새벽 5:30 말씀: 임광 목사 11/12 (월) “보호하시는 하나님“ 시편 3편 11/15 (목) “새롭게 하시는 하나님“ 시편 51편 11/13 (화) “공의로우신 하나님“ 시편 7편 11/16 (금) “비전을 주시는 하나님“ 시편 57편 11/14 (수) “함께 하시는 하나님“ 시편 34편 11/17 (토) “모든 것 되시는 하나님“ 시편 108편",주보 (2018-10-28)
2018-11-04,2018,11,기타행사,표어: 우리 모두는 교회입니다 We the Church (사도행전 11:20~26),주보 (2018-11-04)
2018-11-04,2018,11,창립,창립 44주년 기념 부흥집회와 오시는 강사 노희승 목사님에게 하나님의 풍성한 은혜가 넘치길 위하여,주보 (2018-11-04)
2018-11-04,2018,11,선교,고창 단기선교팀의 사역을 위하여,주보 (2018-11-04)
2018-11-05,2018,11,선교,"고창 단기선교팀 모집: 11/5~12, 전도/미용 함께 할 분. 문의: 안철환(202-386-2061)",주보 (2018-08-05)
2018-11-05,2018,11,선교,"고창 단기선교: 11/5~12 많은 기도 부탁드립니다. 팀원: 김정희, 안옥경, 안철환, 이경호, 이종선, 정득현",주보 (2018-11-04)
2018-11-09,2018,11,창립,주차: ➧주일에 잔디에 주차하는 것은 허락된 사항임을 카운티에 확인하였습니다. 예전대로 잔디에 주차하셔도 됩니다. ➧소방구역(fire lane)은 주차 금지구역 입니다. 2018년 사역일정 2018년 전체 집회 및 모임 안내 11/9(금)-11(주일) 창립 44주년 기념 부흥 집회 (강사-노희송 목사: 토론토 큰빛교회 담임) 9/3 (월) 노동절 9/16 (주일) 제자훈련팀 가을학기 개강 9/8 (토) 시니어토요학교 개강 제직회,주보 (2018-09-02)
2018-11-11,2018,11,기타행사,표어: 우리 모두는 교회입니다 We the Church (사도행전 11:20~26),주보 (2018-11-11)
2018-11-11,2018,11,창립,창립 44주년 부흥집회 감사: 부흥집회를 허락하시고 은혜를 허락하신 하나님께 감 사 드립니다. 또한 설교로 섬겨주신 노희송 목사님(큰빛교회)께 감사드립니다. 여러 가지로 섬겨주시고 참여해주신 모든 지구촌 가족에게 감사드립니다.,주보 (2018-11-11)
2018-11-11,2018,11,기타행사,감사절 특별새벽기도회에 감사가 넘치길 위하여,주보 (2018-11-11)
2018-11-12,2018,11,성례,전국 침례교 목회자 사모 수련회가 우리 교회에서 있습니다: 일시: 11/12(월)~15(수) 모든 사모님들이 위로와 안식을 얻을 수 있도록 기도해 주세요.,주보 (2018-10-21)
2018-11-12,2018,11,기타행사,매일성경 11/12월 워싱턴지구촌교회 특별판이 책방에 준비되었습니다. 책방 앞에서 판매합니다.($8) 11월과 12월은 ‘예레미야’로 계속 말씀묵상을 합니다.,주보 (2018-10-28)
2018-11-12,2018,11,창립,매일성경 11/12월 워싱턴지구촌교회 특별판이 책방에 준비되었습니다. 책방 앞에서 판매합니다.($8) 11월과 12월은 ‘예레미야’로 계속 말씀묵상을 합니다. 2018년 사역일정 11/12-15 전국 침례교 목회자 사모 수련회 11/18 감사 주일 11/12-17 감사절 특별새벽기도 11/18-12/16 노숙자를 위한 침낭 수집 11/17 (토) 가을철 전교인 대청소 11/24 (토) 시니어 토요학교 종강,주보 (2018-11-11)
2018-11-17,2018,11,기타행사,전교인 가을철 대청소: 11/17(토) 8-11:30am “우리 교회 내 몸 같이 깨끗이 사랑으로 가꾸자!” ➧간단한 아침식사와 점심이 제공됨. ➧전교회가 함께 해 주시면 감사하겠습니다. 문의: 김선호(301-257-4055),주보 (2018-11-04)
2018-11-18,2018,11,기타행사,"감사주일: 11/18(다음 주일)은 감사주일로 지킵니다. ➧감사절 과일: 11/16(금)과 11/17(토) 12pm까지 본당의 감사테이블을 장식할 과일을 도네 이션 받습니다. 장식했던 과일을 나눔이 필요한 곳, 나누기 원하는 곳이 있으면 사무실에 알려주시기 바랍니다. 문의: 배익호 목사, 강현창 목사 감사절 특별 새벽 기도회 “고통 중에서도 감사하는 사람들” (Thanksgiving in Suffering) 11/12(월)~11/17(토) 매일 새벽 5:30 말씀: 임광 목사 11/12 (월) “보호하시는 하나님” 시편 3편 11/13 (화) “공의로우신 하나님” 시편 7편 11/14 (수) “함께 하시는 하나님” 시편 34편 11/15 (목) “새롭게 하시는 하나님” 시편 51편 11/16 (금) “비전을 주시는 하나님” 시편 57편 11/17 (토) “모든 것 되시는 하나님” 시편 108편",주보 (2018-11-11)
2018-11-18,2018,11,기타행사,표어: 우리 모두는 교회입니다 We the Church (사도행전 11:20~26),주보 (2018-11-18)
2018-11-18,2018,11,부흥회/집회,부흥집회 CD가 준비되었습니다: 1가정 당 1개씩 가져가시기 바랍니다.,주보 (2018-11-18)
2018-11-20,2018,11,성례,"교역자 동정: 배익호 목사-휴가(11/20-21), 강현창 목사-유스코스타 참석(11/21-24) 2018년 12월 년말 일정 12/2 (주일) GMCYO 정기연주회 12/25 (화) 성탄예배/침례식 12/8 (토) EM 크리스마스 파티 12/27-29 HS/MS 겨울 수련회 12/22 (토) HS 크리스마스 파티 12/31 (월) 송구영신예배/주의만찬 12/23 (주일) 성탄 가족예배 1/2-5,2019 신년특별새벽기도회 2018년 사역일정 11/18-12/16 노숙자를 위한 침낭 수집 11/24 (토) 시니어 토요학교 종강 11/22 (목) 감사절 노숙자 food 나눔 12/21 (금) 금요 기도회",주보 (2018-11-18)
2018-11-25,2018,11,기타행사,표어: 우리 모두는 교회입니다 We the Church (사도행전 11:20~26),주보 (2018-11-25)
2018-11-25,2018,11,성례,침례식: 성탄예배 때 침례받기를 원하시는 분은 지역목회자에게 신청바랍니다. 문의: 장한중 목사,주보 (2018-11-25)
2018-11-25,2018,11,부흥회/집회,부흥집회 CD가 준비되었습니다: 1가정 당 1개씩 가져가시기 바랍니다.,주보 (2018-11-25)
2018-12-02,2018,12,성례,"감사의 기쁨을 사진으로 남기세요: 본당 앞 로비에 사진 촬영을 위한 부스가 있습니다. 2018년 12월 년말 일정 12/2 (주일) GMCYO 정기연주회 12/25 (화) 성탄예배/침례식 12/8 (토) EM 크리스마스 파티 12/27-29 HS/MS 겨울 수련회 12/22 (토) HS 크리스마스파티 / MS 크리스마스파티 12/31 (월) 송구영신예배/주의만찬 12/23 (주일) 성탄 가족예배 1/2-5,2019 신년특별새벽기도회 2018년 사역일정 11/18-12/16 노숙자를 위한 침낭 수집 11/24 (토) 시니어 토요학교 종강 11/22 (목) 감사절 노숙자 food 나눔 12/21 (금) 금요 기도회",주보 (2018-11-25)
2018-12-02,2018,12,기타행사,표어: 우리 모두는 교회입니다 We the Church (사도행전 11:20~26),주보 (2018-12-02)
2018-12-08,2018,12,성례,"성탄의 기쁨을 사진으로 남기세요: 본당 앞 로비의 부스에서 사진을 찍으며 추억을 만드세요. 2018년 12월 연말 일정 12/8 (토) EM 크리스마스 파티 12/25 (화) 성탄예배/침례식 12/9,16,23 라티문 선교헌금 12/25 (화) DC 침낭 나눔 12/21 (금) 금요 기도회 12/27-29 HS/MS 겨울 수련회 12/22 (토) HS 크리스마스파티 / MS 크리스마스파티 12/31 (월) 송구영신예배/주의만찬 12/23 (주일) 성탄 가족예배 12/31 (월) 교회 close 12/24 (월) 교회 close 12/31-1/5,2019 신년 특별 새벽기도회",주보 (2018-12-02)
2018-12-09,2018,12,회의/의회,"사무총회록 팀별 사역보고/계획서: 각 사역팀은 2018~2019년도 사역보고서/계획서를 12/9(주일)까지 배익호 목사(817-789-5763, ikho.bae@gmcusa.org)께 제출 바랍니다.",주보 (2018-11-18)
2018-12-09,2018,12,선교,파송선교사 성탄카드 작성 및 선물: 일시: 12/9-12/23(주일) 장소: 다목적대강당 지구촌교회 파송선교사님들을 위한 성탄카드와 헌금에 기도하는 마음으로 동참 바랍니다.,주보 (2018-12-02)
2018-12-09,2018,12,기타행사,표어: 우리 모두는 교회입니다 We the Church (사도행전 11:20~26),주보 (2018-12-09)
2018-12-09,2018,12,성례,"성탄절: ➧침례식: 성탄예배 때 침례 받기를 원하시는 분은 지역목회자에게 신청바랍니다. 문의: 배익호 목사(817-789-5763, ikho.bae@gmcusa.org) ➧라티문 헌금: 해외선교에 100% 드려지는 선교헌금에 동참해 주시면 감사하겠습니다. 헌금: 12/9(주일), 12/16(주일), 12/23(주일), 12/25(성탄예배) ➧성탄 가족예배: 12/23(주일) 오후 3시에는 온가족(교육부)와 온교회(찬양대)가 함께하는 가족예배가 있습니다. 많은 관심과 기도 부탁드립니다. 예배 후 다과가 있습니다. (예배 후에 아이들에게 나눌 선물 도네이션을 받습니다.)",주보 (2018-12-09)
2018-12-16,2018,12,성례,"제직 추천자 수락서 제출: 지구촌 교회의 제직 대상자는 ①구원의 확신이 있는 침례나 세례를 받은 분 ②지구촌교회 제자훈련 필수반을 이수한 분 ③우리 교회에 등록하고 2년 이상 된 분 (우리 교회 서리집사로 섬기시던 분 중에 70세 이상인 분은 교회 헌장에 의해 명예은퇴집사로 섬기게 됨) 제직 대상에 해당 되는데 추천서를 못 받은 성도님도 제직 헌신서약서를 12/16(주일)까지 교회 사무실로 제출해 주시기 바랍니다. 문의: 배익호 목사(817-789-5763, ikho.bae@gmcusa.org)",주보 (2018-11-18)
2018-12-16,2018,12,회의/의회,"연말제직회: 12/16(주일) 1:30PM, 커버넌트채플",주보 (2018-12-02)
2018-12-16,2018,12,성례,"성탄절: ➧침례식: 성탄예배 때 침례 받기를 원하시는 분은 지역목회자에게 신청바랍니다. 문의: 배익호 목사(817-789-5763, ikho.bae@gmcusa.org) ➧라티문 성탄헌금: 해외선교에 100% 드려지는 선교헌금에 동참해 주시면 감사하겠습니다. 헌금: 12.9(주일), 12/16(주일), 12/23(주일), 12/25(성탄예배) ➧성탄 가족예배: 12/23(주일) 오후 3시에는 온가족(교육부)와 온교회(찬양대)가 함께하는 가족예배가 있습니다. 많은 관심과 기도 부탁드립니다. 예배 후 다과가 있습니다. (예배 후에 아이들에게 나눌 선물 도네이션을 받습니다. 문의/신청: 교회 사무실)",주보 (2018-12-02)
2018-12-16,2018,12,기타행사,표어: 우리 모두는 교회입니다 We the Church (사도행전 11:20~26),주보 (2018-12-16)
2018-12-16,2018,12,회의/의회,"연말제직회: 12/16(오늘) 1:30pm, 커버넌트채플 안건: EM(영어사역)팀, 신규 부서 제정",주보 (2018-12-16)
2018-12-23,2018,12,기타행사,표어: 우리 모두는 교회입니다 We the Church (사도행전 11:20~26) “예수님께서 우리에게 오셨습니다.” 성탄의 기쁨이 온 성도님들에게 함께 하시길 축복합니다.,주보 (2018-12-23)
2018-12-24,2018,12,회의/의회,", 12/31(월, 5pm 까지)은 교회 문을 닫습니다. 2018년 12월 연말 일정 12/9,16,23 각 예배시 라티문 선교헌금 12/25(화) 10am 성탄예배/침례식 12/16(주일) 1:30pm 연말제직회 12/27-29 HS/MS 합동 겨울수련회 12/22(토) 5:30/5pm HS/MS 크리스마스파티 12/31(월) 송구영신예배/주의만찬 12/23(주일) 3pm 성탄 가족예배 12/31-1/5,2019 신년 특별 새벽기도회",주보 (2018-12-09)
2018-12-30,2018,12,성례,"제직 추천자 수락서 제출: 지구촌 교회의 제직 대상자는 ①구원의 확신이 있는 침례나 세례를 받은 분 ②지구촌교회 제자훈련 필수반을 이수한 분 ③우리 교회에 등록하고 2년 이상 된 분 (우리 교회 서리집사로 섬기시던 분 중에 70세 이상인 분은 교회 헌장에 의해 명예은퇴집사로 섬기게 됨) 제직 대상에 해당 되는데 추천서를 못 받은 성도님도 제직 헌신서약서를 12/30(주일)까지 교회 사무실로 제출해 주시기 바랍니다. 문의: 배익호 목사(817-789-5763, ikho.bae@gmcusa.org)",주보 (2018-12-16)
2018-12-30,2018,12,기타행사,표어: 우리 모두는 교회입니다 We the Church (사도행전 11:20~26) “2018년. 마지막 주일입니다.” 한 해 동안 우리와 함께하신 하나님께 감사드립니다.,주보 (2018-12-30)
2018-12-31,2018,12,성례,"침례식: 성탄예배 때 침례 받기를 원하시는 분은 목회자에게 신청바랍니다. 문의: 배익호 목사(817-789-5763, ikho.bae@gmcusa.org) 2018년도 성탄 및 송구영신 ❄성탄 가족예배 12월 23일(주일) 오후 3시 온가족(교육부)와 온교회(찬양대)가 함께하는 가족예배가 있습니다. 많은 관심과 기도 부탁드립니다. 예배 후 다과가 있습니다. (아이들에게 나눌 선물 도네이션을 받습니다. 우리에게 오신 예수님의 그 큰 사랑이 아이들에게 전해지도록 기도해 주세요.) ❄성탄예배, 침례식, 라티문 헌금 12월 25일(월) 오전 10시 ❄송구영신예배, 주의만찬 12월 31일(월) 저녁 7:30 청년부에서 풍성한 식사(떡국)를 대접합니다. 5:30~7pm 다목적대강당 2019 신년특별새벽기도 “기대하면서 새해의 문을 열어요” 12/31(월) 시편 136 감사로써 문을 여십시오. 1/1(화) 새벽기도가 없습니다. 1/2(수) 여호수아 5 놓음으로 문을 여십시오. 1/3(목) 예레미야 1 신뢰로써 문을 여십시오. 1/4(금) 빌립보서 3 확정하고 문을 여십시오. 1/5(토) 사도행전 1 기도로써 문을 여십시오.",주보 (2018-12-16)
2019-01-06,2019,1,기타행사,년도 신년 달력은 1/6 신년주일에 배부됩니다. 2018년도 송구영신예배/주의만찬 12월 31일(월) 저녁 7:30 예배 후에 가족별로 담임목사님의 축복기도를 받는 시간이 있습니다. 청년부에서 풍성한 식사(떡국)를 대접합니다. 5:30~7pm 다목적대강당 10가지 기도제목 작성 카드가 본당 입구에 비치되어 있습니다. 작성하셔서 송구영신 예배 때 제출하시기 바랍니다. 2019 신년특별새벽기도 “기대하면서 새해의 문을 열어요” 12/31(월) 시편 136 감사로써 문을 여십시오. 1/1(화) 새벽기도가 없습니다. 1/2(수) 민수기 13 기대하며 문을 여십시오. 1/3(목) 예레미야 1 신뢰로써 문을 여십시오. 1/4(금) 빌립보서 3 확정하고 문을 여십시오. 1/5(토) 사도행전 1 기도로써 문을 여십시오.,주보 (2018-12-30)
2019-01-06,2019,1,기타행사,"년 표어 “우리 모두는 하나님을 예배합니다” We All Worship GOD (요한복음 4:23~24) 새해, 우리교회는 하나님을 예배하는 예배 공동체를 소망하며 달려갑니다. 우리 안에 참된 예배가 회복되고 드려지도록 온 성도가 함께 합시다! 우리 하나님과 동행하는 기쁨이 넘치시길 바랍니다.",주보 (2019-01-06)
2019-01-06,2019,1,기타행사,감사: 2018 송구영신예배와 2019년 신년특별새벽기도에 참여하신 성도님들과 헌신하여 섬겨주신 모든 분들께 감사드립니다.,주보 (2019-01-06)
2019-01-13,2019,1,회의/의회,"제직회: 1/13(주일) 1:30pm, 커버넌트 채플 안건: ①2018년도 회계결산 ②사무총회록 인준 ③새로운 팀장 선임(셀사역팀,기도사역팀, 이웃사랑팀) ④EM 팀구성 인준 ⑤안수집사 후보 인준",주보 (2018-12-30)
2019-01-13,2019,1,성례,MD/DE/VA 한인침례교회 지방회 신년하례회: 우리교회에서 신년하례회가 있습니다. 일시: 2019년 1월 13일(주일) 오후 5시,주보 (2019-01-06)
2019-01-20,2019,1,회의/의회,"제직회: 1/20(오늘) 1:30pm, 커버넌트 채플 안건: ①2018년도 회계결산 ②사무총회록 인준 ③새로운 팀장 선임(셀사역팀,기도사역팀, 이웃사랑팀) ④EM 팀 구성 인준 ⑤안수집사 후보 인준",주보 (2019-01-20)
2019-01-20,2019,1,훈련/수련회,"청년부 수련회, 청년들이 복음으로 세워지도록. 또한 강사 노진준 목사님에게 은혜가 넘치길 위하여",주보 (2019-01-20)
2019-01-25,2019,1,훈련/수련회,청년부 겨울 수련회: 일시: 1/25-27 장소: Skycroft Conference Center 강사: 노진준 목사,주보 (2019-01-06)
2019-01-27,2019,1,회의/의회,"사무총회: 1/27(오늘) 1:30pm, 다목적대강당 안건: 안성기 안수집사 재신임 건 오늘 다목적대강당에서 있는 사무총회 관계로 점심식사를 1pm까지 마쳐주시기 바랍니다.",주보 (2019-01-13)
2019-02-03,2019,2,선교,년 1월부터 월요일은 교회를 닫습니다.(오전 8시~오후 5시까지) 다음주 설교 “(3)이것이 예배입니다: 하나님께 듣는 것” 2019년 일정 2/3 (주일) 주의만찬 2/15 (금) 월례 기도 모임 소망회 구정잔치 2/24 (주일) 삼일절 기념주일 아버지 기도 모임 새가족 환영회 2/3~24 전도폭발 63기 무장훈련 단기선교 헌신 서약 2/10~6/8 (주일) 84기 중보기도사역 3/9 (토) 시니어토요학교 개강,주보 (2019-01-27)
2019-02-03,2019,2,특별행사,"소망회 구정잔치: 2/3(오늘) 11:30am, 소망회실에서 있습니다.",주보 (2019-02-03)
2019-02-03,2019,2,세미나,"전도폭발 63기 훈련생 모집: 2/3~2/24, 다목적대강당 문의: 김정윤 집사 (240-744-6929) 장혜경 집사 (301-275-6762) ➧오리엔테이션/환영만찬: 3/3(주일) ➧정규훈련: 3/10~5/26(주일) 11:45am~2:30pm 제자훈련 세미나 안내 “Why, Baptist?”(침례교회의 신앙과 실천) 강사: 조동선 교수(Southwestern Baptist Theological Seminary 조직신학) 일시: 3/7(목)~10(주일), 주중 7:30~9:30pm, 주일 2,3,4부 예배 (4부예배,5부예배는 연합으로 12시에 드립니다) 대상: 모든 리더십, 제직들, 모든 성도들 침례교회의 신앙과 사역에 대해 알 수 있는 기회에 성도 여러분의 많은 참여를 기대합니다. 전체 세미나 참석 시 성서대학 1 과목을 이수한 것으로 인정됩니다.",주보 (2019-02-24)
2019-02-10,2019,2,회의/의회,"사무총회 결과 보고: ①사무총회록 인준. ②안성기 안수집사 재신임 가결. ③운영규정 개정 동의가 발의되고 재청을 거쳐 의제가 됨. 개정위원회 구성이 가결 되고, 아래와 같이 개정위원이 선출됨.(김학재집사, 남연우집사, 김정홍집사, 이동호집사, 김권헌권사, 김미옥집사, 김명숙집사) ④기타토의 사항으로 예배 조정에 관한 논의가 있었고, 실행위원회에서 follow-up 해주기를 요망함.",주보 (2019-02-10)
2019-02-18,2019,2,선교,"President’s Day: 2/18(월)은 교회 문을 닫습니다. 다음주 설교 “(5)이것이 예배입니다: 하나님으로 사는 것” 제자훈련 세미나 안내 “Why, Baptist?”(침례교회의 신앙과 실천) 강사: 조동선 교수(Southwestern Baptist Theological Seminary 조직신학) 일시: 3/7(목)~10(주일), 주중 7:30~9:30pm, 주일 2,3,4부 예배 대상: 모든 리더십, 제직들, 모든 성도들 침례교회의 신앙과 사역에 대해 알 수 있는 기회에 성도 여러분의 많은 참여를 기대합니다. 2019년 일정 2/3~24 전도폭발 63기 무장훈련 2/24 (주일) 새가족 환영회 2/15 (금) 월례 기도회 3/3 (주일) 권명원 집사 서예 전시 2/17 (주일) 목회자 가족 교제 모임 3/3~3/24 사역자 설교주간 2/24 (주일) 단기선교 헌신 서약 3/7~9 제자훈련 세미나 삼일절 기념주일 3/9 (토) 시니어토요학교 개강",주보 (2019-02-10)
2019-02-24,2019,2,선교,단기선교 헌신 서약: 2/24(주일) 각 예배 시에 있습니다. *단기선교지 정보 간지를 참고하시기 바랍니다.,주보 (2019-02-10)
2019-02-24,2019,2,선교,"단기선교 헌신주일(2/24), 온 교회가 함께 선교에 헌신하기를 위하여",주보 (2019-02-10)
2019-03-01,2019,3,선교,교역자 동정: 임 광 목사(3/1~3/3) 캔자스선교교회 집회 인도 2019년 일정 2/3~24 전도폭발 63기 무장훈련 3/3~3/24 사역자 설교주간 2/24 (주일) 삼일절 기념주일 3/7~10 (목~주일) 제자훈련 세미나 단기선교 헌신 서약 3/9 (토) 시니어토요학교 개강 3/3 (주일) 권명원 집사 서예 전시 3/10 (주일) Daylight Savings Begin,주보 (2019-02-24)
2019-03-01,2019,3,부흥회/집회,교역자 동정: 임 광 목사(3/1~3/3) 캔자스선교교회 집회 인도,주보 (2019-03-03)
2019-03-03,2019,3,부흥회/집회,집회 인도 감사: 집회를 허락하시고 은혜를 허락하신 하나님께 감사드립니다. 또한 섬겨주신 조동선 목사님께 감사드립니다. 사역자 설교 주간 “나의 사랑하는 책” 3/3 배익호 목사 시편 34 찬양의 이유 3/17 강현창 목사 골로새서 1:28-29 그리스도 안에서 완전한 자로 세우라 3/24 장한중 목사 시편 23:1-6 내게 부족함이 없으리로다 3/31 곽대선 목사 사도행전 1:6-11 새로운 시작,주보 (2019-03-10)
2019-03-05,2019,3,선교,"교역자 동정: 배익호 목사(3/5~3/6) 달라스 사우스웨스턴 설교컨퍼런스 참석 다음주 설교: “교회, 신앙고백 공동체” (엡4:1-6) 조동선 목사(Southwestern Baptist Theological Seminary, 조직신학 교수) 2019년 일정 3/3~3/24 사역자 설교주간 3/10 (주일) Daylight Savings Begin 3/7~10 (목~주일) 제자훈련 세미나 3/15 (금) 월례 기도 모임 3/9 (토) 시니어토요학교 개강 3/17 (주일) 단기선교 헌신자 교육",주보 (2019-03-03)
2019-03-07,2019,3,선교,"신규 목자: 새롭게 목자로 헌신하여 섬기고자 하는 성도님들을 기다립니다. 문의/신청: 배익호 목사(817-789-5763, ikho.bae@gmcusa.org) 다음주 설교 “(6)이것이 예배입니다: 하나님을 나누는 것” 제자훈련 세미나 안내 “Why, Baptist?”(침례교회의 신앙과 실천) 강사: 조동선 교수(Southwestern Baptist Theological Seminary 조직신학) 일시: 3/7(목)~10(주일), 주중 7:30~9:30pm, 주일 2,3,4부 예배 (4부예배,5부예배는 연합으로 12시에 드립니다) 대상: 모든 리더십, 제직들, 모든 성도들 침례교회의 신앙과 사역에 대해 알 수 있는 기회에 성도 여러분의 많은 참여를 기대합니다. 2019년 일정 2/3~24 전도폭발 63기 무장훈련 3/3 (주일) 권명원 집사 서예 전시 2/17 (주일) 목회자 가족 교제 모임 3/3~3/24 사역자 설교주간 2/24 (주일) 단기선교 헌신 서약 3/7~10 (목~주일) 제자훈련 세미나 삼일절 기념주일 3/9 (토) 시니어토요학교 개강 2/24 (주일) 새가족 환영회 3/10 (주일) Daylight Saving Begin",주보 (2019-02-17)
2019-03-10,2019,3,세미나,"데이라이트 세이빙(Daylight Savings Time) 시작: 3/10(주일) 새벽 2시가 새벽 3시 ? 로 됨 제자훈련 세미나 안내 “Why, Baptist?”(침례교회의 신앙과 실천) 강사: 조동선 교수(Southwestern Baptist Theological Seminary 조직신학) 일시: 3/7(목)~10(주일), 주중 7:30~9:30pm, 주일 2,3,4부 예배 (4부예배,5부예배는 연합으로 12시에 드립니다) 대상: 모든 리더십, 제직들, 모든 성도들. 침례교회의 신앙과 사역에 대해 알 수 있는 기회에 성도 여러분의 많은 참여를 기대합니다. 전체 세미나 참석 시 성서대학 1 과목을 이수한 것으로 인정됩니다. 사역자 설교 주간 “나의 사랑하는 책” 3/3 배익호 목사 시편 34 찬양의 이유 3/17 강현창 목사 골로새서 1:28-29 그리스도 안에서 완전한 자로 세우라 3/24 장한중 목사 시편 23:1-6 내게 부족함이 없으리로다 3/31 곽대선 목사 사도행전 1:6-11 새로운 시작",주보 (2019-03-03)
2019-03-17,2019,3,선교,"MET 2019 단기선교 오리엔테이션 및 만찬: 시간/장소: 3/17(주일) 4pm, 다목적 대강당 금년 단기선교 참가 헌신서에 서약하신 분들과 아직 결정을 못하셨지만 선교에 관심 있는 분을 초대합니다. 문의: 함석호 집사(301-252-4320)",주보 (2019-03-03)
2019-03-24,2019,3,회의/의회,"제직회: 3/24(주일) 1:30pm, 커버넌트 채플 안건: 안수집사 후보로 인준(예인철, 이의재, 조성훈)",주보 (2019-03-10)
2019-03-31,2019,3,선교,"교회와 선교 세미나: 3/31(주일) 3-6pm 강사: 손창남, 오정호 선교사 session1: 선교적 교회를 위한 로드맵 session2: 다시 보는 이민 교회-변화하는 이민 사회, 변치않는 이민 교회 단기선교 참가자와 선교에 관심 있는 모든 분들을 초대합니다. (간단한 저녁 식사 제공)",주보 (2019-03-17)
2019-03-31,2019,3,회의/의회,"제직회 결과: 안수집사 후보로 예인철, 이의재 집사가 인준되었습니다. 이를 위하여 기도해주시기 바랍니다.",주보 (2019-03-31)
2019-04-11,2019,4,선교,"MET 2019 단기선교팀 모임: 장소: 선교사무실(317호) 문의: 함석호집사 (301-252-4320) *팀장모임: 일시: 4/11(목), 7pm 단기선교팀장들과 선교 정보를 교환하는 중요모임 *도미니카공화국 단기선교팀 1차 교육 모임: 일시: 4/13(토) 8:30am *멕시코 캔쿤 단기선교팀 1차 교육 모임: 일시: 4/14(주일) 12pm 단기선교를 결정하신 모든 분들과 관심있는 모든 분들의 참석을 바랍니다.",주보 (2019-04-07)
2019-04-14,2019,4,선교,MET 2019 단기선교팀 모임: 장소: 선교사무실(317호) 문의: 함석호집사 (301-252-4320) *멕시코 캔쿤 단기선교팀 1차 교육: 일시: 4/14(오늘) 12pm 단기선교를 결정하신 모든 분들과 관심있는 모든 분들의 참석을 바랍니다.,주보 (2019-04-14)
2019-04-14,2019,4,성례,"남침례교단(주총회,지방회,국내선교부,국제선교부)의 사역을 위하여",주보 (2019-04-14)
2019-04-19,2019,4,특별행사,"수난절 음악회, 주의만찬: 4/19(금) 8pm, “십자가” 음악회가 본당에서 있습니다. ➧베이비시터가 제공됩니다. ➧교육부 모임 안내: *어린이 모임도 있습니다. *중고등부 모임도 준비 중에 있습니다.",주보 (2019-04-07)
2019-04-21,2019,4,성례,"침례식: 4/21(주일) 부활절예배 때 침례 받기를 원하시는 분은 지역목회자에게 신청바랍니다. 문의: 배익호 목사(817-789-5763, ikho.bae@gmcusa.org) 사역자 설교 주간 “나의 사랑하는 책” 3/3 배익호 목사 시편 34 찬양의 이유 3/17 강현창 목사 골로새서 1:28-29 그리스도 안에서 완전한 자로 세우라 3/24 장한중 목사 시편 23:1-6 내게 부족함이 없으리로다 3/31 곽대선 목사 사도행전 1:6-11 새로운 시작",주보 (2019-03-17)
2019-04-27,2019,4,세미나,"경배와찬양팀 세미나: 4/27(토) 9am-12pm, 아가페 채플 강사: 김상훈 목사(열린문장로교회) 대상: 4/5부 찬양팀, EM 찬양팀",주보 (2019-04-14)
2019-05-05,2019,5,기타행사,"헌아례: 5/5 어린이주일에 자녀의 헌아례를 받기 원하는 분은 신청 바랍니다. 고난주간 특별새벽기도 주제: The Great Exchange (갈라디아서 2:20) 4/15(월) 막힘에서 열림으로 (막 15:37~39) 4/18(목) 아픔에서 나음으로 (사 53:4~6) 4/16(화) 수치에서 덮음으로 (창 3:6~7, 21) 4/19(금) 매임에서 풀림으로 (요 11:39~44) 4/17(수) 공포에서 믿음으로 (요 19:1~11) | 4/20(토) 죽임에서 살림으로 (고후 5:14~20)",주보 (2019-04-07)
2019-05-05,2019,5,특별행사,"헌아례: 5/5 어린이주일에 자녀의 헌아례를 받기 원하는 분은 신청 바랍니다. 고난주간 특별새벽기도 주제: The Great Exchange (갈라디아서 2:20) 4/15(월) 막힘에서 열림으로 (막 15:37~39) 4/18(목) 아픔에서 나음으로 (사 53:4~6) 4/16(화) 수치에서 덮음으로 (창 3:6~7, 21) 4/19(금) 매임에서 풀림으로 (요 11:39~44) 4/17(수) 공포에서 믿음으로 (요 19:1~11) | 4/20(토) 죽임에서 살림으로 (고후 5:14~20) 수난절 음악회 “십자가”, 주의만찬 4/19(금) 8pm, 본당에서 있습니다. ➧베이비시터가 제공됩니다. ➧어린이 모임이 216호에서 있습니다. ➧중고등부는 음악회에 참석, 어른과 함께 합니다.",주보 (2019-04-14)
2019-05-05,2019,5,회의/의회,"헌아례: 5/5(오늘) 오늘 4부 예배시 헌아례가 있습니다 (곽사랑, 김수현, 김이레, 유제서, 유제우, 이요한) 4 정기제직회: 5/19(주일) 1:30pm, 커버넌트 채플",주보 (2019-05-05)
2019-05-05,2019,5,성례,"남침례교단(한인총회,한인총회 국내/국제 선교부)의 사역을 위하여",주보 (2019-05-05)
2019-05-10,2019,5,세미나,"목장 참여를 원하는 교우는 담당목회자나 팀장에게 문의 바랍니다. 문의: 배익호 목사(817-789-5763) 예인철 집사(240-715-1367) 자녀양육 세미나 안내 주님이 기뻐하시는 자녀들로 양육하기를 희망하는 부모님들의 많은 관심과 참여를 바랍니다. 주제: 자녀, 나의 사랑, 나의 고민 강사: 심연희 사모(RTP지구촌교회) 일시/장소: 5/10(금) 7-9pm, 아가페 채플 문의: 장한중 목사, 김규호 집사 * 차일드 케어 제공",주보 (2019-04-21)
2019-05-12,2019,5,세미나,"다음주 설교: 5/12(주일) 이 철 목사(RTP 지구촌 교회): 1-5부 자녀양육 세미나 안내 주님이 기뻐하시는 자녀들로 양육하기를 희망하는 부모님들의 많은 관심과 참여를 바랍니다. 주제: 자녀, 나의 사랑, 나의 고민 강사: 심연희 사모(RTP지구촌교회) 일시/장소: 5/10(금) 7-9pm, 아가페 채플 문의: 장한중 목사, 김규호 집사 * 차일드 케어 제공",주보 (2019-05-05)
2019-05-12,2019,5,특별행사,감사: 소망회 어머니 잔치를 위해 청년부에서 수고해 주셨습니다.,주보 (2019-05-12)
2019-05-17,2019,5,선교,"월례 기도 모임: 5/17(금) 7pm 본당에서 있습니다. 전교인 선교 지원 잔치 <나가는 선교사 & 보내는 선교사> 나가는 모든 선교팀과 보내는 모든 성도님들이 함께하는 하나님의 기쁜 잔치에 여러분 모두를 초대합니다. 5월 19일 주일부터 “단기선교 기금 모금 함”이 강당에 준비됩니다. 일시/장소: 5/26(주일) 1부-4부, 다목적 대강당",주보 (2019-05-12)
2019-05-18,2019,5,기타행사,"전교인 봄철 대청소: 5/18(토) 8-11:30am “우리 교회 내 몸 같이 깨끗이 사랑으로 가꾸자” ➧간단한 아침식사와 점심이 제공됨. ➧전교회가 함께 해 주시면 감사하겠습니다. 문의: 김선호 집사(301-520-3223), 작업 총 지휘: 김경목 집사",주보 (2019-05-05)
2019-05-19,2019,5,회의/의회,"정기제직회: 5/19(주일) 1:30pm, 커버넌트 채플",주보 (2019-05-12)
2019-05-19,2019,5,선교,"페루 단기선교 팀 Re-Union: 5/19(주일) 5pm, 새교우영접실, 식사제공 지난 20 여년간 페루 단기선교에 참여하셨던 모든 팀원들을 초대합니다.",주보 (2019-05-12)
2019-05-19,2019,5,기타행사,전교인 봄철 대청소에 참여한 모든 성도들께 감사드립니다.,주보 (2019-05-19)
2019-05-19,2019,5,훈련/수련회,북미주 유학생 수련회(KOSTA)의 사역을 위하여,주보 (2019-05-19)
2019-05-26,2019,5,특별행사,"전교인 선교 지원 잔치: 5/26(주일) 1부-4부, 장소: 다목적 대강당 전 교인이 모여서 하나가 되는 “전교인 선교 지원 잔치”에 여러분 모두를 초대합니다.",주보 (2019-05-05)
2019-05-26,2019,5,특별행사,"*이 날은(5/26) 식당이 문을 닫습니다. 대신, 선교 잔치 음식을 판매합니다.",주보 (2019-05-12)
2019-05-26,2019,5,선교,"목장 참여를 원하는 교우는 담당목회자나 팀장에게 문의 바랍니다. 문의: 배익호 목사(817-789-5763), 예인철 집사(240-715-1367) 전교인 선교 지원 잔치 <나가는 선교사 & 보내는 선교사> 나가는 선교팀과 보내는 성도님들이 함께하는 하나님의 기쁜 잔치에 여러분을 초대합니다. “단기선교 기금 모금 함”이 강당에 준비되어 있습니다. 일시/장소: 5/26(오늘) 1부-4부, 다목적 대강당",주보 (2019-05-26)
2019-05-26,2019,5,선교,"키르키즈스탄 단기선교팀 파송식: 5/26(오늘) 3부예배 중. 기간: 5/31~6/8 (이영재, 이순영, 김학숙, 최정순) 많은 기도로 함께 해 주시기 바랍니다.",주보 (2019-05-26)
2019-06-02,2019,6,선교,"새가족 환영회: 상반기 새가족 환영회가 6/2(주일) 5pm, 담임목사 자택에서 있습니다. 새가족반 이수자(2019년 1기, 7주 교육을 이수했습니다): 박선비, 이경애, 장경애, 허인영 전교인 선교 지원 잔치 <나가는 선교사 & 보내는 선교사> 나가는 모든 선교팀과 보내는 모든 성도님들이 함께하는 하나님의 기쁜 잔치에 여러분 모두를 초대합니다. 5월 19일 주일부터 “단기선교 기금 모금 함”이 강당에 준비됩니다. 일시/장소: 5/26(주일) 1부-4부, 다목적 대강당",주보 (2019-05-19)
2019-06-02,2019,6,선교,"전교인 선교 지원 잔치 보고: 순 모금 총액 $11,623.07 참여해 주신 모든 봉사자들과 지원해주신 분들께 감사드립니다. 선교 사역과 단기선교팀을 위해 지속적인 기도와 지원, 참여를 부탁드립니다.",주보 (2019-06-02)
2019-06-09,2019,6,선교,단기선교팀 파송식: 6/9(주일) 3부예배 시. 단기선교팀을 위해 많은 기도 부탁드립니다. ➧멕시코 메리다 단기선교팀: 6/15~21 ➧멕시코 캔쿤 단기선교팀: 6/16~22,주보 (2019-06-02)
2019-06-23,2019,6,세미나,"찬양대 예배 세미나: 6/23(주일) 2:30~5:30pm, 아가페 채플 대상: 1~3부 찬양대 강사: 김경훈 목사(좋은나무교회 담임)",주보 (2019-06-09)
2019-06-23,2019,6,선교,"베트남 단기선교팀 파송식: 6/23(오늘) 3부예배 시. 기간: 6/28~7/6 팀원: 김형준, 박미선, 정성진, 홍명순 수요 찬양예배 저녁 7:30 ""단기선교 보고"" - 키르키즈스탄, 멕시코 메리다 선교팀 -",주보 (2019-06-23)
2019-06-30,2019,6,목회자 사임,사임: 미취학부를 섬기던 이경민 간사가 6/30(주일)부로 사임합니다.,주보 (2019-06-23)
2019-06-30,2019,6,선교,"코스타 중보기도 사역자 파송식: 6/30(오늘) 3부예배 시. 기간: 7/1~5, 참가자: 박광혁, 강형천, 조현덕",주보 (2019-06-30)
2019-07-07,2019,7,선교,"도시 빈민 단기선교팀 회의: 숙소 변경 안건에 대해 결정된 사항을 알려드리는 모임. 7/7(오늘) 12pm, 선교팀 사무실(317호)",주보 (2019-07-07)
2019-07-21,2019,7,선교,밀알 여름캠프 봉사자 파송식: 7/21(오늘) 3부예배 시 (총 12명) 캠프 기간: 7/25~7/27,주보 (2019-07-21)
2019-07-28,2019,7,회의/의회,"정기제직회: 7/28(오늘) 1:30pm, 커버넌트 채플 안건: RTP지구촌교회 지원 건, EM팀장 선임 건 (이의재 집사)",주보 (2019-07-14)
2019-08-11,2019,8,선교,"도미니카공화국 단기선교팀 파송식: 8/11(오늘) 3부예배 시. 기간: 8/17~8/24 (김정화, 노순애, 손인자, 홍명순) 많은 기도로 함께 해 주시기 바랍니다.",주보 (2019-08-11)
2019-08-15,2019,8,회의/의회,"제직회 결과: RTP지구촌교회를 지원하기로 통과되었습니다. 이의재 집사가 EM 팀장으로 선임되었습니다. <제 74주년 광복절> 이번 8/15은 74주년 광복절입니다. 우리의 조국 대한민국이 하나님을 섬기는 하나님의 나라로, 하나님의 백성으로 세워지도록 기도해 주십시오.",주보 (2019-08-11)
2019-08-18,2019,8,훈련/수련회,중고등부 여름수련회: 성도님들의 기도로 60여명의 학생과 20명의 선생님들이 참석하여 은혜 중에 마쳤습니다. 자녀들이 계속해서 믿음의 자녀로 자라도록 기도해 주세요. 사역자 설교 주간 “예배의 4가지 퍼즐” 8/18 강현창 목사 “하나님께 나아가기” 9/1 곽대선 목사 “하나님께 말씀받기” 8/25 장한중 목사 “하나님께 경배하기” 9/8 배익호 목사 “하나님께 반응하기”,주보 (2019-08-25)
2019-09-08,2019,9,세미나,"교육사역팀: ➧9/8(오늘)부터 영어중고등부가 통합하여 10am, 커버넌트 채플에서 예배를 드립니다. ➧전체 교사 세미나: 9/14(토) 4-8pm, 다목적대강당 문의: 조민호 목사, 배익호 목사",주보 (2019-09-01)
2019-09-08,2019,9,성례,"남침례교단(주총회,지방회,국내선교부,국제선교부)의 사역을 위하여",주보 (2019-09-08)
2019-09-08,2019,9,세미나,"교육사역팀: ➧9/8부터 영어중고등부가 통합하여 10am, 커버넌트 채플에서 예배를 드립니다. 이진아 전도사 초청 성경적 성교육 교사/학부모 훈련 세미나 (9/20-21) 1부: 성경적 세계관 (9/20,금요일 7-10pm) 2부: 4주 과정의 성경적 성교육 훈련 (9/21,토요일 9am-1pm)",주보 (2019-09-15)
2019-09-12,2019,9,세미나,"하나님이 춤추시는 소그룹 세미나: 청년부 주관. 강사: 백은실 대표(Global Coffeebreak) 9/12 10~11:30am, 9/13~14 7~9pm, 9/14 7~9am, 9/15 3~5pm",주보 (2019-09-01)
2019-09-15,2019,9,회의/의회,"정기제직회: 9/15(주일) 1:30pm, 커버넌트 채플 안건: 운영규정 개정안 보고 및 인준",주보 (2019-09-01)
2019-09-20,2019,9,부흥회/집회,"이진아 전도사 초청 집회: 9/20-21, 성경적 성교육, 교사/학부모 훈련세니마가 진행됩니다.",주보 (2019-09-08)
2019-09-22,2019,9,회의/의회,정기제직회 결과: 운영규정 개정안이 인준되었습니다.,주보 (2019-09-22)
2019-09-22,2019,9,부흥회/집회,이진아 전도사 초청 집회 감사: 인도해주신 이진아 전도사와 참석한 성도들께 감사드립니다. 계속해서 우리들의 자녀들(다음세대)이 하나님의 말씀으로 세상 속에 세워지도록 기도해주세요.,주보 (2019-09-22)
2019-09-29,2019,9,회의/의회,"정기사무총회: 9/29(주일) 1:30pm, 다목적대강당 안건: ◉안수집사 후보 인준 (예인철/이의재) ◉운영규정 개정안 보고 (및 인준)",주보 (2019-09-15)
2019-09-29,2019,9,회의/의회,사무총회 관계로 점심식사를 1pm까지 마쳐주시기 바랍니다.,주보 (2019-09-29)
2019-09-29,2019,9,성례,"남침례교단(한인총회,한인총회 국내/국제 선교부)의 사역을 위하여",주보 (2019-09-29)
2019-10-06,2019,10,회의/의회,"주의 만찬: 10/6(주일) 1~5부 예배 시. 간절한 마음과 기도로 준비하시기 바랍니다. 정기사무총회 9/29(오늘) 1:30pm, 다목적대강당 안건: ◉안수집사 후보 인준 (예인철/이의재) ◉운영규정 개정안 보고 및 인준 자격: 본 교회 교적부에 등록된 만 18세 이상의 정교인",주보 (2019-09-29)
2019-10-06,2019,10,창립,주의 만찬: 10/6(오늘) 1~5부 예배 시. 간절한 마음과 기도로 준비하시기 바랍니다. 정기사무총회 결과 예인철 집사와 이의재 집사가 안수집사로 인준되었습니다. 운영규정 개정안이 통과되었습니다. * 인준된 집사들은 후속교육 후에 11월 17일 창립기념주일에 안수를 받습니다. 계속 기도해주시길 바랍니다. 개정된 운영규정을 사무실에서 확인하실 수 있습니다.,주보 (2019-10-06)
2019-10-20,2019,10,특별행사,"동산 피크닉: 10/20(주일) 12:30-3:30pm, 교회 뒤편 동산. 3동산에 속한 모든 목장, 목원, 새로이 목장 참여를 원하는 모든 교우의 참여 바랍니다.",주보 (2019-10-13)
2019-10-27,2019,10,선교,"고창 단기선교팀 파송: 10/27(오늘) 3부예배 시. 기간: 10/29~11/4 (안철환, 오병하, 유수자, 이동희, 이재호, 이창열, 정득채, 정득현, 한명우, 한종희-10명) 많은 기도로 함께 해 주시기 바랍니다.",주보 (2019-10-27)
2019-10-27,2019,10,특별행사,"English Ministry 피크닉: 10/27(오늘) 1-4pm, 교회 뒷동산에서 있습니다. (우천 시 다목적대강당에서 있습니다) 할렐루야 게임 나이트 ➧10/31(목) 6:30~8:30 문의: 조민호 목사(Rev. Daniel Cho) 복장: 운동에 적합한 편한 신발과 의상(no costume) 할렐루야 게임 나이트에 필요한 펀드 기부를 받습니다.",주보 (2019-10-27)
2019-11-02,2019,11,기타행사,전교인 가을철 대청소: 11/2(토) 8-11:30am “우리 교회 내 몸 같이 깨끗이 사랑으로 가꾸자!” ➧간단한 아침식사와 점심이 제공됨. ➧교인 모두 참여해 주시면 감사하겠습니다. 문의: 김선호(301-257-4055) 김경목(240-401-2229),주보 (2019-10-20)
2019-11-09,2019,11,창립,"동산 피크닉: 11/9(토) 3-6pm, 다목적대강당에서 있습니다.➧젊은 가정들 초청합니다. 2동산 피크닉: 11/10(주일) 1-3pm, 다목적대강당에서 있습니다. 창립 45주년 기념 부흥집회 (11/15~17) 강사: 최병락 목사(강남중앙침례교회 담임) 주제: 은혜의 보좌 앞으로 나아가라(히브리서 4:15~16) 시간: 11/15(금) 7:30pm 11/16(토) 6:30am, 7pm 11/17(주일) 2부, 3부, 4/5부(12pm) ➧최병락 목사님의 저서(쏟아지는 은혜, 부족함)를 책방에서 구입, 읽으실 수 있습니다. 기념예배, 안수집사 은퇴식, 취임식 (11/17, 3pm) * 예배 후에 다목적대강당에서 만찬이 있습니다. 감사절 특별 새벽 기도회 “성령님의 열매를 거두라” (갈라디아서 5:22~23) 11/11(월)~11/23(토) 매일 새벽 5:30 말씀: 임광 목사 11/11 (월) 하나님의 성품을 맺으라 (요13:34~35) 11/18 (월) 양선, 선함을 보일 수 있을까? (요 10:11~15) 11/12 (화) 사랑, 정말 사랑할 수 있을까? (요일 4:7~11) 11/19 (화) 충성, 성실을 이룰 수 있을까? (마 25:14~21) 11/13 (수) 기쁨, 기쁨을 누릴 수 있을까? (빌 3:20~4:7) 11/20 (수) 온유, 모두를 품을 수 있을까? (약 1:19~21) 11/14 (목) 화평, 다함께 지낼 수 있을까? (엡 2:13~20) 11/21 (목) 절제, 자리를 지킬 수 있을까? (갈 2:20) 11/15 (금) 오래참음, 어떻게 견딜 수 있을까?(눅2:25~38) 11/22 (금) 감사, 어떻게 가질 수 있을까? (골 2:6~7) 11/16 (토) 자비, 자비를 베풀 수 있을까? (마 9:35~38) 11/23 (토) 예수님의 마음을 품으라 (빌 2:5)",주보 (2019-11-03)
2019-11-10,2019,11,특별행사,"동산 피크닉: 11/10(오늘) 1-3pm, 다목적대강당에서 있습니다",주보 (2019-11-10)
2019-11-11,2019,11,창립,"감사주일: 다음주일은 감사주일입니다. 일년동안 인도하신 하나님께 마음과 뜻과 정성으로 감사드립시다. ➧감사절 열매 드림: 추수한 열매로 예배당 장식에 섬길 분들은 정성으로 참여해주시길 바랍니다. ➧장식 후, 과일은 이웃과 나눕니다. 창립45주년 기념예배, 신임안수집사 안수식 (예인철 집사, 이의재 집사) 11월 17일 오후3시, 본당 말씀: 이동원 목사 “아버지의 명령” (누가복음 15:25~32) * 예배 후 다목적대강당에서 만찬이 있습니다. 감사절 특별 새벽 기도회 “성령님의 열매를 거두라” (갈라디아서 5:22~23) 11/11(월)~11/23(토) 매일 새벽 5:30 말씀: 임광 목사 새벽기도 후에 간식이 준비됩니다. 11/11 (월) 하나님의 성품을 맺으라 (요13:34~35) 11/18 (월) 자비, 자비를 베풀 수 있을까? (마 9:35~38) 11/12 (화) 사랑, 정말 사랑할 수 있을까? (요일 4:7~11) 11/19 (화) 양선, 선함을 보일 수 있을까? (요 10:11~15) 11/13 (수) 기쁨, 기쁨을 누릴 수 있을까? (빌 3:20~4:7) 11/20 (수) 충성, 성실을 이룰 수 있을까? (마 25:14~21) 11/14 (목) 화평, 다함께 지낼 수 있을까? (엡 2:13~20) 11/21 (목) 온유, 모두를 품을 수 있을까? (약 1:19~21) 11/15 (금) 오래참음, 어떻게 견딜 수 있을까?(눅2:25~38) 11/22 (금) 절제, 자리를 지킬 수 있을까? (갈 2:20) 11/16 (토) 노래하라 살아나리라 (시 40:1-3) 11/23 (토) 예수님의 마음을 품으라 (빌 2:5)",주보 (2019-11-17)
2019-11-15,2019,11,창립,"월 월례 기도 모임은 부흥집회와 특별새벽기도로 함께 모입니다. 창립 45주년 기념 부흥집회 (11/15~17) 강사: 최병락 목사(강남중앙침례교회 담임) 주제: 은혜의 보좌 앞으로 나아가라(히브리서 4:15~16) 11/15(금) 7:30pm 부족함의 은혜 신명기 7:7 11/16(토) 6:30am 노래하라 살아나리라 시편 40:1-3 ➧주일학교 아이들을 위한 새벽기도가 6:30am, 카타콤 채플에서 있습니다. 7pm 이런 사람이 필요합니다 사도행전 6:1-7 11/17(주일) 2부, 3부 묻어둔 은사 마태복음 25:24-30 4/5부(12pm) 때를 따라 돕는 은혜 히브리서 4:15-16 ➧최병락 목사님의 저서(쏟아지는 은혜, 부족함)를 책방에서 구입, 읽으실 수 있습니다. 창립45주년 기념예배, 안수집사 안수식 (11/17, 3pm) 예인철 집사, 이의재 집사 * 예배 후 다목적대강당에서 만찬이 있습니다. 감사절 특별 새벽 기도회 “성령님의 열매를 거두라” (갈라디아서 5:22~23) 11/11(월)~11/23(토) 매일 새벽 5:30 말씀: 임광 목사 새벽기도 후에 간식이 준비됩니다. 11/11 (월) 하나님의 성품을 맺으라 (요13:34~35) 11/18 (월) 자비, 자비를 베풀 수 있을까? (마 9:35~38) 11/12 (화) 사랑, 정말 사랑할 수 있을까? (요일 4:7~11) 11/19 (화) 양선, 선함을 보일 수 있을까? (요 10:11~15) 11/13 (수) 기쁨, 기쁨을 누릴 수 있을까? (빌 3:20~4:7) 11/20 (수) 충성, 성실을 이룰 수 있을까? (마 25:14~21) 11/14 (목) 화평, 다함께 지낼 수 있을까? (엡 2:13~20) 11/21 (목) 온유, 모두를 품을 수 있을까? (약 1:19~21) 11/15 (금) 오래참음, 어떻게 견딜 수 있을까?(눅2:25~38) 11/22 (금) 절제, 자리를 지킬 수 있을까? (갈 2:20) 11/16 (토) 노래하라 살아나리라 (시 40:1-3) 11/23 (토) 예수님의 마음을 품으라 (빌 2:5)",주보 (2019-11-10)
2019-11-17,2019,11,부흥회/집회,부흥집회: 시간마다 귀한 말씀 전해주신 최병락 목사님께 감사합니다. 집회에 섬김과 참석함으로 함께한 모든 성도님께 감사합니다. 받은 은혜를 간직하며 살아가도록 함께 기도합시다.,주보 (2019-11-17)
2019-11-17,2019,11,창립,"창립45주년을 맞이한 우리 모두, 사명을 따라 전진하길 위하여",주보 (2019-11-17)
2019-11-24,2019,11,특별행사,"감사주일: 11/24(오늘)은 감사주일로 지킵니다. ➧오늘 점심은 식당사역에서 제공합니다. ➧소망회 추수감사절 잔치: 3부예배 후 소망회실에서 있습니다. ➧감사절 과일: 장식했던 과일을 나눔이 필요한 곳, 나누기 원하는 곳이 있으면 사무실에 알려주시기 바랍니다. 문의: 배익호 목사, 곽대선 목사 ➧감사의 기쁨을 사진으로 남기세요: 본당 앞 로비에 사진 촬영을 위한 부스가 있습니다.",주보 (2019-11-24)
2019-11-24,2019,11,창립,"창립기념 부흥집회, 기념예배, 특별새벽기도회: 지난 주간 창립기념 행사와 집회에 ' 함께 섬겨주시고 참여해주신 모든 성도님들에게 감사드립니다.",주보 (2019-11-24)
2019-11-24,2019,11,성례,감사: 오늘 말씀을 전해주신 배국순 목사님(송탄중앙침례교회)께 감사합니다.,주보 (2019-11-24)
2019-12-01,2019,12,세미나,"교육팀 소식: ➤ 중고등부 연합 예배: 10~11:15am, 커버넌트 채플, 성경공부: 11:15am~12:30pm 중요행사를 이메일로 알려드립니다. 못 받은 부모님은 담당사역자에게 연락바랍니다. ➤ 어린이 사역(Children’s Ministry) PTA 세미나: English Seminar: 12/1(주일) 11:15am~12:45pm, Catacomb Chapel 한국어 세미나: 12/8(주일) 11:15am~12:45pm, 카타콤 채플",주보 (2019-11-17)
2019-12-01,2019,12,선교,"선교팀: ➧파송선교사 성탄카드 작성 및 선물: 12/1~12/15(주일) 장소: 다목적대강당 지구촌교회 파송선교사님들을 위한 성탄카드와 헌금에 기도하는 마음으로 동참 바랍니다. ➧2019 선교 은혜 나눔: 12/7(토) 12pm, 다목적대강당 * 식사가 있습니다. * 단기선교에 참여하신 분들과 기도/봉사/물질로 후원해 주신 모든 분들을 초대합니다. ➧전도폭발 64기 수료만찬: 12/1(주일) 4pm, 다목적대강당",주보 (2019-11-24)
2019-12-01,2019,12,성례,"침례식: 성탄예배 때 침례 받기를 원하시는 분은 목회자에게 신청바랍니다. 문의: 배익호 목사(817-789-5763, ikho.bae@gmcusa.org)",주보 (2019-12-01)
2019-12-07,2019,12,선교,"선교 은혜 나눔: 12/7(토) 12pm, 다목적대강당 * 식사가 있습니다. * 단기선교에 참여하신 분들과 기도/봉사/물질로 후원해 주신 모든 분들을 초대합니다.",주보 (2019-11-17)
2019-12-08,2019,12,기타행사,"장난감 기부/나눔: 메릴랜드지역 노숙자 아이들에게 선물할 장난감을 모으려고 합니다. 수집기간/장소: 12/8~22, 다목적대강당 포장을 뜯지 않은 새 장난감으로 기부해 주시기 바랍니다. (간지 참조)",주보 (2019-12-01)
2019-12-08,2019,12,성례,"침례식: 성탄예배 때 침례 받기를 원하시는 분은 목회자에게 신청바랍니다. 문의: 배익호 목사(817-789-5763, ikho.bae@gmcusa.org)",주보 (2019-12-08)
2019-12-08,2019,12,세미나,"교육팀: 어린이사역 부모 세미나(한국어): 12/8(오늘) 11:15am~12:45pm, 아가페 채플",주보 (2019-12-08)
2019-12-08,2019,12,세미나,"장난감 기부/나눔: 메릴랜드지역 노숙자 아이들에게 선물할 장난감을 모으려고 합니다. 수집기간/장소: 12/8~22, 다목적대강당. ❖ 포장을 뜯지 않은 새 장난감만 됩니다. 2020년 제직 오리엔테이션 및 세미나 서리집사로 자원하시는 분들은 “2020년 사역 오리엔테이션과 서리집사 섬김 세미나”에 참석하여 사인하고 서리집사로 섬길 수 있습니다.(1회, 2시간 소요예정) 다음의 4번의 일정에서 단 한 번만 참석을 하시면 됩니다. 문의: 각 사역자 1차: 2019년 12월 28일 토요일 오전 9~11시 2차: 2019년 12월 29일 주일 오후 1~3시 3차: 2020년 1월 4일 토요일 오전 9~11시 4차: 2020년 1월 5일 주일 오후 1~3시",주보 (2019-12-08)
2019-12-08,2019,12,기타행사,RTP 지구촌교회와 이철 목사님의 사역과 교회건축 마무리가 은혜 가운데 이뤄지길 위하여,주보 (2019-12-08)
2019-12-15,2019,12,회의/의회,"정기제직회: 12/15(주일) 1:30pm, 커버넌트 채플",주보 (2019-12-08)
2019-12-22,2019,12,성례,"성탄절: ➧침례식: 성탄예배 때 침례식이 있습니다. ➧라티문 헌금: 해외선교에 100% 드려지는 선교헌금입니다. 헌금: 12/22, 25(성탄예배)",주보 (2019-12-22)
2019-12-22,2019,12,선교,"우리교회 파송선교사님들의 건강과 행복, 그리고 사역을 위하여",주보 (2019-12-22)
2019-12-25,2019,12,세미나,"이웃사랑팀: ➧노숙자를 위한 성탄 새벽송/침낭 나누기: 12/25(수) 5am, 교회에서 출발합니다. 동참을 원하는 분은 다목적대강당의 이웃사랑팀 데스크에 신청 바랍니다. 2020년 제직 오리엔테이션 및 세미나 서리집사로 섬기기 원하는 분들은 “2020년 사역 오리엔테이션과 서리집사 섬김 세미나”에 참석하여 사인하고 서리집사로 섬길 수 있습니다.(1회, 2시간 소요예정) 다음의 4번의 일정에서 단 한 번만 참석을 하시면 됩니다. 문의: 각 사역자 1차: 2019년 12월 28일 토요일 오전 9~11시 2차: 2019년 12월 29일 주일 오후 1~3시 3차: 2020년 1월 4일 토요일 오전 9~11시 4차: 2020년 1월 5일 주일 오후 1~3시",주보 (2019-12-15)
2019-12-29,2019,12,선교,"우리교회 파송선교사님들의 건강과 행복, 그리고 사역을 위하여",주보 (2019-12-29)
2020-01-12,2020,1,회의/의회,"제직회: 1/12(주일) 1:30pm, 커버넌트 채플 안건: ①2019년도 회계결산 ②사무총회록 인준 ③집사장/팀장 변동 ④설문조사 보고",주보 (2019-12-29)
2020-01-19,2020,1,회의/의회,사무총회 가운데 감사와 소망이 함께 하길 위하여,주보 (2020-01-19)
2020-01-24,2020,1,훈련/수련회,"청년부 겨울 수련회: 1/24~26, Skycroft Conference Center. 강사: 조상명 목사(여는교회 담임) 주제: Love Your Neighbor as Yourself (막 12:31)",주보 (2020-01-19)
2020-01-26,2020,1,회의/의회,"사무총회: 1/26(오늘) 1:30pm, 다목적대강당 ➧1pm까지 식사를 끝내주시기 바랍니다. 안건:①2019년 회계결산/2020년 예산 인준 ②사무총회록 인준 ③집사장/팀장 변동 ④설문조사 보고",주보 (2020-01-12)
2020-01-26,2020,1,훈련/수련회,청년부 수련회: 은혜 가운데 잘 마쳤습니다. 기도해 주심에 감사드립니다.,주보 (2020-01-26)
2020-02-15,2020,2,세미나,난민 선교 세미나: 강사: 홍은선 선교사(위클리프 성경 번역) ➧2/15(토) session1 10:00~11:30am 세계 난민 현황과 난민 선교 사례 session2 12:30:~1:30pm 난민선교를 향한 교회 사역 * 간단한 점심식사를 제공합니다. ➧2/16(주일) 5부예배 1:30~3pm 난민 선교의 성경적 근거/성경 속의 난민들 * 예배 후 Q&A 시간이 있습니다.,주보 (2020-02-02)
2020-02-16,2020,2,세미나,"선교사역팀: ➧난민 선교 세미나: 강사: 홍은선 선교사(위클리프 성경 번역) 2/16(오늘) 5부예배: 나를 살피시는 하나님(창 16장) (예배 후 Q&A 시간) ➧전도폭발 65기 준비 기도모임: 2/16(오늘) 11:45am~12:45pm, 104호",주보 (2020-02-16)
2020-02-23,2020,2,성례,"남침례교단(주총회,지방회,국내/국제 선교부)의 사역을 위하여",주보 (2020-02-23)
2020-03-15,2020,3,성례,"남침례교단(한인총회,한인총회 국내/국제 선교부)의 사역을 위하여",주보 (2020-03-15)
2020-03-22,2020,3,회의/의회,정기제직회는 당분간 없습니다. 상황에 따라 추후 공지하겠습니다.,주보 (2020-03-22)
2020-04-05,2020,4,기타행사,"/5학년 제자훈련: 2/17,22,29. 10am. *신청서는 사무실에 있습니다. 제자훈련 과정개편 2020년부터 제자훈련 과정이 전면적으로 개편되어 다음의 4가지 과정으로 진행됩니다. 새가족반: 정교인이 되기 위한 필수과정 제자훈련: 그리스도인의 삶을 훈련하는 과정 바이블 아카데미: 체계적으로 성경을 배우는 과정 미셔널 라이프: 그리스도 중심의 삶을 실천하는 과정 바이블 아카데미 모집: 체계적으로 성경을 배울 수 있는 과정. 중앙복도에서 모집(1/19 개강) * 바이블 아카데미: 훈련된 성경교사들이 인도합니다. - 익스플로어더바이블: 주일 8:15am(316C호, 권오빈), 8:45am(104호, Mr. Krams & 주혜선), 10am(104호, 이자선), 11:30am(314호, 김학숙) - 가스펠프로젝트: 주일 11:30am(115호, 안철환), 1pm(A반:142호 안철환 B반:104호 성명진) - 학부모를 위한 가스펠프로젝트: 주일 8am(142호, 배익호 목사), 11:30am(142호, 배익호 목사) - 귀납법적 성경연구: 주일 10am(117호, 권순욱), 11:30am(117호, 강동인) 미셔널 라이프 모집: 그리스도 중심의 삶을 실천하는 과정. 중앙복도에서 모집(1/19 개강) - 컴퓨터 성경 필사반: 주일 10am(308호, 이주원) - 컴퓨터 성경 필사준비반: 주일 12pm(308호, 이주원)",주보 (2020-01-26)
2020-06-22,2020,6,세미나,"헌금: ➧체크를 우편으로 보내시면 됩니다. ➧online giving을 준비하고 있습니다. (주소: Global Mission Church 13421 Georgia Ave. Silver Spring, MD 20906) VBS(여름성경학교): 6/22(월)~26(금) 9:30am~3pm. 주제: “Concrete & Canes(Building on the Love of Jesus)” (빌립보서 1:6) 바이블 세미나 강사: 손상원 교수(SWBTS, 신약학) 주제: “배경을 알면 말씀이 보입니다”",주보 (2020-03-15)
2020-07-26,2020,7,회의/의회,온라인(zoom) 제직회: 7/26(주일) 1:30pm. 안건: 재정 보고 및 사역 보고 참석 방법에 대하여 문의하고자 하는 분은 담당 목사님께 해 주세요.,주보 (2020-07-12)
2020-08-06,2020,8,예배,코로나 팬데믹으로 온라인 예배 전환. 목장사역 → 소그룹 가정교회 사역으로 전환,50주년 역사벽
2020-09-13,2020,9,회의/의회,"제직회/사무총회 일정: 코로나19로 인하여 교회 일정에 따라서 진행이 되지 않고 있습니다. 제직회와 사무총회 일정이 결정되면, 2주 전에 주보로 공지하겠습니다.",주보 (2020-09-13)
2020-09-13,2020,9,회의/의회,년 사무총회록 배부: 2020년 사무총회록을 배부하고자 합니다. 이메일을 통해 전자 파일로 받으실 수 있는 분들은 교회사무실로 연락주세요.,주보 (2020-09-13)
2020-09-20,2020,9,회의/의회,년 사무총회록 배부: 2020년 사무총회록을 배부하고자 합니다. 이메일을 통해 전자 파일로 받으실 수 있는 분들은 교회사무실로 연락주세요.,주보 (2020-09-20)
2020-09-27,2020,9,회의/의회,온라인 시스템 섬김: 온라인 예배와 제자훈련 성경공부가 진행되고 있습니다. 또한 앞으로 제직회와 사무총회도 온라인으로 진행될 가능성이 많습니다. 그에 따라 온라인 시스템과 사용방법에 대해서 도움이 필요하시면 교회 사무실과 담당사역자에게 연락을 주세요.,주보 (2020-09-27)
2020-09-27,2020,9,회의/의회,년 사무총회록 배부: 2020년 사무총회록을 배부하고자 합니다. 이메일을 통해 전자 파일로 받으실 수 있는 분들은 교회사무실로 연락주세요.,주보 (2020-09-27)
2020-10-04,2020,10,회의/의회,온라인 시스템 섬김: 온라인 예배와 제자훈련 성경공부가 진행되고 있습니다. 또한 앞으로 제직회와 사무총회도 온라인으로 진행될 가능성이 많습니다. 그에 따라 온라인 시스템과 사용방법에 대해서 도움이 필요하시면 교회 사무실과 담당사역자에게 연락을 주세요.,주보 (2020-10-04)
2020-10-04,2020,10,회의/의회,년 사무총회록 배부: 2020년 사무총회록을 배부하고자 합니다. 이메일을 통해 전자 파일로 받으실 수 있는 분들은 교회사무실로 연락주세요.,주보 (2020-10-04)
2020-10-04,2020,10,선교,모든 협력교회와 파송선교사님에게 사역의 열매가 맺어지길 위해,주보 (2020-10-04)
2020-10-11,2020,10,회의/의회,온라인 시스템 섬김: 온라인 예배와 제자훈련 성경공부가 진행되고 있습니다. 또한 앞으로 제직회와 사무총회도 온라인으로 진행될 가능성이 많습니다. 그에 따라 온라인 시스템과 사용방법에 대해서 도움이 필요하시면 교회 사무실과 담당사역자에게 연락을 주세요.,주보 (2020-10-11)
2020-10-11,2020,10,회의/의회,년 사무총회록 배부: 2020년 사무총회록을 배부하고자 합니다. 이메일을 통해 전자 파일로 받으실 수 있는 분들은 교회사무실로 연락주세요.,주보 (2020-10-11)
2020-10-18,2020,10,회의/의회,온라인 시스템 섬김: 온라인 예배와 제자훈련 성경공부가 진행되고 있습니다. 또한 앞으로 제직회와 사무총회도 온라인으로 진행될 가능성이 많습니다. 그에 따라 온라인 시스템과 사용방법에 대해서 도움이 필요하시면 교회 사무실과 담당사역자에게 연락을 주세요.,주보 (2020-10-18)
2020-10-18,2020,10,회의/의회,년 사무총회록 배부: 2020년 사무총회록을 배부하고자 합니다. 이메일을 통해 전자 파일로 받으실 수 있는 분들은 교회사무실로 연락주세요.,주보 (2020-10-18)
2020-10-18,2020,10,회의/의회,다음주에 있을 정기제직회에 아름다운 동역의 열매가 있길 위해,주보 (2020-10-18)
2020-10-25,2020,10,회의/의회,"정기제직회: 10/25(주일) 1:30pm, ZOOM을 통한 온라인 정기제직회가 있습니다. 투표가 있을 예정이니 개인계정으로 참여하시길 부탁드립니다. ZOOM 참여가 어려운 제직은 교회에 오시면 안내해 드립니다. 안건: 신임안수집사후보 인준(김규호 집사), 교회 사역팀 변경안(10/18부터 변경안 안내영상 링크를 보기 원하는 제직들은 연락 바랍니다) 말씀 사경회 일시: 11월 6일(금) 7일(토) 저녁 7시, 8일(주일) 오전 10시 강사: 손상원 교수 (SWBTS 신약학) * 온라인으로 진행되며 제한된 현창참여를 고려 중입니다.",주보 (2020-10-11)
2020-10-25,2020,10,창립,"정기제직회: 10/25(오늘) 1:30pm, ZOOM을 통한 온라인 정기제직회가 있습니다. 투표가 있을 예정이니 개인계정으로 참여하시길 부탁드립니다. ZOOM 참여가 어려운 제직은 교회에 오시면 안내해 드립니다. 안건: 신임안수집사후보 인준(김규호 집사), 교회 사역팀 변경안 창립 46주년 기념 말씀 사경회 (강사: 손상원 교수 SWBTS 신약학) 일시: 11/6일(금)~11/8일(주일) *온라인으로 진행. 제한된 현장참여 고려 중입니다. 주제: 일어나 걸으라 (사도행전 3장 6절) ➀ (금,7pm) 네가 어찌하여 여기 있느냐? (왕상 19:1-8) ➁ (토,6am) 일어나 걸으라! (행 3:1-10) ➂ (토,7pm) 이리와 우리를 도우라! (행 16:6-12) ➃ (주일) 십자가를 지고 나를 따르라! (눅 9:23)",주보 (2020-10-25)
2020-10-25,2020,10,회의/의회,온라인 시스템 섬김: 온라인 예배와 제자훈련 성경공부가 진행되고 있습니다. 또한 앞으로 제직회와 사무총회도 온라인으로 진행될 가능성이 많습니다. 온라인 시스템과 사용방법에 도움이 필요하시면 교회 사무실과 담당사역자에게 연락을 주세요.,주보 (2020-10-25)
2020-10-25,2020,10,회의/의회,년 사무총회록: 사무총회록을 이메일로 받기 원하는 분들은 교회사무실로 연락주세요.,주보 (2020-10-25)
2020-10-25,2020,10,선교,"파송선교사, 협력선교사와 협력교회가 주어진 사명을 감당하길 위해",주보 (2020-10-25)
2020-11-06,2020,11,창립,"정기제직회 결과: 신임안수집사후보 인준(김규호 집사), 교회 사역팀 변경안이 통과 되었습니다. 이후 사무총회와 정기제직회 일정은 결정되는 대로 주보에 공지하겠습니다. 창립 46주년 기념 말씀 사경회 (강사: 손상원 교수 SWBTS 신약학) 일시: 11/6일(금)~11/8일(주일) *금/토요일 집회의 현장참여를 원하시면 신청하시기 바랍니다. 주제: 일어나 걸으라 (사도행전 3장 6절) ➀ (금,7pm) 네가 어찌하여 여기 있느냐? (왕상 19:1-8) ➁ (토,6am) 일어나 걸으라! (행 3:1-10) ➂ (토,7pm) 이리와 우리를 도우라! (행 16:6-12) ➃ (주일) 십자가를 지고 나를 따르라! (눅 9:23) ➄ (주일,1pm) 세미나 “책 중의 책 - 성경이 우리 손에 들어오기까지”",주보 (2020-11-01)
2020-11-06,2020,11,창립,현장예배 오픈: 현장예배와 온라인예배를 드리고 있습니다. 신청 방법: 교회 홈페이지에서 “현장예배 온라인 신청”을 눌러 작성하여 신청하시면 됩니다. ➧70세 이상 성도 중에 현장예배 참석을 원하시면 사무실로 연락 주시기 바랍니다. 창립 46주년 기념 말씀 사경회 (강사: 손상원 교수 SWBTS 신약학) 일시: 11/6일(금)~11/8일(주일) 주제: 일어나 걸으라 (사도행전 3장 6절) ➧ 주제 특강: 주일 오후 1시 “책 중의 책 - 성경이 우리 손에 들어오기까지”,주보 (2020-11-08)
2020-11-08,2020,11,회의/의회,온라인 시스템 섬김: 온라인 예배와 제자훈련 성경공부가 진행되고 있습니다. 또한 앞으로 제직회와 사무총회도 온라인으로 진행될 가능성이 많습니다. 온라인 시스템과 사용방법에 도움이 필요하시면 교회 사무실과 담당사역자에게 연락을 주세요.,주보 (2020-11-08)
2020-11-10,2020,11,창립,창립기념예배: 11월 10일은 교회 46번째 생일입니다. 지금까지 인도하신 하나님께 감사함으로 다음 주일은 창립기념예배로 드립니다.(46년 전 창립예배 순서지를 참고해 주세요),주보 (2020-11-08)
2020-11-15,2020,11,회의/의회,온라인 시스템 섬김: 온라인 예배와 제자훈련 성경공부가 진행되고 있습니다. 또한 앞으로 제직회와 사무총회도 온라인으로 진행될 가능성이 많습니다. 온라인 시스템과 사용방법에 도움이 필요하시면 교회 사무실과 담당사역자에게 연락을 주세요.,주보 (2020-11-15)
2020-11-20,2020,11,기타행사,"감사절예배: 11월 22일은 감사주일로 감사절예배를 드립니다. 영어회중과 한어회중, 그리고 모든 자녀가 함께 감사로 드립니다. 지난 일년간 지켜주시고 인도하신 하나님께 감사하는 우리 모두가 됩시다. ➧감사 캠페인: 가정별로 감사 영상을 오늘까지 보내주시면 추첨하여 푸짐한 상품을 드립니다. 2020년 감사절 아침말씀묵상 “모두, 감사합니다” 11/20(금) 모두, 하나님께 감사합니다 (시편 136) 11/25(수) 하나님의 사랑, 감사합니다 (살후 2:14) 11/21(토) 하나님의 말씀, 감사합니다 (골 3:15~17) 11/26(목) 하나님의 직분, 감사합니다 (딤전1:12~17) 11/23(월) 하나님의 생명, 감사합니다 (눅 17:11~19) 11/27(금) 하나님의 사람, 감사합니다 (롬 6:1~16) 11/24(화) 하나님의 가정, 감사합니다 (골 3:17~21) 11/28(토) 하나님의 미래, 감사합니다 (빌1:6,계1:16~20)",주보 (2020-11-15)
2020-11-22,2020,11,기타행사,"감사절예배: 11월 22일은 감사주일로 감사절예배를 드립니다. 영어회중과 한어회중, 그리고 모든 자녀가 함께 감사로 드립니다. 지난 일년간 지켜주시고 인도하신 하나님께 감사하는 우리 모두가 됩시다. ➧감사 캠페인: 가정별로 감사 영상을 보내주시면 추첨하여 푸짐한 상품을 드립니다.",주보 (2020-11-08)
2020-11-29,2020,11,회의/의회,"온라인 시스템 섬김: 예배와 제자훈련 성경공부, 제직회와 사무총회가 온라인으로 진행되고 있습니다. 온라인 시스템과 사용에 도움이 필요하시면 교회에 연락을 주세요.",주보 (2020-11-29)
2020-11-29,2020,11,회의/의회,"다음주, 사무총회에 감사와 기쁨이 가득하길 위해",주보 (2020-11-29)
2020-12-05,2020,12,세미나,팬데믹 이후 변화하는 선교 세미나: 12/5 9am. 강사: 배병균 선교사 (IMB 아시아 교회 동원 전략가),주보 (2020-11-22)
2020-12-06,2020,12,회의/의회,정기사무총회 공고: 12/6(주일) 1:30pm. 9월에 있었어야 할 정기사무총회가 팬데믹으로 인해 연기되어 온라인으로 진행됩니다. 안건: 신임안수집사 인준(김규호 집사) 온라인 참여에 도움이 필요하신 분은 교회로 문의해 주세요.,주보 (2020-11-15)
2020-12-06,2020,12,회의/의회,"온라인 시스템 섬김: 예배와 제자훈련 성경공부, 제직회와 사무총회가 온라인으로 진행되고 있습니다. 온라인 시스템과 사용에 도움이 필요하시면 교회에 연락을 주세요.",주보 (2020-12-06)
2020-12-13,2020,12,선교,"선교팀: ➀라티문 선교 헌금: 12/13~25, 교회에 오셔서, 우편, 온라인으로 헌금하실 수 있습니다. ➁파송선교사에게 보내는 성탄 영상메세지를 보내 주세요. (문의: 강현창 목사) ➂전도폭발 65기 수료 간증: 12/13(주일) 예배 중.",주보 (2020-12-06)
2020-12-13,2020,12,회의/의회,"온라인 시스템 섬김: 예배와 제자훈련 성경공부, 제직회와 사무총회가 온라인으로 진행되고 있습니다. 온라인 시스템과 사용에 도움이 필요하시면 교회에 연락을 주세요.",주보 (2020-12-13)
2020-12-20,2020,12,회의/의회,"온라인 시스템 섬김: 예배와 제자훈련 성경공부, 제직회와 사무총회가 온라인으로 진행되고 있습니다. 온라인 시스템과 사용에 도움이 필요하시면 교회에 연락을 주세요.",주보 (2020-12-20)
2020-12-25,2020,12,세미나,"대림절 기간입니다: 예수님의 오심을 소망하는 복된 시간을 가지세요. 연말/연시 사역 일정 12/25(금) 10am 성탄 가족 예배 1/2~9/2021(토~토) 신년 특별 새벽기도 12/27(주일) 1:30pm 사무총회 1/3, 10(주일) 1:30pm 제직 섬김 세미나 12/31(목) 7pm 송구영신 예배",주보 (2020-12-13)
2020-12-27,2020,12,회의/의회,"정기사무총회: 12/27(주일), 1:30pm으로 연기 되어 zoom으로 진행될 예정입니다. 12/6로 계획 되었던 정기사무총회가 팬데믹 상황으로 인해 12/27 주일로 연기되었습니다. 안건: 신임안수집사 인준(김규호 집사) ID: 983 0809 6170 password: 795326 참여에 도움이 필요하시면 교회로 문의해 주세요.",주보 (2020-12-13)
2020-12-27,2020,12,회의/의회,년 사무총회에 감사와 기쁨이 함께하길 위해,주보 (2020-12-27)
2021-01-01,2021,1,기타행사,"기도 제목 쓰기: 방법1: 홈페이지의 “2021 기도제목 신청”에서 작성, “submit”을 눌러 신청. 방법2: 홈페이지의 주보 게시판에 “2021 기도제목 용지”를 출력하여 이메일, 우편 혹은 담당목회자의 카톡으로 보내주세요. 2021년 신년 특별 말씀 묵상 Calling: 우리를 불러내시는 하나님 1/1 죄악에서 불러내시는 하나님 (창 12:1~4) 1/6 질병에서 불러내시는 하나님 (왕하 20:1~11) 1/2 과거에서 불러내시는 하나님 (출 3:1~10) 1/7 무능에서 불러내시는 하나님 (예 1:4~10) 1/4 공포에서 불러내시는 하나님 (삿 6:7~16) 1/8 반항에서 불러내시는 하나님 (행 9:1~5,13~16) 1/5 어둠에서 불러내시는 하나님 (삼상 3:1~4,10~14) 1/9 일상에서 불러내시는 하나님 (벧전 2:9)",주보 (2021-01-03)
2021-01-03,2021,1,세미나,"제직 섬김 세미나: 교회의 일정 변경으로 2021년 1/3, 1/10(주일) 1pm에 있습니다. Meeting ID: 935 9461 6904 Passcode: 083883",주보 (2020-12-13)
2021-01-03,2021,1,회의/의회,정기사무총회 결과: 김규호 집사가 안수집사로 인준 되었습니다.,주보 (2021-01-03)
2021-01-03,2021,1,기타행사,"시상: ➧추수감사영상 시상: 총 28가정이 참여하셨고 추첨을 통한 시상이 있었습니다. 1등: 로이칸/최금숙 가정, 2등: 박상미 청년, 3등: 남연우/남윤숙 가정, 그리고 참가하신 모든 분들께도 작은 선물이 발송되었습니다. 참여해 주셔서 감사합니다. ➧성경통독/성경필사 시상: 신청하시는 분들에 한해 연말에 시상이 있습니다. 교회홈페이지를 통해 신청해 주세요. *성경통독표는 사무실 또는 교회홈페이지를 통해 받으실 수 있습니다.",주보 (2021-01-03)
2021-01-10,2021,1,세미나,제직 섬김 세미나: 교회의 일정 변경으로 2021년 1/10(오늘) 1pm에 있습니다. Meeting ID: 935 9461 6904 Passcode: 083883,주보 (2021-01-10)
2021-01-17,2021,1,기타행사,성경통독/필사: 교회홈페이지를 통해 신청해 주세요. ➧신청 마감: 1/17 *성경통독표는 사무실 또는 교회홈페이지를 통해 받으실 수 있습니다. *신청하시는 분들에 한해 연말에 시상이 있습니다.,주보 (2021-01-10)
2021-01-17,2021,1,세미나,제직 섬김 세미나 추가 교육: 개인 사정으로 교육을 못 받으신 분은 연락 해 주세요. 문의: 배익호 목사,주보 (2021-01-17)
2021-01-23,2021,1,훈련/수련회,청년부 온라인 겨울수련회(1/23~24)에 말씀의 은혜가 임하도록,주보 (2021-01-17)
2021-01-24,2021,1,회의/의회,"정기 제직회: 1/24(주일) 1:30pm, zoom으로 진행됩니다. 안건: 2020재정 결산, 2021 교회팀장 인준, 제직 명단 인준",주보 (2021-01-10)
2021-01-24,2021,1,세미나,제직 섬김 세미나 추가 교육: 개인 사정으로 교육을 못 받으신 분은 연락 해 주세요. 문의: 배익호 목사,주보 (2021-01-24)
2021-02-14,2021,2,회의/의회,"정기 사무총회: 2/14(주일) 1:30pm, zoom으로 진행됩니다. 안건: 안건: ①2020년도 회계결산 ②사무총회록 인준 ➧사무총회록을 2/10 경에 이메일로 보내드리려고 합니다. 사무실에 요청하시기 바랍니다.",주보 (2021-01-31)
2021-03-28,2021,3,회의/의회,"정기제직회: 3/28(주일) 1:30pm, zoom을 통한 온라인 정기제직회가 있습니다.",주보 (2021-03-14)
2021-04-04,2021,4,임직/안수,"현장/온라인 예배: 교회 홈페이지에서 신청하시면 됩니다. ➧현장예배 증설: 4/4(오늘)부터 7:30am, 10am 예배를 드립니다. 목사 안수식, 집사 안수식 그리고 안수집사와 전도사 은퇴식 부활하신 예수님을 기뻐하는 부활절에 하나님의 사람들을 세우고 헌신한 일꾼들에게 감사하는 시간을 갖습니다. 이 모든 일에 기쁨으로 함께 해주세요. *온라인으로도 진행됩니다. 일시: 4/4(오늘) 오후 1시 목사 안수: 데이비드 쿠차스키 전도사 집사 안수: 김규호 집사 안수집사 은퇴: 계준교 집사, 안성기 집사 전도사 은퇴: 최인돈 전도사",주보 (2021-04-04)
2021-04-04,2021,4,은퇴,"은퇴하는 계준교 집사, 안성기 집사, 최인돈 전도사의 헌신에 감사하며 계속되는 사역에 은혜가 함께하도록",주보 (2021-04-04)
2021-04-10,2021,4,선교,온라인 단기선교 헌신자 전체 모임: 4/10(토) 8pm. Meeting ID: 885 2901 9001,주보 (2021-04-04)
2021-04-18,2021,4,선교,온라인 단기선교 추가 신청: 아직 신청하지 못하신 분들은 오늘(4/18)까지 아래 링크로 신청해 주시기 바랍니다. 오늘 이후로는 더 이상 추가 신청을 받지 않습니다. https://bit.ly/GMCMET2021,주보 (2021-04-18)
2021-04-25,2021,4,선교,온라인 단기선교와 참여하는 모든 성도들에게 성령님의 능력이 함께 하도록,주보 (2021-04-25)
2021-05-23,2021,5,회의/의회,"정기제직회: 5/23(주일) 1:30pm, zoom을 통한 온라인 정기제직회가 있습니다. 안건: 목회보고(영상사역), 재정보고",주보 (2021-05-09)
2021-05-23,2021,5,회의/의회,지구촌 제직회와 함께하는 모든 제직들이 합력하여 선을 이루도록,주보 (2021-05-23)
2021-06-06,2021,6,기타행사,월 암송말씀 (죄와 형벌): 죄의 삯은 사망이요 하나님의 은사는 그리스도 예수 우리 주 안에 있는 영생이니라 (로마서 6:23),주보 (2021-06-06)
2021-06-13,2021,6,기타행사,월 암송말씀 (죄와 형벌): 죄의 삯은 사망이요 하나님의 은사는 그리스도 예수 우리 주 안에 있는 영생이니라 (로마서 6:23),주보 (2021-06-13)
2021-06-20,2021,6,기타행사,월 암송말씀 (죄와 형벌): 죄의 삯은 사망이요 하나님의 은사는 그리스도 예수 우리 주 안에 있는 영생이니라 (로마서 6:23),주보 (2021-06-20)
2021-06-27,2021,6,회의/의회,"임시제직회: 6/27(주일) 1:30pm, zoom으로 진행됩니다. 안건: 교육세움팀 교실 리모델링 교회 장소 사용 Guideline 1. 주일 현장예배는 신청 없이 오실 수 있습니다. (마스크는 착용) 2. 찬양대는 모이지 않습니다. 3. 모임은 장소 사용 신청 후 모일 수 있습니다. (마스크는 착용) 4. 모임 시 가져온 음식은 대강당에서만 드실 수 있습니다.(부엌은 사용할 수 없습니다)",주보 (2021-06-13)
2021-06-27,2021,6,기타행사,월 암송말씀 (죄와 형벌): 죄의 삯은 사망이요 하나님의 은사는 그리스도 예수 우리 주 안에 있는 영생이니라 (로마서 6:23),주보 (2021-06-27)
2021-07-11,2021,7,목회자 사임,"사임: 서용길 전도사가 7/11(다음주)에 사임합니다. 7월 설교 일정 /11 “동상이몽”(요 11:1~44) 김바울 목사(미육군 군목, 소령) 7/18 “코로나 밤을 넘어선 새날을 준비하라”(호 6:1~4,11) 이동원 목사(한국지구촌교회) /25 “우리는 함께 사모합니다” V 임 광 목사 실시간 온라인/현장 예배 (주일 오전 7:30/10) 수요 오전예배 (10am) / 아침 말씀 묵상 (6am) YouTube에서 “GMC MEDIA MINISTRY“를 검색하고 “구독” 버튼을 눌러주세요. (홈페이지 하단에 Youtube 채널로 접속하는 배너가 있습니다.)",주보 (2021-07-04)
2021-08-01,2021,8,회의/의회,"정기제직회: 8/1(주일) 1:30pm, zoom으로 진행됩니다. 안건: 신임안수집사 후보(권순욱, 김민찬) 예배영상장비 업그레이드 외.",주보 (2021-07-18)
2021-08-01,2021,8,부흥회/집회,"호산나 찬양 집회: 8/1(주일) 6~7:30pm, 워싱턴 필그림교회",주보 (2021-08-01)
2021-08-09,2021,8,특별행사,"VBS 등록: 기간: 8/9~13, 9:30am~12pm. 대상: 4살(5/31/2021 기준)~7학년 등록비: GMC 교인-$40/1명, $70/2명, $90/3명, 일반-$60/1명, $90/2명, $120/3명 (5/31 이후는 $50/1명, $80/2명, $110/3명) 문의: Pastor Kathy Kim(201-988-9440) ➧VBS는 온라인으로 진행되며 8/14(토)에 교회 뒷동산에서 피크닉을 할 예정입니다.",주보 (2021-05-16)
2021-08-09,2021,8,회의/의회,"정기제직회 결과: 신임안수집사 후보 권순욱 집사, 김민찬 집사가 제직회에 통과 되었습니다. 9월 말 사무총회까지 함께 기도해 주시기를 부탁드립니다. 여름성경학교(VBS/VBX) 8/9(월)~8/13(금) 9:30am~12pm 4학~7학년 (온라인으로 진행) ➧8/14(토) 11am, 교회 뒷동산에서 피크닉 온 지구촌 가족의 기도와 관심, 그리고 참여를 부탁드립니다.",주보 (2021-08-08)
2021-09-26,2021,9,회의/의회,정기제직회: 9/26(주일) 1:30pm 교회 장소 사용 Guideline 1. 주일 현장예배는 신청 없이 오실 수 있습니다. (마스크는 착용) 2. 찬양대는 모이지 않습니다. 3. 모임은 장소 사용 신청 후 모일 수 있습니다. (마스크는 착용) 4. 모임 시 가져온 음식은 대강당에서만 드실 수 있습니다.(부엌은 사용할 수 없습니다) 사역자 설교주간 “사사기에서 만난 하나님의 은혜” 9/12 강현창 목사 너희는 여호와를 버렸으나 (사사기 2:11~23) 9/19 곽대선 목사 9/26 배익호 목사 10/3 장한중 목사,주보 (2021-09-05)
2021-09-26,2021,9,목회자 부임,부임: 이충효 목사가 9월 26일부로 부임합니다.,주보 (2021-09-26)
2021-09-26,2021,9,회의/의회,정기제직회를 통해 하나님의 사역을 함께 감당하도록,주보 (2021-09-26)
2021-09-27,2021,9,창립,"축하: 9/27, 안영수/홍지혜 가정에 딸 안리아(Lia Faith An)가 태어났습니다. 창립 47주년 기념부흥집회 (11/5~7)",주보 (2021-10-24)
2021-09-30,2021,9,목회자 부임,"사임: 배익호 목사가 한국 부산 영안침례교회 담임목사로 청빙되어 9월 30일부로 사임합니다. 교회 장소 사용 Guideline 1. 주일 현장예배는 신청 없이 오실 수 있습니다. (마스크는 착용) 2. 찬양대는 모이지 않습니다. 3. 모임은 장소 사용 신청 후 모일 수 있습니다. (마스크는 착용) 4. 모임 시 가져온 음식은 대강당에서만 드실 수 있습니다.(부엌은 사용할 수 없습니다) 2021년 하반기 사역을 위한 기도 코로나 팬데믹으로 모두가 어려운 때 우리 모두를 보호하시는 하나님의 은혜에 감사합니다. 변이 바이러스로 인해 여전히 어려움 속에 있습니다. 그럼에도 불구하고 조심스럽게 하반기 사역을 준비하고자 합니다. 기도를 부탁드립니다. ➀ 교회 모임 정상화와 예배 조정을 기도하며 준비하고 있습니다. ➁ 교육부 사역을 현장에서 할 준비를 하고 있습니다. MCPS와 주정부의 가이드라인을 지키며 조심스럽게 진행할 예정입니다. ➂ 하반기 교회 정상화를 준비하며 교회 출입문 공사, 교회 청소 및 정리가 진행 중이고 교육부 교실 업그레이드가 진행될 예정입니다.",주보 (2021-09-26)
2021-10-09,2021,10,세미나,"“치매 집중 세미나” 안내: 일시/장소: 10/9, 10/23. 10-12pm. 다목적대강당 (마스크 착용 필수) 주최: 가정행복부/워싱턴 한인 복지센터 *사전 등록없이 참석 가능합니다. 대상: 치매에 관심 있으신 어르신들, 노부모님이 계시는 성인자녀들, 시니어 대상 사역자들 내용/강사: 치매에 대한 이해 (조지영 공중보건학 박사, 워싱턴한인복지센터), 치매 환자 간호 (한혜라 간호학 박사, 존스 홉킨스 대학교) 치매 조기 발견을 위한 검사 (여승희 치매 프로그램 담당, 워싱턴한인복지센터) 치매 환자를 위한 지역사회 자원 (최대현 사회복지팀장, 워싱턴한인복지센터) 문의: 장한중 목사(hanjung.jang@gmcusa.org), 조지영 집사(jycho@kcscgw.org)",주보 (2021-09-19)
2021-10-10,2021,10,예배,팬데믹 이후 현장 대면예배 전면 재개,50주년 역사벽
2021-10-10,2021,10,회의/의회,"/10 사무총회 결과: 권순욱, 김민찬 집사를 안수집사로 신임하였습니다.",주보 (2021-10-17)
2021-10-23,2021,10,세미나,"“치매 집중 세미나” 안내: 일시/장소: 10/23. 10-12pm. 다목적대강당 (마스크 착용 필수) 주최: 가정행복부/워싱턴한인복지센터 *사전등록 없이 참석 가능합니다. 내용: 치매에 대한 이해, 치매 환자 간호, 치매 조기 발견을 위한 검사, 치매 환자를 위한 지역사회 자원 문의: 장한중 목사(hanjung.jang@gmcusa.org), 조지영 집사(jycho@kcscgw.org)",주보 (2021-10-10)
2021-10-23,2021,10,훈련/수련회,"청년부 복음 캠프: 10/23(토)~24(주), 커버넌트 채플/ 대강당. 많은 기도와 후원을 바랍니다.",주보 (2021-10-10)
2021-10-23,2021,10,훈련/수련회,"청년부 복음 캠프에 초대합니다! 주제: 들어볼래요? 당신을 기다리는 좋은 소식! (누가복음 4:18-19） 일시/장소: 10/23(토)~10/24(주), 아가페 채플/대강당 강사: 김요셉 목사(열린문장로교회 행정/청년부 담당) 문의: 이충효 목사 (chunghyo.lee@gmcusa.org)",주보 (2021-10-17)
2021-10-24,2021,10,선교,년 단기선교사역에 감사와 열매가 맺히도록,주보 (2021-10-24)
2021-10-24,2021,10,창립,창립 47주년 부흥집회와 안수집사 안수식에 위로가 가득하도록,주보 (2021-10-24)
2021-10-31,2021,10,창립,"창립주일을 맞는 우리, 하나님께서 기뻐하시는 교회를 소망하며 나아가도록",주보 (2021-10-31)
2021-10-31,2021,10,창립,창립 47주년 부흥집회(강사:고상환 목사)에 하나님의 위로가 임하도록,주보 (2021-10-31)
2021-10-31,2021,10,임직/안수,"신임안수집사에게 섬김의 기쁨이, 은퇴안수집사에게 섬김의 감사가 함께하도록",주보 (2021-10-31)
2021-11-05,2021,11,창립,창립47주년 부흥집회(11/5~7)와 안수집사 안수식에 은혜가 가득하도록,주보 (2021-10-17)
2021-11-05,2021,11,창립,월 암송말씀 (하나님 나라): 그런즉 너희는 먼저 그의 나라와 그의 의를 구하라 그리하면 이 모든 것을 너희에게 더하시리라 (마태복음 6:33) 11월 암송말씀 (감사): 골로새서 4:2 창립 47주년 기념부흥집회 (11/5~7),주보 (2021-10-31)
2021-11-05,2021,11,창립,주제: 내 백성을 위로하라 (사 40:1) * 강사: 고상환 목사 (산호세 세계선교교회 담임) 11/5 (금) 7:30pm 로뎀나무 아래 (왕상 19:1-13) 11/6 (토) 6:00am 생각하여 보라 (마 6:25-34) 11/6 (토) 7:30pm 나 홀로 남아 (왕상 18:30-40) 11/7 (주) 1~3부 예배 작은 떡 한 개 (왕상 17:8-16) 창립 47주년 기념 및 안수집사 안수/은퇴 예배 일시: 11/7 (주) 2pm 설교: 손형식 목사 (워싱턴필그림교회 원로목사) 안수 집사: 권순욱 & 김민찬 집사 은퇴 집사: 남연우 집사,주보 (2021-10-31)
2021-11-07,2021,11,창립,월 암송말씀 (감사): 기도를 계속하고 기도에 감사함으로 깨어 있으라 (골로새서 4:2) 창립 47주년 기념부흥집회 감사 기념부흥집회를 허락하신 하나님께 감사드립니다. 또한 집회에서 귀한 위로의 말씀을 나눠주신 고상환 목사님께도 감사합니다. 우리 워싱턴지구촌교회가 하나님의 위로하심 속에서 주신 사명을 감당하는 교회로 세워지도록 내일을 향해 함께 나아갑시다. * 말씀 CD가 준비될 예정입니다. 창립 47주년 기념 및 안수집사 안수/은퇴 예배 일시: 11/7 (오늘) 2pm 설교: 손형식 목사 (워싱턴필그림교회 원로목사) 안수 집사: 권순욱 & 김민찬 집사 은퇴 안수집사: 남연우 집사,주보 (2021-11-07)
2021-11-07,2021,11,성례,침례 신청: 성탄주일에 침례 받기 원하는 분은 교회 사무실로 신청해 주세요. (문의: 장한중 목사),주보 (2021-11-07)
2021-11-07,2021,11,창립,"모임은 장소 신청 후 사용 하시고.(마스크는 착용), 음식은 대강당에서만 드실 수 있습니다. (부엌은 사용할 수 없습니다)",주보 (2021-11-07)
2021-11-07,2021,11,창립,"창립주일을 맞는 우리, 하나님께서 기뻐하시는 교회를 소망하며 나아가도록",주보 (2021-11-07)
2021-11-13,2021,11,기타행사,"감사절 특별 새벽 예배: 11/13~20(토~토) 우리들 믿음의 표현, 감사 (에베소서 5:19~21) 11월 13일 (토): (0) 믿음의 확실한 증거, 감사 (에베소서 5:19~21) 11월 15일 (월): (1) 염려가 찾아올 때도 감사 (빌립보서 4:6) 11월 16일 (화): (2) 위협이 엄습할 때도 감사 (다니엘 6:10) 11월 17일 (수): (3) 문제를 대면할 때도 감사 (요한복음 11:41) 11월 18일 (목): (4) 승리를 이뤘을 때도 감사 (느헤미야 12:27~30) 11월 19일 (금): (5) 동료를 발견할 때도 감사 (사도행전 28:15) 11월 20일 (토): (6) 당연한 일상의 때도 감사 (골로새서 3:17, 4:2) * 매일 나눠지는 특별새벽기도 교안은 교회에서 받으실 수 있습니다.",주보 (2021-11-07)
2021-11-14,2021,11,성례,침례 신청: 성탄주일에 침례 받기 원하는 분은 교회 사무실로 신청해 주세요. (문의: 장한중 목사),주보 (2021-11-14)
2021-11-14,2021,11,부흥회/집회,부흥집회를 통해 주신 은혜와 위로를 삶에서 열매 맺도록,주보 (2021-11-14)
2021-11-14,2021,11,기타행사,감사절 특별새벽예배로 믿음의 감사가 우리에게서 표현되도록,주보 (2021-11-14)
2021-11-15,2021,11,기타행사,"감사절특별새벽기도: 11/15~20(월~토)에 있습니다. 새로운 시간으로 예배합니다. 예배 조정 (10/10부터): 1부예배-7:30am, 2부예배-9am, 3부예배-11am, EM-11am, 어린이/Youth 예배-11am, 청년부예배-1:30pm 새벽 예배 (10/11부터): 월요일~토요일 6:00am (5:30am 경에 문을 엽니다) * 모임은 장소 사용 신청 후 모일 수 있습니다. (마스크는 착용) * 모임 시 가져온 음식은 대강당에서만 드실 수 있습니다.(부엌은 사용할 수 없습니다) * 각 예배 Youtube 링크는 교회 홈페이지에서 찾을 수 있습니다.",주보 (2021-10-31)
2021-11-21,2021,11,성례,침례 신청: 성탄주일에 침례 받기 원하는 분은 교회 사무실로 신청해 주세요. (문의: 장한중 목사),주보 (2021-11-21)
2021-11-28,2021,11,성례,침례 신청: 성탄주일에 침례 받기 원하는 분은 교회 사무실로 신청해 주세요. (문의: 장한중 목사),주보 (2021-11-28)
2021-12-05,2021,12,성례,침례 신청: 성탄주일에 침례 받기 원하는 분은 교회 사무실로 신청해 주세요.(문의: 장한중 목사),주보 (2021-12-05)
2021-12-12,2021,12,회의/의회,"정기제직회: 12/12(주일) 1:30pm ➧사회적 거리를 유지하며 다목적대강당에서 진행됩니다. 안건: 2021년 회계보고, 2022년 예산, 안내: 2022년 주제와 상반기 일정",주보 (2021-11-28)
2021-12-12,2021,12,성례,침례 신청: 성탄주일에 침례 받기 원하는 분은 교회 사무실로 신청해 주세요.(문의: 장한중 목사),주보 (2021-12-12)
2021-12-15,2021,12,기타행사,"성경통독/필사자 시상: 12/15일(수)까지 통독표, 필사노트를 사진으로 찍어 문자 또는 이메일로 보내주세요(hanjung.jang@gmcusa.org, 817-891-2216)",주보 (2021-12-05)
2021-12-25,2021,12,세미나,"소천: 김신홍 집사(김정애 집사 남편)께서 12/25 새벽에 하나님의 부르심을 받았습니다. 다음 주일 설교 “제자, 우리는 예수님을 따라갑니다” 2부예배 기도: 김민찬 집사 연말 일정 12월 31일 송구영신예배 (7:30pm) 1/2,2022 신년 예배 1/3~1/8,2022 신년 특별 새벽 기도 1/9, 2022 제직 세미나 (1pm)",주보 (2021-12-26)
2021-12-26,2021,12,선교,파송선교사님 가정과 사역에 함께하셔서 복음이 담대하게 전해지도록,주보 (2021-12-26)
2021-12-31,2021,12,기타행사,"송구영신예배, 주의만찬: 12/31(토) 7:30pm. 어린이, 청소년, 영어부 연합 예배를 드립니다. 말씀: “아멘, 마지막에 있는 시작 Amen, the beginning at the end” ➨예배 시에 주의 만찬이 있습니다. 예배에 들어갈 때 주의만찬 kit을 받아 가시기 바랍니다. ➨주의만찬 kit 배분: 12/26(오늘) 2pm 까지, 12/29(수) 5pm 까지, 12/31(금) 5pm 까지 사무실에 문의하세요. 신년특별새벽기도회: 1/3~9(월~토) “부르심, 우리의 시작” 1/3 월 아브람을 부르심, 믿음의 시작 임 광 목사 1/4 화 모세를 부르심, 섬김의 시작 강현창 목사 1/5 수 사무엘을 부르심, 소망의 시작 장한중 목사 1/6 목 이사야를 부르심, 헌신의 시작 곽대선 목사 1/7 금 예레미야를 부르심, 변화의 시작 임 광 목사 1/8 토 요나를 부르심, 구원의 시작 임 광 목사",주보 (2021-12-26)
2022-01-09,2022,1,세미나,"서리집사 수락서: 서리집사 추천서가 발송되었습니다. ➨제직 세미나: 1/9/2022 1pm, 강사: 최동갑 목사님(랄리한인침례교회 원로 목사) 주제: “섬기는 이의 영성-경건과 헌신”",주보 (2021-12-19)
2022-01-09,2022,1,세미나,"제직 세미나: 1/9(오늘) 1pm, 강사: 최동갑 목사님(랄리제일한인침례교회 원로 목사) 주제: “섬기는 이의 자세-경건과 헌신(The attitude of a Servant)” 마태복음 25:14~30 * 불가피하게 불참하는 분들은 강현창 목사에게 연락 주세요.(hyunchang.kang@gmcusa.org) * 제직세미나에 차일드케어가 있습니다. * 대강당에서 간단한 식사를 제공합니다.",주보 (2022-01-09)
2022-01-09,2022,1,성례,감사: 오늘 주일 설교를 해주신 최동갑 목사님(랄리제일한인침례교회 원로목사)께 감사 드립니다.,주보 (2022-01-09)
2022-01-09,2022,1,세미나,오늘 제직세미나(강사:최동갑 목사)에 섬김과 헌신의 은혜가 넘치도록,주보 (2022-01-09)
2022-01-16,2022,1,회의/의회,"제직회: 1/16(오늘) 1:30pm. zoom으로 진행됩니다. link는 이메일로 보내드립니다. 안건: 2021년도 결산, 2022년 예산 및",주보 (2022-01-09)
2022-01-16,2022,1,기타행사,년 성경통독/필사 신청: 교회 홈페이지에서 신청하세요. *성경통독표는 사무실 또는 교회 홈페이지에 있습니다(신청마감: 1/16) 신청하고 끝낸 분들을 위한 시상이 연말에 있습니다.,주보 (2022-01-09)
2022-01-16,2022,1,회의/의회,년을 여는 제직회와 사무총회에 하나님의 소망과 사랑이 함께하도록,주보 (2022-01-16)
2022-01-23,2022,1,회의/의회,년을 여는 사무총회에 하나님의 소망과 사랑이 함께하도록,주보 (2022-01-23)
2022-01-30,2022,1,회의/의회,정기사무총회: 1/30(주일) 1:30pm 보고: 비전 부지 건,주보 (2022-01-16)
2022-02-05,2022,2,세미나,"시니어 토요학교 특별 세미나: 2/5(토) 10am, 본당 강사: 이동원 목사 시니어와 함께 모든 지구촌성도들을 초청합니다. 믿음과 비전으로 우리의 미래를 준비하는 귀한 시간이 될 것입니다. (간식이 제공됩니다)",주보 (2022-01-23)
2022-02-06,2022,2,선교,월 ‘선교 헌신의 달’을 ‘사역자 설교주간’ 으로 보냅니다. 목사님들을 통해 주시는 말씀과 함께 선교에 마음을 품고 헌신하는 기쁨이 넘치길 기도합니다. 사역자 설교 주간 2/6 선교와 제자 장한중 목사 2/13 선교와 기도 곽대선 목사 2/20 선교와 선교사 이충효 목사 2/27 선교와 파송 강현창 목사,주보 (2022-01-30)
2022-02-06,2022,2,성례,"월 암송말씀 (선교): 그러므로 너희는 가서 모든 민족을 제자로 삼아 아버지와 아들과 성령의 이름으로 침례를 베풀고 내가 너희에게 분부한 모든 것을 가르쳐 지키게 하라 볼지어다 내가 세상 끝날까지 너희와 항상 함께 있으리라 하시니라 (마태복음 28:19~20) 반드시 마스크를 착용하시기 바랍니다. <오미크론 변이 확산에 대한 공지> ⓵ 교회 내 모임과 예배 중에 마스크를 착용해 주세요. ⓶ 주정부/CDC/MCPS 가이드라인과 상황에 따라서 교회 예배와 모임이 변경될 수 있습니다. 변경이 있을 시, 교회 홈페이지와 이메일로 안내를 하겠습니다.",주보 (2022-02-06)
2022-02-06,2022,2,목회자 부임,"정기사무총회 보고: 선교콘도 매각 결정, 매입 결정은 제직회에 위임. 함께해주신 모든 성도님들께 감사합니다.",주보 (2022-02-06)
2022-02-13,2022,2,성례,"월 암송말씀 (선교): 그러므로 너희는 가서 모든 민족을 제자로 삼아 아버지와 아들과 성령의 이름으로 침례를 베풀고 내가 너희에게 분부한 모든 것을 가르쳐 지키게 하라 볼지어다 내가 세상 끝날까지 너희와 항상 함께 있으리라 하시니라 (마태복음 28:19~20) 반드시 마스크를 착용하시기 바랍니다. <오미크론 변이 확산에 대한 공지> ⓵ 교회 내 모임과 예배 중에 마스크를 착용해 주세요. ⓶ 주정부/CDC/MCPS 가이드라인과 상황에 따라서 교회 예배와 모임이 변경될 수 있습니다. 변경이 있을 시, 교회 홈페이지와 이메일로 안내를 하겠습니다.",주보 (2022-02-13)
2022-02-20,2022,2,성례,"월 암송말씀 (선교): 그러므로 너희는 가서 모든 민족을 제자로 삼아 아버지와 아들과 성령의 이름으로 침례를 베풀고 내가 너희에게 분부한 모든 것을 가르쳐 지키게 하라 볼지어다 내가 세상 끝날까지 너희와 항상 함께 있으리라 하시니라 (마태복음 28:19~20) 반드시 마스크를 착용하시기 바랍니다. <오미크론 변이 확산에 대한 공지> ⓵ 교회 내 모임과 예배 중에 마스크를 착용해 주세요. ⓶ 주정부/CDC/MCPS 가이드라인과 상황에 따라서 교회 예배와 모임이 변경될 수 있습니다. 변경이 있을 시, 교회 홈페이지와 이메일로 안내를 하겠습니다.",주보 (2022-02-20)
2022-02-21,2022,2,선교,"President’s Day(프레지던트데이): 2/21(월). 2/22(화)은 교회 문을 닫습니다. 다음 주일 설교 “선교와 파송” (사도행전 1:8) 3~4월 설교 시리즈 “십자가의 길: 거기, 너 있었는가?” 2부예배 기도: 최한규 집사 유튜브 설교방송 아래에 주보/목회서신 링크가 있습니다. 2022년 여름 일정 VBS(여름성경학교) 6/21(화)~6/24(금) youth/YAM retreat(여름수련회) 8/11(목)~14(주일)",주보 (2022-02-20)
2022-02-26,2022,2,훈련/수련회,"소천: 론크램즈 집사(주혜선 집사 남편)께서 2/26(토) 새벽에 하나님의 부르심을 받았습니다. 3~4월 설교 시리즈 “십자가의 길: 거기, 너 있었는가?” 2부예배 기도: 김학재 집사 유튜브 설교방송 아래에 주보/목회서신 링크가 있습니다. 반드시 마스크를 착용하시기 바랍니다. ⓵ 교회 내 모임과 예배 중에 마스크를 착용해 주세요. ⓶ 주정부/CDC/MCPS 가이드라인과 상황에 따라서 교회 예배와 모임이 변경될 수 있습니다. 변경이 있을 시, 교회 홈페이지와 이메일로 안내를 하겠습니다. 2022년 여름 일정 VBS(어린이 여름성경학교) 6/21(화)~6/24(금) youth/YAM retreat(청소년/청년 여름수련회) 8/11(목)~14(주일)",주보 (2022-02-27)
2022-02-27,2022,2,선교,"선교헌신주일: 2022년도 선교헌신서약서에 단기선교, 기도, 재정, 헌금, 섬김의 헌신에 모두 동참해 주세요.",주보 (2022-02-27)
2022-03-06,2022,3,선교,"김밥 판매에 수고해 주시고 참여해 주신 모든 분들께 감사드립니다. 수익금 $5,000은 단기선교를 위한 지정헌금으로 사용합니다.",주보 (2022-03-06)
2022-03-11,2022,3,훈련/수련회,"소천: 안명순 사모(고 안형직 목사 사모, 안성기/안정실 집사 모친)께서 3/11 하나님의 부르심을 받았습니다. 3~4월 설교 시리즈 “예수님 십자가의 길: 거기, 너 있었는가?(3)” 2부예배 기도: 예인철 집사 유튜브 설교방송 아래에 주보/목회서신 링크가 있습니다. 코비드19 가이드라인 ⓵ 교회 내 모임과 예배 중에 마스크를 착용해 주세요. ⓶ 주정부/CDC/MCPS 가이드라인과 상황에 따라서 교회 예배와 모임이 변경될 수 있습니다. 변경이 있을 시, 교회 홈페이지와 이메일로 안내를 하겠습니다. 2022년 여름 일정 VBS(어린이 여름성경학교) 6/21(화)~6/25(토) youth/YAM retreat(청소년/청년 여름수련회) 8/11(목)~14(주일)",주보 (2022-03-13)
2022-03-13,2022,3,기타행사,특별 구제 헌금: 3/13~3/20. 우크라이나를 위한 특별 구제 헌금에 많은 참여 바랍니다.,주보 (2022-03-06)
2022-03-27,2022,3,부흥회/집회,"정기제직회: 3/27(주일) 1:30pm, 다목적대강당 안건: 외부감사 건, 외부집회 승인 건",주보 (2022-03-13)
2022-03-27,2022,3,기타행사,"우리의 다음 세대, 특별히 청년들이 믿음으로 세워지도록",주보 (2022-03-27)
2022-04-03,2022,4,특별행사,수난절 음악회를 통해 지구촌가족 모두 십자가를 바라보도록,주보 (2022-04-03)
2022-04-03,2022,4,선교,"파송된 선교사님들의 가정에 은혜가, 또한 사역에 능력이 넘치도록",주보 (2022-04-03)
2022-04-10,2022,4,기타행사,고난주간/부활절 특별새벽기도를 통해 예수님을 경험하도록,주보 (2022-04-10)
2022-04-10,2022,4,특별행사,"수난절 음악회(주의만찬)로 십자가의 은혜를 사모하며, 부활을 소망하도록",주보 (2022-04-10)
2022-04-14,2022,4,기타행사,고난주간/부활절 특별새벽기도: 4/14~16(목~토): 십자가의 길에서 만난 사람들 4/18~20(월~수): 부활의 주님을 만난 사람들,주보 (2022-04-03)
2022-04-15,2022,4,특별행사,"수난절 기념 음악회/주의만찬: 4/15(금) 7:30pm, “십자가상의 칠언” 음악회가 본당에서 있습니다. *교육부 모임 안내: 같은 시간에 중고등부/CM 모임이 있습니다. (베이비시터 제공됨)",주보 (2022-03-27)
2022-04-17,2022,4,성례,"침례: 4/17 부활절예배 때 침례 받기를 원하시는 분은 지역목회자에게 신청바랍니다. 문의: 장한중 목사(817-891-2216, hanjung.jang@gmcusa.org)",주보 (2022-03-06)
2022-04-18,2022,4,기타행사,고난주간/부활절 특별새벽예배: $ 4/18~20(월~수) “부활의 주님을 만난 사람들” 십자가와 부활 십자가의 길에서 만난 사람 부활의 예수님을 만난 사람 4/14 말고: 당황하며 거기 있었다. 4/18 제자들: 두려워하며 그를 만났다 4/15 여인들: 슬퍼하며 거기 있었다. 4/19 도마: 의심하며 그를 만났다. 4/16 마리아: 아파하며 거기 있었다. 4/20 엠마오 두 제자: 슬퍼하며 그를 만났다,주보 (2022-04-17)
2022-04-30,2022,4,기타행사,전교인 외관 대청소: 4/30(토) 8am. 많은 참여 바랍니다.,주보 (2022-04-24)
2022-05-29,2022,5,회의/의회,"정기제직회: 5/29(주일) 1:30pm, 다목적대강당 안건: 사역보고 및 계획, 3/4월 재정보고, 선교관 매각상황 보고",주보 (2022-05-15)
2022-05-29,2022,5,훈련/수련회,"교육세움팀, 여름 VBS와 수련회가 은혜 중에 준비되도록",주보 (2022-05-29)
2022-05-29,2022,5,세미나,월 리더십 선교코칭세미나로 선교적 교회로 우리가 세워지도록,주보 (2022-05-29)
2022-06-10,2022,6,부흥회/집회,"월 10일, 위러브 집회에서 모두 하나님을 기쁘게 예배하도록",주보 (2022-06-05)
2022-07-09,2022,7,기타행사,"/9~10, 목장컨퍼런스(강사:박인화 목사)에 특별한 은혜가 함께하도록",주보 (2022-07-03)
2022-07-10,2022,7,세미나,"전도폭발 수료간증: 오늘 각 예배마다 전도폭발 수료간증이 있습니다. 복음의 열정 품고 사명을 따라 나아가는 우리가 되길 소망합니다. “7월 여름 말씀의 퍼레이드” 여름을 시작하며, 2주간 말씀의 퍼레이드를 합니다. 하나님의 말씀과 사명을 따라 우리들의 목장이 아름답게 세워지고, 우리 믿음도 건강하게 자라나길 소원합니다. 7/10 목장만남팀 컨퍼런스 “제자 재생산 훈련” 강사: 박인화 목사(달라스 뉴송교회) 7/17 제자섬김팀 바이블세미나 강사: 박영호 목사(포항제일교회)",주보 (2022-06-26)
2022-07-16,2022,7,세미나,"/16~17, 바이블세미나(강사:박영호 목사)에 말씀의 은혜가 넘칠 수 있도록",주보 (2022-07-10)
2022-07-31,2022,7,회의/의회,"제직회 일정/안건 공지: 7/31(주일) 1pm. 다목적대강당 안건: 신임안수집사 후보 제직회 인준, 선교관 매각 결과 보고",주보 (2022-07-03)
2022-08-05,2022,8,훈련/수련회,청년부 수련회: 8/5~7(지난 금요일~오늘) 스카이크로프트에서 진행됩니다. 강사: 박철 목사(뉴욕퀸즈한인교회 청년담당) 관심과 기도를 부탁드립니다.,주보 (2022-08-07)
2022-08-07,2022,8,회의/의회,"제직회 결과: 오병하, 이지원 집사가 안수집사 후보로 인준되었습니다.",주보 (2022-08-07)
2022-08-07,2022,8,선교,금주 북미원주민 단기선교팀의 사역에 은혜가 넘치고 모두가 안전하고 건강하도록,주보 (2022-08-07)
2022-08-11,2022,8,훈련/수련회,"Youth 수련회 안내: 8/11(목)~14(주일), 스카이크로프트 ➧조기등록 마감/등록비: 7/17(주일)/$100, 등록 마감/등록비: 7/31(주일)/$130",주보 (2022-07-10)
2022-08-11,2022,8,훈련/수련회,YOUTH/YAM 수련회: 8/11(목)~14(주일) 포토맥파크 컨퍼런스센터에서 있습니다. 강사: Steve Khang(Living Grace Ministry) 관심과 기도를 부탁드립니다.,주보 (2022-08-07)
2022-08-11,2022,8,훈련/수련회,/11~14 청소년/영어청년 여름수련회에 말씀의 은혜와 능력이 함께하도록,주보 (2022-08-07)
2022-08-14,2022,8,훈련/수련회,청년부 수련회 감사: 하나님의 은혜 가운데 청년부 수련회를 잘 마쳤습니다.,주보 (2022-08-14)
2022-08-19,2022,8,세미나,"찬양팀(3부/청년부) 세미나: 8/19(금) 7:30pm, 본당. 강사: 정유성 목사님(한인북부장로교회)",주보 (2022-08-14)
2022-08-21,2022,8,훈련/수련회,YOUTH/YAM 수련회 감사: 하나님의 은혜 가운데 유스/EM 청년부 수련회를 잘 마쳤습니다.,주보 (2022-08-21)
2022-08-21,2022,8,선교,우리교회에서 파송된 선교사님들의 가정과 사역에 은혜가 가득하도록,주보 (2022-08-21)
2022-09-11,2022,9,회의/의회,"정기제직회: 9/11(주일) 1pm. 다목적대강당 안건 및 내용: 1)회계보고 2)행정관리팀 차량관리 추가예산 $7,000 승인 건 3)제직회 기록서기 선정 설명: 1)주보와 재정보고 상 헌금액수 차이 설명",주보 (2022-08-28)
2022-09-25,2022,9,회의/의회,"정기사무총회: 9/25(주일) 1:30pm. 다목적대강당 안건: 오병하, 이지원 신임안수집사 인준, 장창범 집사 재신임 5 가을학기 훈련모임 모집: 제자훈련, 바이블아카데미, 미셔널라이프 과정 모집. 간지 참조, 신청서 제출 *본당앞 신청테이블 또는 교회 홈페이지에서 신청할 수 있습니다. 문의: 권순욱 집사, 장한중 목사",주보 (2022-09-11)
2022-09-25,2022,9,부흥회/집회,"워싱턴지역 동포 대성회: 우리가 사는 이웃에 하나님의 부흥을 소망하는 성회가 있습니다.(강사: 송태근 목사). 특별히 9/25(주일) 6pm, 우리교회에서 진행되는 집회에 많은 참석을 권합니다.",주보 (2022-09-18)
2022-09-25,2022,9,회의/의회,"정기사무총회, 사람을 세우며 감사하는 시간이 되도록",주보 (2022-09-25)
2022-10-02,2022,10,회의/의회,"정기사무총회 결과: 오병하, 신임안수집사 인준, 장창범 집사 재신임",주보 (2022-10-02)
2022-10-22,2022,10,부흥회/집회,"워싱턴 메트로 크리스천 청년연합 찬양집회: 10/22(토) 7:30pm , 벧엘교회에서 있습니다.",주보 (2022-10-16)
2022-11-01,2022,11,창립,"소천: 고 김정애 집사(고 김태화 집사 아내)께서 11/1(화)에 하나님의 부르심을 받았습니다. 10am 지구촌교회 본당, 하관예배: 11/7(월) 12pm Norbeck Memorial Park 주일 설교 어찌하여 서서 하늘을 쳐다보느냐 강현창 목사 유튜브 설교방송 아래에 주보/목회서신 링크가 있습니다. 2022년 10~12월 주요 일정",주보 (2022-11-06)
2022-11-06,2022,11,창립,"섬머타임 해제: 11/6(다음주일)에 섬머타임이 해제됩니다. 새벽 2시가 새벽 1시로 변경됩니다. <창립48주년 기념예배> 11월 6일 오후 2시 에 안수집사 안수식과 은퇴식, 환송식이 있습니다. 위해서 기도해주세요. ✽주일 3부예배와 청년예배는 연합으로 드립니다.",주보 (2022-10-30)
2022-11-13,2022,11,목회자 부임,"커버넌트채플 안건: 청빙위원회 구성을 위한 임시사무총회 소집 건 할렐루야 나이트 6-8:30pm 다목적대강당. 아이들을 위한 게임, 문바운서, 캔디, 팝콘, 솜사탕, 핫도그 제공",주보 (2022-10-30)
2022-11-13,2022,11,성례,신청: 성탄주일에 침례 받기 원하는 분은 사무실로 신청해 주세요. (문의: 장한중 목사),주보 (2022-11-13)
2022-11-20,2022,11,기타행사,특별새벽예배: 특별새벽예배 때 조식 섬김과 도네이션으로 섬겨주신 분들께 감사드립니다.,주보 (2022-11-20)
2022-11-20,2022,11,성례,신청: 성탄주일에 침례 받기 원하는 분은 사무실로 신청해 주세요. (문의: 장한중 목사),주보 (2022-11-20)
2022-11-27,2022,11,성례,침례 신청: 성탄주일에 침례 받기 원하는 분은 사무실로 신청해 주세요. (문의: 장한중 목사),주보 (2022-11-27)
2022-12-04,2022,12,성례,침례 신청: 성탄주일에 침례 받기 원하는 분은 사무실로 신청해 주세요. (문의: 장한중 목사),주보 (2022-12-04)
2022-12-10,2022,12,특별행사,"➧ 지역사회 나눔 잔치 : 12/10(토) 3pm 다목적대강당. 히스패닉 가정들을 초대, 교제하며 선물 나누는 행사에 물품 및 헌금 도네이션으로 함께 해주시면 감사하겠습니다. 장난감, 새 학용품, 세탁세제, 키친타월, 화장실 휴지 등) (문의: 박보배 집사) DC 노숙자들의 성탄절 선물을 위한 도네이션을 받습니다. (다목적대강당) DC 노숙자 봉사: 11/27(주일) 2pm에 교회에서 출발합니다. 노숙자들을 위한 의류,",주보 (2022-11-20)
2022-12-11,2022,12,회의/의회,/11 (주일) 1pm 커버넌트채플 (child care 제공 ) 안건: 9-10 월 결산 및 2023 년 예산안,주보 (2022-11-27)
2022-12-11,2022,12,성례,/11~25. 전액 남침례교단 국제선교부(IMB)선교사를 위해 쓰이는 헌금에,주보 (2022-12-04)
2022-12-11,2022,12,목회자 부임,임시사무총회에서 청빙위원회를 구성하였습니다.,주보 (2022-12-11)
2022-12-11,2022,12,성례,침례 신청: 성탄주일에 침례 받기 원하는 분은 사무실로 신청해 주세요. (문의: 장한중 목사),주보 (2022-12-11)
2022-12-11,2022,12,선교,파송/후원 선교사 성탄카드 작성 및 헌금: 12/11~18(주일) 다목적대강당,주보 (2022-12-18)
2022-12-18,2022,12,성례,"부 예배는 EM/교육부와 연합으로 드리고, 침례식이 있습니다.",주보 (2022-12-18)
2022-12-18,2022,12,성례,침례 신청: 성탄주일에 침례 받기 원하는 분은 사무실로 신청해 주세요. (문의: 장한중 목사),주보 (2022-12-18)
2022-12-18,2022,12,기타행사,"신년예배 시에 시상식이 있습니다. 통독자는 통독표 사진을, 필사 완료자는 필사 사진을 제출해 주세요. (문의: 장한중 목사)",주보 (2022-12-18)
2022-12-24,2022,12,회의/의회,"소천: 고 유천석 집사 (양옥석 집사 남편, 유진하/한나 부친)께서 12/24 하나님의 부르심을 받았습니다. 주일 설교 “너희에게도 복음 전하기를 원하노라” (롬 1:8~17) 강현창 목사 2022년 10~12월 주요 일정 송구영신예배 12/31(토) 정기제직회 1/15(주일) 신년예배 1/1(주일) 1/21~22((토~주일) 신년특별 새벽예배 1/3~10(화~토) 정기사무총회 1/29(주일)",주보 (2022-12-25)
2022-12-25,2022,12,성례,"부/3부 예배는 침례식(이선이, 채주현)이 있습니다. 3부 예배는 EM/교육부와 연합으로 드립니다.",주보 (2022-12-25)
2022-12-25,2022,12,기타행사,"년 신년예배 시에 시상식이 있습니다. 통독자는 통독표 사진을, 필사 완료자는 필사 사진을 제출해 주세요. (문의: 장한중 목사) 통독 완료자: 강은영 고유순 김규선 김미옥 김명숙 김정애 김종애 민동심 박일환 박진 안인혜 필사 완료자: 김경화(구약) 김영자(전체영어) 김정애(신약한영) 박진(신약영어) 이경재(전체영어)",주보 (2022-12-25)
2023-01-01,2023,1,기타행사,"~3부 예배를 드립니다. ✻ 떡국 제공 (무료). 신년 특별 새벽예배 “우리는 복음으로 살아갑니다” 1/3(화)~7(토) 6am, 강현창 목사 1/3(화) 1/6(금) 1/4(수) 1/7(토) 1/5(목) ✻ 아침식사 제공",주보 (2022-12-25)
2023-01-01,2023,1,기타행사,예배 시에 시상식이 있습니다.,주보 (2023-01-01)
2023-01-03,2023,1,회의/의회,"월 식당 섬김 봉사: 향촌나무 마을 ( 열매맺는 나무,백향나무,생명나무,헷세드,The Present ) 동부마을 주일 설교 “그 자리에서 일어나 걸어가리라” (요 5:1~13) 이충효 목사 2023년 1월 주요 일정 신년특별 새벽예배 1/3~7(화~토) KM 청년부 겨울 캠프 1/21~22((토~주일) 정기제직회 1/15(주일) 1/29(주일)",주보 (2023-01-01)
2023-01-15,2023,1,회의/의회,"커버넌트채플 안건: 2022년도 결산,",주보 (2023-01-01)
2023-01-29,2023,1,회의/의회,"2022년도 결산/2023년 예산 승인,",주보 (2023-01-15)
2023-02-05,2023,2,회의/의회,결과: 2022 년도 결산/ 2023 년 예 산 승인.,주보 (2023-02-05)
2023-02-06,2023,2,세미나,"출타: 강현창 목사 2/6~10, IMB 아프가니스탄 난민 교회 개척 전략회의 참석 주일 설교 “일꾼들을 보내주소서” (마 9:35~38) 장한중 목사 2023년 상반기 주요 일정 2월은 선교의 달입니다 청소년 우울증과 부모의 역할 세미나",주보 (2023-02-05)
2023-02-11,2023,2,선교,"간담회: 2/11(토) 10am, 2/12(주일) 1:30pm. 찬양대실 6 본당 앞 IMB 및 단기선교 부스를 방문해주세요.",주보 (2023-02-05)
2023-02-12,2023,2,성례,지진 재해 구호 헌금: 2/12~26 남침례교단 Send Relief를 통해 전달합니다.,주보 (2023-02-12)
2023-02-12,2023,2,세미나,"월 식당 섬김 봉사: 동부 마을 (방주,브니엘,산상수훈,여기있나이다) 은혜평강 마을 (푸른초장,루디아,헵시바,데일리,글로리아) 주일 설교 IMB 선교사 2023년 상반기 주요 일정 2월은 선교의 달입니다 청소년 우울증과 부모의 역할 세미나",주보 (2023-02-12)
2023-02-16,2023,2,세미나,"소천: 고 이경자 집사(이종성 성도 아내, 이상은/조시형 집사, 이상아/이택영 집사, 이상희, 성도 모친 )께서 2/16(목), 하나님의 받았습니다. 고별예배를 2/18(토) 드렸습니다. 주일 설교 “하나님의 말씀으로 사는 삶” (신 8:1~20) 2023년 상반기 주요 일정 청소년 우울증과 부모의 역할 세미나",주보 (2023-02-19)
2023-02-19,2023,2,성례,/19~3/5. 부활절예배 때 침례 받기 원하시는 분은 교회사무실로 신청바랍니다.,주보 (2023-02-19)
2023-02-26,2023,2,성례,부활절 예배 때 침례 받기 원하시는 분은 교회사무실로 신청 바랍니다.,주보 (2023-02-26)
2023-03-04,2023,3,세미나,"축하: Julia Lee(이종철/성숙 집사 장녀)와 Eric Paraska의 결혼식이 3/4(토) 4:30pm, Manor 주일 설교 “하나님의 이름” (롬 3:19~31) 강현창 목사 2023년 상반기 주요 일정 청소년 우울증과 부모의 역할 세미나",주보 (2023-02-26)
2023-03-05,2023,3,성례,부활절 예배 때 침례 받기 원하시는 분은 교회사무실로 신청 바랍니다.,주보 (2023-03-05)
2023-03-05,2023,3,세미나,"월 식당 섬김 봉사: 은혜평강 마을 (푸른초장,루디아,헵시바,데일리,글로리아,은혜) 순례자 마을 주일 설교 “복음과 은혜” (고전 15:1~11) 이충효 목사 2023년 상반기 주요 일정 청소년 우울증과 부모의 역할 세미나",주보 (2023-03-05)
2023-03-12,2023,3,성례,부활절 예배 때 침례 받기 원하시는 분은 교회사무실로 신청 바랍니다.,주보 (2023-03-12)
2023-03-12,2023,3,세미나,"월 식당 섬김 봉사: 은혜평강 마을 순례자 마을 (씨뿌림, 축복 I, 고핫, 실로암, 온유) 주일 설교 “행위가 아니라 믿음으로” (롬 4:1~25) 2023년 상반기 주요 일정 청소년 정신 건강과 부모의 역할 세미나",주보 (2023-03-12)
2023-03-19,2023,3,성례,부활절 예배 때 침례 받기 원하시는 분은 교회사무실로 신청 바랍니다.,주보 (2023-03-19)
2023-03-19,2023,3,세미나,"월 식당 섬김 봉사: 은혜평강 마을 순례자 마을 (씨뿌림, 축복 I, 고핫, 실로암, 온유) 주일 설교 “완전히 잠겨야 합니다” (왕하 5:1~14) 2023년 상반기 주요 일정 청소년 정신 건강과 부모의 역할 세미나",주보 (2023-03-19)
2023-03-20,2023,3,기타행사,(지원 기간: 3/20~4/29) 고난주간/부활절 특별 새벽예배 <십자가와 빈 무덤> 4/6 (목) 이충효 목사 잡히시던 그날 밤 (막14:43-50) 4/10 (월) 곽대선 목사 부활하신 주님을 만나다 (요20:24-29) 4/7 (금) 장한중 목사 십자가에서 내려오라 (마27:42) 4/11 (화) 장한중 목사 보지 않고도 믿는 부활 (요20:29) 4/8 (토) 강현창 목사 굳게 지킨 무덤 (마27:62-66) 4/12 (수) 강현창 목사 이 모든 일의 증인 (눅24:36-53),주보 (2023-04-02)
2023-03-26,2023,3,세미나,"월 식당 섬김 봉사: 은혜평강 마을 순례자 마을 (씨뿌림, 축복 I, 고핫, 실로암, 온유) 주일 설교 “우리는 주님의 것입니다” (로마서 14:7~9) 2023년 상반기 주요 일정 청소년 정신 건강과 부모의 역할 세미나",주보 (2023-03-26)
2023-04-02,2023,4,성례,", 남침례교단 국내선교부(NAMB, 미국과 캐나다)에 전액 드려집니다.",주보 (2023-03-26)
2023-04-02,2023,4,선교,단기선교 오리엔테이션: 4/2(주일) 1:30pm 커버넌트 채플.,주보 (2023-03-26)
2023-04-02,2023,4,성례,~3부 예배 중 침례식이 있습니다.,주보 (2023-04-02)
2023-04-06,2023,4,기타행사,오늘까지 교회사무실로 신청 바랍니다. 고난주간/부활절 특별 새벽예배 <십자가와 빈 무덤> 4/6 (목) 이충효 목사 잡히시던 그날 밤 (막14:43-50) 4/10 (월) 곽대선 목사 부활하신 주님을 만나다 (요20:24-29) 4/7 (금) 장한중 목사 십자가에서 내려오라 (마27:42) 4/11 (화) 장한중 목사 보지 않고도 믿는 부활 (요20:29) 4/8 (토) 강현창 목사 굳게 지킨 무덤 (마27:62-66) 4/12 (수) 강현창 목사 이 모든 일의 증인 (눅24:36-53),주보 (2023-03-26)
2023-04-09,2023,4,성례,"부활주일 예배: 침례식: 1부: 황현숙 , 2부: 신영순 홍수잔, 3부: 강한빛 김상현 박민재 박성준 부활절 특별헌금",주보 (2023-04-09)
2023-05-14,2023,5,회의/의회,월 제직회 회의록이 사무실에 비치되어 있습니다.,주보 (2023-05-14)
2023-05-21,2023,5,회의/의회,월 제직회 회의록이 사무실에 비치되어 있습니다.,주보 (2023-05-21)
2023-05-28,2023,5,회의/의회,제직회 자료가 사무실에 비치되어 있습니다.,주보 (2023-05-28)
2023-05-28,2023,5,임직/안수,"월 식당 섬김 봉사: 다메섹 마을 서부 마을 (예앎, 옥토마을, 돌단마을, 에바다, 부르심) 주일 설교 “영향력 있는 제자의 삶” (마태복음 5:13~16) 2부예배 기도: 오병하 집사 3 부예배 기도: 김용오 은퇴안수집사 2023년 상반기 주요 일정",주보 (2023-05-28)
2023-06-04,2023,6,선교,"$6,302을 2023년도 단기선교 지원금으로 배분",주보 (2023-06-04)
2023-06-04,2023,6,선교,경배 /Worship 지존하신 주님 이름 앞에 찬양 /Pr aise 8장 공동기도 /Prayer 사 드 림 찬양대/Choir 참 좋으신 주님 찬양대/Choir 모퉁이 돌 환영/교회소식 /Welcome 인도자 (멕시코 단기선교팀) 2부,주보 (2023-06-04)
2023-07-02,2023,7,선교,경배 /Worship 우리 보좌 앞에 모였네 찬양 /Pr aise 402 장 공동기도 /Prayer 사 드 림 찬양대/Choir 본향을 향하네 찬양대/Choir 주가 나를 사랑하시며 VBS/VBX 감사) 환영/교회소식 /Welcome 인도자 (니카라과 단기선교팀) 2부,주보 (2023-07-02)
2023-07-07,2023,7,목회자 사임,목회자 동정: EM을 담당하신 David Kucharski 목사님이 8월 말로 사임 하십니다. 이충효 목사: 개인 휴가(7/7~13),주보 (2023-07-02)
2023-07-08,2023,7,세미나,선교적 삶 세미나: 7/8(토) 10~11:30am (session 1) & 11:30am~1pm (session 2) 커버넌트 채플,주보 (2023-06-18)
2023-07-09,2023,7,선교,"니카라과 단기선교팀 기도제목 선교 기간: 7/9(주일)~16(주일) 선교팀: 박일권(팀장), 김경숙, 정복순, 최진숙 연합장로교회와 연합하여 가는 8명의 팀원의 하나 됨을 위하여 팀원들의 건강과 안전을 위하여 선교 중 만나는 모든 이들에게 하나님의 은혜와 복이 전해지도록 처음 가는 팀원들에게 새로운 비전과 도전이 함께 하기를 맑고 깨끗한 물(우물 사역)이 터져 나오기를 다음 사역에 대한 비전을 보여 주시기를 선교 기간 동안 미국에 남아있는 가족들의 건강과 안녕을 위하여",주보 (2023-07-09)
2023-07-14,2023,7,훈련/수련회,"~16(주일), 샌디코브 리트릿 센터에서 CM & 유스",주보 (2023-06-25)
2023-07-16,2023,7,선교,니카라과 단기선교팀: 모든 사역을 잘 마치고 7/16(주일) 밤 11pm에 공항에 도착합니다. 마지막까지 안전하게 돌아오도록 기도해 주시기 바랍니다.,주보 (2023-07-16)
2023-07-16,2023,7,기타행사,"바자 수익금 기부: 교회 주변 Harmony Hills ES, Bell Pre ES, Argyle MS에 학용품 지원 등을 위해 기부합니다.",주보 (2023-07-16)
2023-07-30,2023,7,회의/의회,월 정기제직회는 7/30(주일)에 합니다.,주보 (2023-07-02)
2023-07-30,2023,7,회의/의회,"월 정기제직회: 7/30(주일) 1pm, 커버넌트 채플.",주보 (2023-07-16)
2023-07-30,2023,7,회의/의회,*5월 제직회 회의록과 5/6월 회계 보고 자료가 비치되어 있습니다.,주보 (2023-07-30)
2023-08-04,2023,8,훈련/수련회,청년부 수련회: 8/4(금)~오늘까지 있습니다.,주보 (2023-08-06)
2023-08-06,2023,8,선교,사물놀이팀/앙상블 팀원 모집: 북미원주민 단기선교(8/6~12)동안 국악기와 현대 악기로 문화 대여. 연령제한 없음 ➁앙상블: 중학생~대학생. 소셜서비스 40hours 제공,주보 (2023-02-05)
2023-08-06,2023,8,선교,북미 원주민 단기선교팀 파송: 8/6(오늘) 2부예배 시에 있습니다.,주보 (2023-08-06)
2023-08-06,2023,8,선교,경배 /Worship 우리 보좌 앞에 모였네 찬양 /Pr aise 425 장 공동기도 /Prayer 사 드 림 찬양대/Choir 사명 찬양대/Choir 주는 반석 환영/교회소식 /Welcome 인도자 (북미 원주민 단기선교팀) 2부,주보 (2023-08-06)
2023-08-06,2023,8,선교,북미 원주민 단기선교팀: 8/6(주일)~12(토)까지 은혜 가운데 마치고 돌아왔습니다.,주보 (2023-08-13)
2023-08-10,2023,8,훈련/수련회,"Youth 수련회: 8/10(목)~13(주일), skycroft 수양관 주제: REST 강사: Ken Kim",주보 (2023-08-06)
2023-08-13,2023,8,훈련/수련회,Youth 수련회: 8/13(오늘)까지 은혜 가운데 마쳤습니다.,주보 (2023-08-13)
2023-08-27,2023,8,목회자 사임,목회자 사임: EM사역 을 맡아 수고하고 헌신한 데이비드 쿠차스키 목사님이 오늘부로 사임합니다.,주보 (2023-08-27)
2023-09-03,2023,9,목회자 부임,목회자 부임: 9/3부로 Peter Mun 목사님이 EM Interim pastor로 섬깁 니다.,주보 (2023-09-03)
2023-09-09,2023,9,세미나,"담임목사 최종 후보자 초청 일정: 9/9(토) 새벽예배 인도 (6-7am), 실행위원과 식사 (7~8:30am) 세미나(10am-12pm, 세미나 후에 점심 제공됩니다) 은퇴안수집사부부와 식사(12-1:30pm),",주보 (2023-09-03)
2023-09-10,2023,9,성례,오늘은 박승진 목사님(온누리침례교회)이 말씀을 전해 주십니다. 청년부와 3부예배를 연합하여 드립니다.,주보 (2023-09-10)
2023-09-17,2023,9,목회자 부임,"제직회 결정사항: 9/17(주일) 청빙 결의를 위한 임시 제직회,",주보 (2023-08-06)
2023-09-17,2023,9,목회자 부임,"임시제직회: 9/17(오늘) 1:30pm, 커버넌트채플 안건: 담임목사 청빙 최종 후보 결의",주보 (2023-09-03)
2023-09-17,2023,9,성례,청년부와 3부예배를 연합하여 드립니다. 자격: 본 교회에 등록한지 3개월 이상된 만 18세 이상의 침례 또는 세례 받은 정교인,주보 (2023-09-17)
2023-09-24,2023,9,목회자 부임,"임시사무총회: 9/24(주일) 1:30pm, 다목적대강당 안건: 담임목사 청빙 최종 후보 인준 건",주보 (2023-09-10)
2023-09-24,2023,9,목회자 부임,임시제직회 결과: 담임목사 청빙 최종 후보를 결의 하였습니다.,주보 (2023-09-24)
2023-09-24,2023,9,성례,"청년부와 3부예배를 연합하여 드립니다. *child care: 1~3세-216호, 4세~5학년-카타콤채플 자격: 본 교회에 등록한지 3개월 이상된 만 18세 이상의 침례 또는 세례 받은 정교인",주보 (2023-09-24)
2023-10-01,2023,10,특별행사,전도폭발: 환영예배: 10/1(주일) 1pm 다목적대강당. 피크닉/단합대회: 10/7(토) 12pm 뒷동산,주보 (2023-09-24)
2023-10-01,2023,10,회의/의회,임시사무총회 결과: 담임목사 최종 후보 박승진 목사님이 담임목사로 인준되었습니다.,주보 (2023-10-01)
2023-10-08,2023,10,회의/의회,"정기 제직회: 10/8(주일) 1:30pm, 커버넌트채플",주보 (2023-10-01)
2023-10-14,2023,10,세미나,"장애인과 함께 하는 예배 공동체 세미나: 10/14(토) 커버넌트채플 1: 11am~12pm, Session 2: 12:45~2:15pm (문의: 권순욱 집사, 강현창 목사)",주보 (2023-09-24)
2023-10-22,2023,10,회의/의회,"정기사무총회: 10/22(주일) 1:30pm, 다목적대강당",주보 (2023-10-08)
2023-10-22,2023,10,회의/의회,"정기사무총회: 10/22(오늘) 1:30pm, 다목적대강당 ✻✻ 체크 인/아웃 장소: 영유아-216호, 초등부-카타콤채플",주보 (2023-10-22)
2023-11-04,2023,11,세미나,"치매 세미나: 11/4(토) 10am~12:15pm, 다목적대강당. *강의 제공 및 진행: 한인복지센터.",주보 (2023-10-22)
2023-11-05,2023,11,부흥회/집회,"(워싱턴기도연합회 집회) : 11/5(주일) 6pm, 지구촌교회 본당 강사: 이동원 목사",주보 (2023-10-29)
2023-11-12,2023,11,목회자 부임,제5대 담임목사 박승진 목사 부임,50주년 역사벽
2023-11-12,2023,11,기타행사,"~3부 예배 *식사 무료 제공 5대 담임목사 취임 예배: 11/12(주일) 3pm *예배 후 저녁식사 및 기념품 제공 감사절 특별새벽예배 11/13(월)~18(토) 6am 주제: 나는 무엇을 하나님께 드릴 것인가? 우리는 지금까지 받고 누리는 것에만 집중하지는 않았는지 .. 이제는 "" 내가 주님께 무엇을 드릴것인가 "" 를 고민할 때입니다 . 하나님은 나를 위해 그토록 소중한 옥합같은 예수님을 깨뜨려주셨습니다 . 그러므로 , 비록 나의 영광은 없을지라도 , 나의 이름은 드러나지 않더라도 , 주님께 감사하며 ' 최상의 것 ' 을 기쁨으로 드리는 우리 모두가 되기를 축복합니다 !",주보 (2023-10-29)
2023-11-12,2023,11,성례,"강사: 문석원 목사(MD/DE 한인침례교회 지방회장, 솔즈베리 한인교회 담임)",주보 (2023-11-12)
2023-11-19,2023,11,기타행사,"특별새벽예배 기간 동안 섬겨주신 기도영성부, 찬양, 자원 섬김에 감사드립니다.",주보 (2023-11-19)
2023-11-19,2023,11,성례,침례 신청: 성탄주일에 침례 받기 원하는 분은 사무실로 신청해 주세요. (문의: 장한중 목사),주보 (2023-11-19)
2023-11-26,2023,11,성례,침례 신청: 성탄절예배 때 침례받기 원하는 분은 사무실로 신청해 주세요. (문의: 장한중 목사),주보 (2023-11-26)
2023-12-02,2023,12,선교,"➧ 선교나눔팀 감사의 만찬: 12/2(토) 4pm 다목적대강당 모두 초대합니다. 지역사회 나눔 잔치 : 12/9(토) 3:30pm 다목적대강당. 히스패닉 가정들을 초대, 교제하며 선물 나누는 행사에 물품 및 헌금 도네이션으로 함께 해주시면 감사하겠습니다. 박보배 집사, 김경동 집사 240-388-0810) DC 노숙자들의 추수감사절/성탄절 선물을 위한 도네이션을 받습니다. (다목적대강당) DC 노숙자 봉사: 11/26(주일) 2pm에 교회에서 출발합니다. 노숙자들을 위한 의류, am, 식당 주방으로 오시기 바랍니다. 파송/후원 선교사 성탄카드 작성 및 헌금 : 12/3(일)까지 다목적대강당",주보 (2023-11-19)
2023-12-03,2023,12,성례,침례 신청: 성탄절예배 때 침례받기 원하는 분은 사무실로 신청해 주세요. (문의: 장한중 목사),주보 (2023-12-03)
2023-12-09,2023,12,선교,"➧ 지역사회 나눔 잔치 : 12/9(토) 4pm 다목적대강당. 히스패닉 가정들을 초대, 교제하며 선물 나누는 행사에 물품 및 헌금 도네이션으로 함께 해주시면 감사하겠습니다. 박보배 집사, 김경동 집사 240-388-0810) DC 노숙자들의 추수감사절/성탄절 선물을 위한 도네이션을 받습니다. (다목적대강당) 파송/후원 선교사 성탄카드 작성 및 헌금 : 12/3(오늘)까지 다목적대강당",주보 (2023-12-03)
2023-12-10,2023,12,성례,침례 신청: 성탄절예배 때 침례받기 원하는 분은 사무실로 신청해 주세요. (문의: 장한중 목사),주보 (2023-12-10)
2023-12-10,2023,12,회의/의회,"인선 및 예산, 목회 계획이 주님의 인도하심 가운데 잘 세워지도록",주보 (2023-12-10)
2023-12-17,2023,12,회의/의회,/17 (오늘) 1pm. 아가페 채플 (child care 제공) 안건: 9-10 월 결산 및 2024년 예산안,주보 (2023-12-03)
2023-12-17,2023,12,회의/의회,"인선 및 예산, 목회 계획이 주님의 인도하심 가운데 잘 세워지도록",주보 (2023-12-17)
2023-12-25,2023,12,성례,"성탄축하예배/침례식: 12/25(월) 10am. *EM, YOUTH, CM, PreK 합동으로 드립니다.",주보 (2023-12-17)
2023-12-31,2023,12,기타행사,송구영신예배/주의 만찬: 12/31(주일) 10:30pm. *자녀들과 함께 예배드리며 2023년을 신년 특별새벽기도: 1/2(화)~6(토) 6am. 주제: Again! 다시 시작하라,주보 (2023-12-24)
2023-12-31,2023,12,선교,선교나눔팀 붕어빵 판매: 12/31(오늘) 2024년도 청소년 단기선교 참가자 지원을 위한 모금행사.,주보 (2023-12-24)
2024-01-02,2024,1,기타행사,신년 특별새벽기도: 1/2(화)~6(토) 6am. *기도로 시작하는 2024년이 되기를 바랍니다.,주보 (2023-12-17)
2024-01-07,2024,1,기타행사,"성경 통독 및 필사자 시상: 1/7(오늘) 예배 중. 아래 명단을 확인해 주시기 바랍니다. 통독자: 강옥순, 고유순, 김갑식, 김군자, 김명숙, 김미옥, 김선호, 김선훈, 김성옥, 김용철, 김전자, 김정홍, 2024 성경 통독 및 필사 헌신서약서를 1/14(주일)까지 교회 사무실로 제출해 주시기 바랍니다.",주보 (2023-12-31)
2024-01-07,2024,1,선교,"선교나눔팀 붕어빵 판매 수익금: 청소년 단기선교 기금으로 $2,601이 모금되었습니다.",주보 (2024-01-07)
2024-01-13,2024,1,훈련/수련회,산상 수련회(1/13)를 통해 말씀과 성령으로 충만한 직분자들로,주보 (2024-01-07)
2024-01-14,2024,1,회의/의회,"/14/2024 (오늘) 1pm. 커버넌트채플 안건: 2023 년도 결산, 2024 년도",주보 (2023-12-31)
2024-01-20,2024,1,훈련/수련회,청년부 겨울수련회: 1/20(토)-21(주일). 샌디코브 리트릿센터 등록마감: 1/14(주일),주보 (2024-01-07)
2024-01-28,2024,1,회의/의회,"2023년도 결산/2024년도 예산 승인,",주보 (2024-01-14)
2024-02-03,2024,2,은퇴,"~4pm. 주제: 온가족이 함께하는 큐티. 이상규 목사( 베들레헴교회 은퇴, 전 두란노 성경연구원 팀장 및 미주 큐티 천만운동 본부장 역임 )",주보 (2024-01-07)
2024-02-03,2024,2,세미나,"전교인 큐티세미나: 2/3(토) 9am~4pm. 주제: 온가족이 함께하는 큐티. 강사: 이상규 목사( 베들레헴교회 은퇴, 전 두란노 성경연구원 팀장 및 미주 큐티 천만운동 본부장 역임 ) * QR 코드 또는 사무실에 비치된 신청서를 통해 신청해 주세요.",주보 (2024-01-14)
2024-02-04,2024,2,성례,월 암송말씀 (선교) 그러므로 너희는 가서 모든 민족을 제자로 삼아 아버지와 아들과 성령의 이름으로 침례를 예배 참석 전에 셀폰 모드를 무음 또는 진동 모드로 바꿔 주시기 바랍니다.,주보 (2024-02-04)
2024-02-11,2024,2,기타행사,"/11~15, 곽대선 목사 IMB 선교사 임명식 참석",주보 (2024-02-04)
2024-02-11,2024,2,성례,월 암송말씀 (선교) 그러므로 너희는 가서 모든 민족을 제자로 삼아 아버지와 아들과 성령의 이름으로 침례를 예배 참석 전에 셀폰 모드를 무음 또는 진동 모드로 바꿔 주시기 바랍니다.,주보 (2024-02-11)
2024-02-18,2024,2,성례,월 암송말씀 (선교) 그러므로 너희는 가서 모든 민족을 제자로 삼아 아버지와 아들과 성령의 이름으로 침례를 예배 참석 전에 셀폰 모드를 무음 또는 진동 모드로 바꿔 주시기 바랍니다.,주보 (2024-02-18)
2024-02-25,2024,2,성례,월 암송말씀 (선교) 그러므로 너희는 가서 모든 민족을 제자로 삼아 아버지와 아들과 성령의 이름으로 침례를 3월 암송말씀: 요한복음 1:12~13 예배 참석 전에 셀폰 모드를 무음 또는 진동 모드로 바꿔 주시기 바랍니다.,주보 (2024-02-25)
2024-03-15,2024,3,훈련/수련회,", 샌디코브 리트릿 센터에서 있습니다",주보 (2024-03-10)
2024-03-25,2024,3,훈련/수련회,"청년부 수련회: 오늘 마칩니다. 잘 마무리하고 안전하게 돌아오도록 기도해 주시기 바랍니다. 고난주간 특별 새벽기도회: 3/25(월)~3/30(토) 6am, 본당 주제: 내가 회복해야 할 십자가의 삶",주보 (2024-03-17)
2024-03-29,2024,3,특별행사,"예배/수난절 기념 음악회: 3/29(금), 7:30pm, *베이비시터 제공됩니다.",주보 (2024-03-17)
2024-03-31,2024,3,성례,부활주일에 침례 받기 원하는 분은 3/10(주일)까지 교회,주보 (2024-02-25)
2024-03-31,2024,3,성례,"*각 예배 시에 침례식이 있습니다. 고난주간 특별 새벽기도회: 3/25(월)~3/30(토) 6am, 본당 주제: 내가 회복해야 할 십자가의 삶",주보 (2024-03-24)
2024-03-31,2024,3,성례,"오늘 각 예배 시에 침례식이 있습니다. *3부예배는 연합으로 드립니다. , 고영범, 김지은, 변정아, 정용언, 최혜승",주보 (2024-03-31)
2024-03-31,2024,3,기타행사,고난주간 특별새벽기도에 참석하고 섬겨주신 모든 분들께 감사드립니다.,주보 (2024-03-31)
2024-04-29,2024,4,세미나,"강현창 목사, 장한중 목사. 제자훈련세미나 참석 (4/29~5/4, LA)",주보 (2024-04-28)
2024-05-05,2024,5,성례,헌아례: 5/5(주일) 예배 시. 2세 이하 자녀를 둔 침례 또는 세례를 받은 부모님이 신청하실 수,주보 (2024-04-07)
2024-05-19,2024,5,회의/의회,정기제직회: 5/19(주일) 1pm 커버넌트채플,주보 (2024-05-05)
2024-05-24,2024,5,훈련/수련회,커넥트 리트릿: 5/24(금)~26(주일) Joy El Camp & Retreat,주보 (2024-05-19)
2024-05-26,2024,5,훈련/수련회,커넥트 리트릿: 준비와 진행으로 섬겨주시고 참석해 주신 모든 분들과 하나님께 감사드립니다.,주보 (2024-05-26)
2024-05-31,2024,5,목회자 사임,곽대선 목사님이 IMB 선교사 파송으로 인해 5/31(금)부로 사임합니다.,주보 (2024-05-26)
2024-06-02,2024,6,선교,"Food Festival: 수익금($7,186.00)은 단기선교, 지역봉사 및 구제 등을 위해 사용합니다.",주보 (2024-06-02)
2024-06-10,2024,6,성례,담임목사: 남침례교 한인 총회 참석. 6/10(월)~13(목),주보 (2024-06-09)
2024-06-23,2024,6,선교,"여름 단기선교에 참석하는 모든 이들을 영육 간에 강건하게 하시고, 하나되게",주보 (2024-06-23)
2024-06-30,2024,6,선교,부 예배 시에 파송식이 있습니다.,주보 (2024-06-23)
2024-06-30,2024,6,세미나,"선교적 삶 세미나에 많은 성도들이 참석하여, 말씀과 성령의 충만함을 얻도록",주보 (2024-06-30)
2024-07-06,2024,7,세미나,에 있었던 선교적 삶 세미나를 잘 마쳤습니다.,주보 (2024-07-07)
2024-07-07,2024,7,세미나,선교적 삶 세미나 강사로 오신 배덕만 목사님(기독연구원 느헤미야 전임연구위원,주보 (2024-07-07)
2024-08-04,2024,8,선교,북미 원주민 단기선교 파송식: 8/4 (주일) 2부 예배시 파송식이 있습니다.,주보 (2024-07-28)
2024-08-04,2024,8,기타행사,"기도 제목: 1.하나님의 능력을 힘입어 영적 싸움에서 승리하도록 2.참여하는 모든 팀원들이 사랑으로 서로 감싸주고 이해하며 하나될 수 있도록 3.긴 버스 여정에서 건강하고 안전을 지켜 주시고, 특별히 코로나에 걸리지 않도록",주보 (2024-08-04)
2024-08-04,2024,8,선교,목회자 동정: 강현창 목사-북미 원주민 단기선교 (8/4-10),주보 (2024-08-04)
2024-08-09,2024,8,선교,: 북미 원주민 단기선교 관계로 8/9 금요 중보기도회는 쉽니다.,주보 (2024-08-04)
2024-08-11,2024,8,선교,북미 원주민 단기선교 감사: 모든 사역을 잘 마치고 돌아왔습니다. 인도해 주신 하나님과 기도해주신 모든 성도님들께 감사합니다.,주보 (2024-08-11)
2024-08-11,2024,8,목회자 부임,목회자 부임: 8/11(오늘)부로 서효현 목사가 부임합니다.,주보 (2024-08-11)
2024-08-15,2024,8,훈련/수련회,Youth 수련회: 8/15(목) - 8/18(주일) Pine Creek Reteat Center.,주보 (2024-08-11)
2024-08-15,2024,8,훈련/수련회,"유스 여름 수련회에 참석하는 모든 이들이 말씀과 성령으로 충만하고, 산 믿음과 참 사랑으로 무장된 예수님의 제자들로 서도록(8/15-8/18)",주보 (2024-08-11)
2024-08-17,2024,8,훈련/수련회,"CM 유초등부 교사 수련회: 8/17(토) 9am-4pm, Skycroft Conference Center",주보 (2024-08-11)
2024-08-18,2024,8,훈련/수련회,Youth 수련회 감사: 오늘 오후에 마칩니다. 기도와 후원해 주신 모든 분께 감사드립니다.,주보 (2024-08-18)
2024-08-18,2024,8,창립,"창립 50주년 기념 영상 편집자 모집: 멀티미디어팀에서 영상 편집자 2명을 모집합 니다. 영상 제작 경험이 있거나 영상 편집 프로그램을 효과적으로 다룰 수 있는 분의 지원을 바랍니다. (문의: 김민찬 집사, 이충효 목사)",주보 (2024-08-18)
2024-08-24,2024,8,훈련/수련회,"목자 산상 수련회: 8/24(토) 9am-4pm, 안나산 기도원.",주보 (2024-07-07)
2024-08-24,2024,8,훈련/수련회,"목자 산상 수련회에 많은 목자들이 참석하여 영적 회복과 성장을 경험하고, 하반기에 목자의 사명을 신실하게 감당할 수 있도록(8/24)",주보 (2024-08-18)
2024-09-02,2024,9,특별행사,"전교인 피크닉: 9/2(월) 10am-3pm. 장소: Black Hills Regional Park Shelter B, C & J",주보 (2024-08-04)
2024-09-02,2024,9,특별행사,"'전교인 피크닉(9/2)'과 '전교인 대청소 및 걷기 대회(10/5)'에 많은 교인들이 참석하고, 아름다운 하나됨을 이루며, 50주년을 기념하는 기쁨의 축제가 되도록",주보 (2024-08-25)
2024-09-08,2024,9,회의/의회,"정기제직회: 9/8(주일) 1pm, 커버넌트 채플. 안건: 진동혁, 김정윤 안수집사 후보 결의건 & 남수단 딩카족 성경 인쇄 프로젝트 지원 건. *교회 사무실에서 제직회 자료 픽업 가능",주보 (2024-08-25)
2024-09-08,2024,9,특별행사,전교인 피크닉 감사: 600여 명이 함께 즐겁고 감사한 시간을 가졌습니다. 참여하시고 헌신해 주신 모든 분들께 감사드립니다.,주보 (2024-09-08)
2024-09-08,2024,9,창립,"창립 50주년 기념 행사를 통해, 하나님께 영광이 되고, 성도의 하나됨을 이루며, 생명을 주는 역사가 계속해서 일어나도록",주보 (2024-09-08)
2024-09-10,2024,9,세미나,"목회자 동정: 박승진 담임목사-전도폭발 지도자 임상훈련 참석 (9/10-13, 버지니아), 서효현 목사-목회자 멘토링 세미나 (9/9-12, 뉴욕)",주보 (2024-09-08)
2024-09-15,2024,9,선교,곽대선/박순미 선교사 파송식: 9/15(오늘) 3부 예배시. 1/2부 예배 때는 인사와 기도 시간이 있습니다.,주보 (2024-09-15)
2024-09-15,2024,9,회의/의회,"정기 사무총회: 9 /29(주일) 1:30pm, 다목적 대강당. 안건: 김정윤, 진동혁 안수집사 후보 인준",주보 (2024-09-15)
2024-09-22,2024,9,회의/의회,"정기 사무총회: 9 /29(주일) 1:30pm, 다목적 대강당. 안건: 김정윤, 진동혁 안수집사 후보 인준",주보 (2024-09-22)
2024-09-22,2024,9,성례,투표 자격: 본 교회에 등록한 지 3개월 이상된 만 18세 이상의 침례 또는 세례 받은 정교인,주보 (2024-09-22)
2024-09-22,2024,9,기타행사,"전교인 대청소 및 걷기 대회(Walk Together, Clean Together): 1 0/5(토) 대청소 8-10:30am & 걷기 대회 10:30am-12pm.",주보 (2024-09-22)
2024-09-22,2024,9,성례,"모집 분야: 싱어 2명, 드럼 1명, 일렉 1명, 어쿠스틱 1명 *지원 자격: 정교인(침례나 세례를 받은 사람), 새가족반 수료이상",주보 (2024-09-22)
2024-09-29,2024,9,특별행사,"주년 기념 음악회 '헨델의 메시아' 연습: 9/29(주일)부터 매 주일 10:30-11:10am. 찬양대실. 많은 참여와 기도를 부탁드립니다. (문의: 김민찬 집사, 이충효 목사)",주보 (2024-09-22)
2024-09-29,2024,9,성례,"/29(오늘) 1:30pm, 다목적 대강당. 안건: 김정윤, 진동혁 안수집사 후보 인준 자격: 본 교회에 등록한 지 3개월 이상된 만 18세 이상의 침례 또는 세례 받은 정교인",주보 (2024-09-29)
2024-09-29,2024,9,기타행사,"전교인 대청소 및 걷기 대회(Walk Together, Clean Together): 1 0/5(토) 대청소 8-10:30am & 걷기 대회 10:30am-12pm.",주보 (2024-09-29)
2024-09-29,2024,9,기타행사,"History Wall 제작을 위한 디자인, 미술, 인테리어, 건축 장창범 집사, 강현창 목사) 선교사님들 공항 라이드/민박 제공해 주실 분. (문의: 김정윤 집사, 장한중 목사)",주보 (2024-09-29)
2024-10-05,2024,10,기타행사,"전교인 대청소 및 걷기 대회(Walk Together, Clean Together): 10/5(토) 대청소 8-10:30am & 걷기 대회 10:30am-12pm. *교회 내 대청소와 교회 주변 지역을 걸으며 청소합니다. *점심식사를 제공합니다.",주보 (2024-09-08)
2024-10-06,2024,10,기타행사,"History Wall 제작을 위한 디자인, 미술, 인테리어, 건축 장창범 집사, 강현창 목사) 선교사님들 공항 라이드/민박 제공해 주실 분. (문의: 김정윤 집사, 장한중 목사)",주보 (2024-10-06)
2024-10-12,2024,10,세미나,에서 유산상속에 관한 세미나가 진행됩니다. 1/4동산 마을 모임 일정 10/10(목) 10/24(목) 10/17(목) 11/2(토),주보 (2024-10-06)
2024-10-13,2024,10,목회자 사임,최인돈 전도사 사임 (10/13),주보 (2024-10-06)
2024-10-13,2024,10,기타행사,"History Wall 제작을 위한 디자인, 미술, 인테리어, 건축 장창범 집사, 강현창 목사) 선교사님들 공항 라이드/민박 제공해 주실 분. (문의: 김정윤 집사, 장한중 목사)",주보 (2024-10-13)
2024-10-13,2024,10,목회자 사임,최인돈 전도사님이 건강상의 이유로 10/13(오늘)에 사임합니다.,주보 (2024-10-13)
2024-10-14,2024,10,세미나,"이충효 목사 목회자 세미나 참석 (10/14~17, 텍사스 휴스턴)",주보 (2024-10-13)
2024-10-27,2024,10,선교,"김정윤, 진동혁 집사 안수식 & 민동식/한지은 파송 선교사 임명식",주보 (2024-10-27)
2024-11-03,2024,11,선교,"김정윤, 진동혁 집사 안수식 & 민동식/한지은 파송 선교사 임명식 50주년 기념 음악회 - 헨델의 메시아",주보 (2024-11-03)
2024-11-03,2024,11,기타행사,"연말 식사 꾸러미: 연말 지구촌 이웃 돕기의 일환으로 Harmony Hills 초등학교에 기부할 바, 땅콩 버터, 말린 과일, 쌀, 케이크 믹스/아이싱) *수집 장소: 정문 로비 상자",주보 (2024-11-03)
2024-11-06,2024,11,선교,"파송선교사 방문(11/6-10)과 은퇴선교사 방문(11/7-10)을 통해 선교사님들에게 위로와 축복의 시간이 되고, 온 교우가 더욱 선교적인 삶에 헌신하는 계기가 되도록",주보 (2024-10-20)
2024-11-06,2024,11,창립,많은 아이들이 와서 은혜롭고 즐겁고 감사한 시간을 가졌습니다. 창립 50주년 기념 행사 일정 11/6(수)~10(주일) 50주년 기념 선교사 Welcome Home 11/8(금)~9(토) 7pm 50주년 기념 부흥회 (강사: 이동원 목사),주보 (2024-10-27)
2024-11-08,2024,11,창립,"창립 50주년 기념 부흥회(11/8-11/10)와 기념 예배(11/10,3pm)를 통해 하나님께 영광 돌리고, 과거를 기리며 미래를 포용하는 뜻깊은 시간이 되도록",주보 (2024-10-20)
2024-11-10,2024,11,창립,창립 50주년 부흥회와 기념 예배때 귀한,주보 (2024-11-10)
2024-11-10,2024,11,기타행사,추수감사절 특별새벽기도회 11/18(월)~23(토) 6am 주제: 감사로 드리는 삶의 고백 월: (빌 3:7-9 ) 목: 문제를 주님 안에서 해결하는 삶 (빌 4:1-7 ) 화: 여정을 주님과 동행하는 삶 (빌 3:10-14 ) 금: (빌 4:8-13 ) 수: (빌 3:17-21 ) 토: (빌 4:14-20),주보 (2024-11-10)
2024-11-10,2024,11,기타행사,"연말 지구촌 이웃 돕기의 일환으로 Harmony Hills 초등학교에 기부할 바, 땅콩 버터, 말린 과일, 쌀, 케이크 믹스/아이싱) *수집 장소: 정문 로비 상자",주보 (2024-11-10)
2024-11-17,2024,11,기타행사,"연말 식사 꾸러미: 연말 지구촌 이웃 돕기의 일환으로 Harmony Hills 초등학교에 기부할 바, 땅콩 버터, 말린 과일, 쌀, 케이크 믹스/아이싱) *수집 장소: 정문 로비 상자",주보 (2024-11-17)
2024-11-17,2024,11,기타행사,"‘추수감사 특별새벽기도회’에 많은 성도들이 기쁨으로 참석하게 하시고, 하나님께",주보 (2024-11-17)
2024-11-17,2024,11,회의/의회,"년 목회 계획, 인선 및 예산이 주님의 은혜 가운데 순조롭게 준비되도록",주보 (2024-11-17)
2024-11-18,2024,11,기타행사,추수감사절 특별새벽기도회: 11/18(월)~23(토) 6am.,주보 (2024-11-03)
2024-11-24,2024,11,기타행사,"연말 지구촌 이웃 돕기의 일환으로 Harmony Hills 초등학교에 기부할 바, 땅콩 버터, 말린 과일, 쌀, 케이크 믹스/아이싱) *수집 장소: 정문 로비 상자",주보 (2024-11-24)
2024-12-01,2024,12,기타행사,"연말 지구촌 이웃 돕기의 일환으로 Harmony Hills 초등학교에 기부할 바, 땅콩 버터, 말린 과일, 쌀, 케이크 믹스/아이싱) *수집 장소: 정문 로비 상자",주보 (2024-12-01)
2024-12-07,2024,12,특별행사,"히스패닉 이웃 사랑 잔치: 12/7(토) 4:30pm, 다목적 대강당",주보 (2024-11-17)
2024-12-08,2024,12,성례,까지 신청. *침례자 교육: 12/14(토) & 21(토) 2층 컨퍼런스룸,주보 (2024-12-08)
2024-12-08,2024,12,특별행사,"찬양대원들을 영육간에 강건하게 붙들어 주시며, '지극히 높은 곳에서는 영광이요 땅에서는 기뻐하심을 입은 사람들중에 평화(눅2:14)'가 임하는 음악회가 되도록",주보 (2024-12-08)
2024-12-13,2024,12,창립,"음식 준비와 물품 운반을 도와주실 봉사자는 11 am 식당으로 오시기 바랍니다. 창립 50주년 기념 기념 음악회 - 헨델의 메시아 12/13 (금) 7pm, 본당 지구촌 연합 찬양대와 오케스트라, CM/YM Choir(어린이 합창단)이 함께 연주합니다.",주보 (2024-11-24)
2024-12-15,2024,12,회의/의회,". 본당. 안건: 예산안 승인건, 서리집사 팀장 동의안",주보 (2024-12-01)
2024-12-22,2024,12,회의/의회,"년도 예산안과 실행위 팀장(심경섭, 전하아린, 정현, 최훈 집사)이",주보 (2024-12-22)
2024-12-25,2024,12,성례,/25 성탄절 예배 때 침례받기 원하시는 분들은 12/8(주일)까지 교회 사무실,주보 (2024-11-17)
2024-12-30,2024,12,훈련/수련회,"특별새벽기도회 (12/30-1/4) , 송구영신예배 (12/31) , 직분자 산상수련회 (1/4) 를",주보 (2024-12-29)
2025-01-02,2025,1,은퇴,최혜순 은퇴선교사님(최승범 은퇴선교사 아내)이 1/2(목) 하나님의 부르심을,주보 (2025-01-05)
2025-01-05,2025,1,성례,"(침례자: Daniel Shim, Benjamin Jo, Susie Park)",주보 (2025-01-05)
2025-01-12,2025,1,회의/의회,안건: 2024년도 결산 및 2025년도 섬기는 이들 인준,주보 (2024-12-29)
2025-01-26,2025,1,회의/의회,"안건: 2024년도 결산 및 2025년도 예산안 승인,",주보 (2025-01-12)
2025-02-09,2025,2,성례,목회자 동정: 박승진 담임목사–미주 남침례회 한인교회 총회 '해외선교부 이사회' 참석,주보 (2025-02-09)
2025-02-14,2025,2,성례,"""IMB & 미주한인침례교 선교대회(2/14-2/16)""에 많은 분들이 참석하고, 강사님들이",주보 (2025-01-26)
2025-02-14,2025,2,성례,"“미주한인침례교 선교대회(2/14~16)”에서 받은 은혜를 잘 간직하고, 작정한 내용을 잘",주보 (2025-02-16)
2025-04-13,2025,4,회의/의회,"선교 헌신자 훈련: 4/13(주일)까지. 1pm(4주간), 본당. *3/30(오늘)은 제직회 관계로 휴강",주보 (2025-03-30)
2025-04-20,2025,4,성례,부활절예배 때 침례 받기를 원하는 분들은 교회 사무실 또는 큐알,주보 (2025-02-23)
2025-04-20,2025,4,기타행사,고난주간 특별새벽기도회와 성금요예배/수난절 칸타타를 위해 섬겨 주시고 참여해,주보 (2025-04-20)
2025-04-20,2025,4,성례,"오늘 3부 예배 시 침례식이 있습니다. (침례자: KM-이민우, EM-김영아, 서채윤)",주보 (2025-04-20)
2025-04-26,2025,4,특별행사,". 본당 음악회 준비를 위한 자원봉사자 모집: 장애인을 위한 라이드: OO 명(음악회 전, 후) OO 명(음악회 전/후), 테이블 세팅 및 장식: OO 명(음악회 전)",주보 (2025-04-06)
2025-04-27,2025,4,특별행사,장애인과 함께 하는 음악회를 위해 섬기고 참여하신 모든 성도님들에게 감사드립니다.,주보 (2025-04-27)
2025-06-07,2025,6,훈련/수련회,커넥트 리트릿 관계로 6/7(토)에는 목자 모임이 없습니다.,주보 (2025-06-01)
2025-06-10,2025,6,성례,"박승진 담임목사 남침례교단 총회 참석(6/10~6/14, Dallas)",주보 (2025-06-08)
2025-06-15,2025,6,기타행사,"지구촌 가정들이 믿음의 가정으로 세워지고, 특별히 아버지들이 영육간에 강건하도록",주보 (2025-06-15)
2025-06-22,2025,6,목회자 사임,장한중 목사님이 6/22(오늘)에 사임하고 산호세한인침례교회 담임목사로,주보 (2025-06-22)
2025-07-06,2025,7,선교,유라시아 샬롬 단기선교팀 파송식: 7/6(오늘) 3부예배 시.,주보 (2025-07-06)
2025-07-06,2025,7,선교,목회자 동정: 박승진 담임목사-유라시아 샬롬 단기선교 (7/6~16),주보 (2025-07-06)
2025-07-13,2025,7,선교,밀알 사랑의 캠프 단기선교팀 파송식: 7/13(오늘) 2부예배 시.,주보 (2025-07-13)
2025-07-17,2025,7,훈련/수련회,목회자 동정: 박승진 담임목사-밀알 사랑의 캠프 주강사 (7/17~19),주보 (2025-07-13)
2025-07-20,2025,7,선교,목회자 동정: 서효현 목사 - 북미원주민 단기선교 (7/20~26),주보 (2025-07-20)
2025-07-27,2025,7,회의/의회,"정기 제직회: 7/27(주일) 1:15pm. 본당. *안건: 5,6월 회계 보고",주보 (2025-07-13)
2025-08-24,2025,8,목회자 부임,부임: 유영익 목사가 8/24부로 소망회/시니어 및 장례 담당 파트타임 부목사로 부임합니다.,주보 (2025-08-24)
2025-08-31,2025,8,선교,"단기선교팀 펀드레이징: 8/31(오늘), 다목적 대강당. 스무디와 디저트류를 판매합니다.",주보 (2025-08-31)
2025-09-07,2025,9,선교,"단기선교팀 펀드레이징 보고: 총 모금액 $1,813.57. 참여해 주신 모든 분들게",주보 (2025-09-07)
2025-09-07,2025,9,목회자 부임,목회자 동정: 박성현 목사가 9/7(오늘)부로 부임합니다.,주보 (2025-09-07)
2025-09-07,2025,9,기타행사,새롭게 개편되는 지구촌 양육훈련에 많은 성도들이 기쁨으로 참여하여,주보 (2025-09-07)
2025-09-14,2025,9,기타행사,새롭게 개편된 지구촌 양육훈련에 많은 성도들이 기쁨으로 참여하여,주보 (2025-09-14)
2025-09-26,2025,9,부흥회/집회,목회자 동정: 박승진 담임목사 ‘타이드워터한인침례교회 50주년 부흥회’ 인도 (9/26~9/28),주보 (2025-09-21)
2025-09-30,2025,9,훈련/수련회,더 커넥트 리트릿: 9/30까지 계속 등록 받습니다. (8/31까지 1차 등록비 $160을 적용),주보 (2025-08-31)
2025-10-01,2025,10,선교,강현창 목사-베트남 단기선교 (10/1~10/13),주보 (2025-10-05)
2025-10-05,2025,10,회의/의회,"사무총회(10/5) 가운데 주님의 선하신 뜻이 이루어지고, 성도들의 마음이",주보 (2025-09-28)
2025-11-07,2025,11,창립,창립 51주년 기념 부흥회 및 예배: 11/7(금)~11/9(토) 주제: 하나님의 나라를 구하라 강사: 정승룡 목사 (리치몬드침례교회 담임),주보 (2025-11-02)
2025-11-07,2025,11,창립,"창립 51주년 기념 예배(11/9, 3pm)",주보 (2025-11-02)
2025-11-16,2025,11,기타행사,"‘추수감사 특별 새벽기도회’에 많은 성도들이 기쁨으로 참석하고, 하나님께",주보 (2025-11-16)
2025-12-05,2025,12,훈련/수련회,더 커넥트 리트릿: 12/5(금)~7(주일) *Sandy Cove 수양관,주보 (2025-06-22)
2025-12-05,2025,12,훈련/수련회,"더 커넥트 리트릿( 12/5~12/7 )의 강사와 봉사자들에게 성령 충만함을 주시고,",주보 (2025-11-30)
2025-12-07,2025,12,선교,파송/후원 선교사를 위한 성탄카드 작성: 12/7(오늘)~14(주일) 다목적 대강당.,주보 (2025-12-07)
2025-12-07,2025,12,회의/의회,"년 목회 계획, 인선 및 예산이 주님의 은혜로 순조롭게 세워지도록",주보 (2025-12-07)
2025-12-14,2025,12,회의/의회,안건: 2026 예산안 승인안.,주보 (2025-11-30)
2025-12-14,2025,12,성례,라티문 선교 헌금: 12/14(주일)~12/25(목) *전액 IMB 선교사를 위해 사용됩니다. 10 .성탄절 예배 및 침례식: 12/25(목) 10am. 자녀들과 함께 예배 드립니다.,주보 (2025-12-07)
2025-12-14,2025,12,선교,"파송/후원 선교사를 위한 성탄카드 작성: 12/14(오늘)까지, 다목적 대강당.",주보 (2025-12-14)
2025-12-14,2025,12,회의/의회,"년 목회 계획, 인선 및 예산이 주님의 은혜로 순조롭게 세워지도록",주보 (2025-12-14)
2025-12-20,2025,12,특별행사,"히스패닉 이웃 사랑 잔치: 12/20(토) 4:30pm, 다목적 대강당.",주보 (2025-11-30)
2025-12-25,2025,12,성례,/25 성탄절 에배 때 침례 받을 분들은 교회사무실 또는 교회 QR코드로,주보 (2025-11-09)
2025-12-25,2025,12,성례,침례 신청: 12/25(목) 성탄절 예배 때 침례 받을 분들은 12/11(목)까지 교회사무실 또는 QR코드로 신청해 주세요. *침례자 교육: 12/13(토) & 12/20(토) (문의: 강현창 목사),주보 (2025-12-07)
2025-12-29,2025,12,기타행사,연말연시 특별새벽기도회 일시: 12/29(월)-1/3(토) 오전 6시,주보 (2025-12-07)
2025-12-29,2025,12,훈련/수련회,"연말연시 특별새벽기도회(12/29~1/3), 직분자 산상수련회(1/3), (1/5~1/9) 에 많은 성도들이 기쁨으로 참여하고, ‘말씀과 기도로",주보 (2025-12-28)
2026-01-05,2026,1,부흥회/집회,"신년 성경통독 집회 개최 (1/5~9, 성도 136명 참석).",주보 (2026-01-11)
2026-01-25,2026,1,회의/의회,"정기 제직회(1/11) 및 사무총회(1/25) 개최: 2025년도 결산 승인, 2026년도 예산 승인, 2026년도 섬기는 이들(인선) 인준.",주보 (2026-01-11)
2026-02-02,2026,2,선교,"과테말라 샬롬 라틴 아메리카 단기선교 답사 (2/2~5, 박성현 목사).",주보 (2026-02-01)
